IR_normalized,I_normalized,case,parameter_set,phase_ratio_nRIR_over_n2I,t_fs
5.254202911742202e-177,4.04317461195222e-174,40fs,P1_implemented,0.0038319300844094806,0.0
3.479525170935377e-175,2.5597578165620432e-172,40fs,P1_implemented,0.004008245724719852,2.5
2.160249198471497e-173,1.585871778956359e-170,40fs,P1_implemented,0.004016696475567814,5.0
1.3110680888810556e-171,9.614574663320193e-169,40fs,P1_implemented,0.004020947510474556,7.5
7.786444242981421e-170,5.704070631151873e-167,40fs,P1_implemented,0.004025200489380045,10.0
4.525387875335471e-168,3.3115592165681205e-165,40fs,P1_implemented,0.0040295497015877665,12.5
2.5738045626635507e-166,1.881364603745593e-163,40fs,P1_implemented,0.004033999414737815,15.0
1.432513365914891e-164,1.0459386824234742e-161,40fs,P1_implemented,0.004038552110974876,17.5
7.802349340678503e-163,5.690262398682333e-160,40fs,P1_implemented,0.004043210300522162,20.0
4.158684089196861e-161,3.0293620123523323e-158,40fs,P1_implemented,0.004047976559704844,22.5
2.1691547933383937e-159,1.5782030165895993e-156,40fs,P1_implemented,0.004052853533689442,25.0
1.1072086828086807e-157,8.045765597133974e-155,40fs,P1_implemented,0.004057843938602069,27.5
5.53060955762824e-156,4.013882870148642e-153,40fs,P1_implemented,0.004062950563708278,30.0
2.7034687653847918e-154,1.9595431308814316e-151,40fs,P1_implemented,0.004068176273671848,32.5
1.2932271655256959e-152,9.3613346688406e-150,40fs,P1_implemented,0.004073524010895705,35.0
6.053877933352766e-151,4.3763649263964486e-148,40fs,P1_implemented,0.004078996797948405,37.5
2.7733083422217686e-149,2.0020830951831156e-146,40fs,P1_implemented,0.004084597740080611,40.0
1.2432790002232323e-147,8.962795369261129e-145,40fs,P1_implemented,0.004090330027834357,42.5
5.4543784957941475e-146,3.9264283446856186e-143,40fs,P1_implemented,0.004096196939750133,45.0
2.3416850120609303e-144,1.6832347324472557e-141,40fs,P1_implemented,0.004102201845175055,47.5
9.838265003749337e-143,7.061297421214714e-140,40fs,P1_implemented,0.0041083482071781734,50.0
4.044973716419075e-141,2.8987925556130015e-138,40fs,P1_implemented,0.004114639585575655,52.5
1.627497600822342e-139,1.1645082857355323e-136,40fs,P1_implemented,0.004121079640072335,55.0
6.408151952342886e-138,4.577842442115459e-135,40fs,P1_implemented,0.004127672133524437,57.49999999999999
2.4691835214690455e-136,1.761050914342121e-133,40fs,P1_implemented,0.004134420935327877,60.0
9.310701500531979e-135,6.629423992879918e-132,40fs,P1_implemented,0.004141330024940387,62.5
3.435739675775723e-133,2.4421508804467998e-130,40fs,P1_implemented,0.004148403495540273,65.0
1.2407013825203202e-131,8.803634440724803e-129,40fs,P1_implemented,0.004155645557831271,67.5
4.384537772282106e-130,3.1055914487241712e-127,40fs,P1_implemented,0.0041630605439976365,70.0
1.5163179344259612e-128,1.0720608987946802e-125,40fs,P1_implemented,0.004170652911818468,72.5
5.131768005044942e-127,3.6214909399087454e-124,40fs,P1_implemented,0.004178427248947867,75.0
1.6996301821206956e-125,1.1971488768243491e-122,40fs,P1_implemented,0.004186388277368274,77.5
5.508748308858431e-124,3.872591914849733e-121,40fs,P1_implemented,0.004194540858026556,80.0
1.7472816214468958e-122,1.2258804498680169e-119,40fs,P1_implemented,0.004202889995659995,82.5
5.423564229441479e-121,3.797408483805678e-118,40fs,P1_implemented,0.004211440843822873,85.0
1.647475608089749e-119,1.1511166249108782e-116,40fs,P1_implemented,0.004220198710122332,87.5
4.897404341822439e-118,3.4146339089941943e-115,40fs,P1_implemented,0.004229169061673953,90.0
1.4247089084597343e-116,9.912011196687242e-114,40fs,P1_implemented,0.0042383575307881425,92.5
4.0560190279232397e-115,2.8156082675613355e-112,40fs,P1_implemented,0.004247769920898006,95.0
1.130024762859629e-113,7.826642416177126e-111,40fs,P1_implemented,0.00425741221274229,97.5
3.080991839872493e-112,2.1289799200040947e-109,40fs,P1_implemented,0.004267290570813878,100.0
8.220689314916894e-111,5.6670944526351596e-108,40fs,P1_implemented,0.004277411350089223,102.5
2.1465525353373874e-109,1.4761896273832076e-106,40fs,P1_implemented,0.004287781103052191,105.0
5.4851804586726435e-108,3.7628478700134055e-105,40fs,P1_implemented,0.0042984065870266906,107.5
1.3716930972291106e-106,9.386074218842395e-104,40fs,P1_implemented,0.004309294771835758,110.0
3.3569135468004632e-105,2.2911003953627085e-102,40fs,P1_implemented,0.004320452847801936,112.5
8.039722869722629e-104,5.4726423784454864e-101,40fs,P1_implemented,0.004331888234108086,114.99999999999999
1.8843443961502995e-102,1.2792129010972095e-99,40fs,P1_implemented,0.004343608587537403,117.5
4.3221350770149756e-101,2.9260477216826863e-98,40fs,P1_implemented,0.004355621811611585,120.0
9.701878495166523e-100,6.549570053618195e-97,40fs,P1_implemented,0.004367936066150505,122.50000000000001
2.1312449579714616e-98,1.4346203636550987e-95,40fs,P1_implemented,0.004380559777273551,125.0
4.5817518459177733e-97,3.075062896855087e-94,40fs,P1_implemented,0.004393501647867597,127.50000000000001
9.639423136678986e-96,6.450061089241159e-93,40fs,P1_implemented,0.004406770668548262,130.0
1.9846889737078873e-94,1.3239343957222044e-91,40fs,P1_implemented,0.004420376129137908,132.5
3.999046552671148e-93,2.6592668223246743e-90,40fs,P1_implemented,0.0044343276306932165,135.0
7.885763143485591e-92,5.22697205046457e-89,40fs,P1_implemented,0.004448635098109571,137.5
1.5217908000638264e-90,1.0053823416929757e-87,40fs,P1_implemented,0.00446330879333506,140.0
2.8740270061119916e-89,1.8923660195615276e-86,40fs,P1_implemented,0.004478359329230704,142.5
5.311927321044519e-88,3.4855542093571114e-85,40fs,P1_implemented,0.004493797684110108,145.0
9.608144694036024e-87,6.282483471475202e-84,40fs,P1_implemented,0.004509635216999708,147.5
1.700802303768762e-85,1.108112057419724e-82,40fs,P1_implemented,0.0045258836836608515,150.0
2.9464278043532443e-84,1.9126205553062116e-81,40fs,P1_implemented,0.004542555253416194,152.5
4.995353619018741e-83,3.2304778675876453e-80,40fs,P1_implemented,0.004559662526830201,155.0
8.288309310479741e-82,5.339462413352705e-79,40fs,P1_implemented,0.004577218554291056,157.5
1.345847270755855e-80,8.636168555094742e-78,40fs,P1_implemented,0.004595236855549444,160.0
2.1387330311002243e-79,1.3669023778183129e-76,40fs,P1_implemented,0.004613731440270733,162.5
3.3262066114391976e-78,2.1171259753023026e-75,40fs,P1_implemented,0.004632716829660827,165.0
5.062611632596491e-77,3.208844818241278e-74,40fs,P1_implemented,0.004652208079232543,167.5
7.541082068112894e-76,4.7593050469208667e-73,40fs,P1_implemented,0.0046722208027800095,170.0
1.099328097197791e-74,6.907663628197244e-72,40fs,P1_implemented,0.0046927711976372955,172.5
1.568399014434085e-73,9.81096289902554e-71,40fs,P1_implemented,0.004713876071300479,175.0
2.1898902725071554e-72,1.3635934240873675e-69,40fs,P1_implemented,0.004735552869497379,177.5
2.9924418719466615e-71,1.8546030753437235e-68,40fs,P1_implemented,0.004757819705798172,180.0
4.0019135746315206e-70,2.4683677618010113e-67,40fs,P1_implemented,0.004780695392863131,182.5
5.237805489696936e-69,3.214856322752687e-66,40fs,P1_implemented,0.004804199475433572,185.0
6.709216371282998e-68,4.097378494629236e-65,40fs,P1_implemented,0.004828352265177948,187.5
8.41077701372088e-67,5.1102648820535023e-64,40fs,P1_implemented,0.004853174877513806,190.0
1.0319139349204993e-65,6.236968523100268e-63,40fs,P1_implemented,0.004878689270536382,192.5
1.2390677366096776e-64,7.448974807396534e-62,40fs,P1_implemented,0.004904918286192002,195.0
1.4561028115464078e-63,8.705871875623537e-61,40fs,P1_implemented,0.0049318856938473385,197.5
1.674694868660995e-62,9.95682444457815e-60,40fs,P1_implemented,0.004959616236415169,200.0
1.885069061270988e-61,1.1143516000797958e-58,40fs,P1_implemented,0.004988135679209888,202.5
2.0766727804292516e-60,1.2204400324439147e-57,40fs,P1_implemented,0.0050174708617214655,205.0
2.2390275647098565e-59,1.3079871012156541e-56,40fs,P1_implemented,0.005047649752507495,207.5
2.3626682517702784e-58,1.3717762838948118e-55,40fs,P1_implemented,0.0050787015074210875,210.0
2.4400537500695127e-57,1.4078485307012942e-54,40fs,P1_implemented,0.0051106565314114,212.5
2.466327963607614e-56,1.4139087633983193e-53,40fs,P1_implemented,0.00514354654414571,215.0
2.4398241698022516e-55,1.3895675165326348e-52,40fs,P1_implemented,0.005177404649731393,217.5
2.3622400127755826e-54,1.3363823550460946e-51,40fs,P1_implemented,0.0052122654108305855,220.0
2.2384575677149196e-53,1.2576929457366528e-50,40fs,P1_implemented,0.005248164927488268,222.5
2.0760349864977934e-52,1.1582740589758984e-49,40fs,P1_implemented,0.005285140921022603,225.0
1.8844433031725605e-51,1.0438566141675364e-48,40fs,P1_implemented,0.0053232328233487,227.5
1.6741554509919186e-50,9.205834807431894e-48,40fs,P1_implemented,0.005362481872147568,229.99999999999997
1.4557088599422971e-49,7.944714960708699e-47,40fs,P1_implemented,0.005402931212319654,232.50000000000003
1.2388567613001398e-48,6.7094400333768346e-46,40fs,P1_implemented,0.005444626004202842,235.0
1.0318993272387784e-47,5.54481478302343e-45,40fs,P1_implemented,0.005487613539076269,237.5
8.412500752876988e-47,4.484155085839422e-44,40fs,P1_implemented,0.005531943362518203,240.0
6.71253245142676e-46,3.5486814611348836e-43,40fs,P1_implemented,0.005577667406232561,242.49999999999997
5.242315728544298e-45,2.7481866376710957e-42,40fs,P1_implemented,0.005624840129018565,245.00000000000003
4.007167506398923e-44,2.0826593586599729e-41,40fs,P1_implemented,0.0056735186676137575,247.5
2.9979989947928738e-43,1.544482790246058e-40,40fs,P1_implemented,0.005723762998211031,250.0
2.195367885486292e-42,1.1208325048907138e-39,40fs,P1_implemented,0.005775636109521643,252.49999999999997
1.5735016719810798e-41,7.959598724970623e-39,40fs,P1_implemented,0.005829204188337318,255.00000000000003
1.1038587234280178e-40,5.53139207203716e-38,40fs,P1_implemented,0.0058845368186354295,257.5
7.579639275223692e-40,3.761581922631434e-37,40fs,P1_implemented,0.0059417071953664635,260.0
5.094185845874717e-39,2.5032222998648686e-36,40fs,P1_implemented,0.006000792354177494,262.5
3.3511568559625194e-38,1.6301258188739242e-35,40fs,P1_implemented,0.006061873418440805,265.0
2.157799302962036e-37,1.038808861615787e-34,40fs,P1_implemented,0.0061250358650950295,267.5
1.3599606398410785e-36,6.478030345060284e-34,40fs,P1_implemented,0.006190369810952184,270.0
8.38964122058655e-36,3.953148445956369e-33,40fs,P1_implemented,0.006257970321289717,272.5
5.065998360917422e-35,2.360674346420289e-32,40fs,P1_implemented,0.006327937742732325,275.0
2.994292658043255e-34,1.3795004635804656e-31,40fs,P1_implemented,0.006400378062628691,277.5
1.7323435457933452e-33,7.888609052210328e-31,40fs,P1_implemented,0.006475403297359824,280.0
9.810417862237619e-33,4.4144014834575936e-30,40fs,P1_implemented,0.006553131912266659,282.5
5.438234479382002e-32,2.417330530734421e-29,40fs,P1_implemented,0.006633689276169691,285.0
2.9508601745459127e-31,1.2953676827709456e-28,40fs,P1_implemented,0.0067172081537710555,287.5
1.5673394440272992e-30,6.7927071471017025e-28,40fs,P1_implemented,0.00680382923958213,290.0
8.14900892269667e-30,3.4856641308083725e-27,40fs,P1_implemented,0.006893701737420613,292.5
4.1474151597450207e-29,1.750334270107217e-26,40fs,P1_implemented,0.0069869839899643505,295.0
2.0662603053113304e-28,8.601006330030146e-26,40fs,P1_implemented,0.007083844163353376,297.5
1.0077001171198666e-27,4.13590306276516e-25,40fs,P1_implemented,0.007184460992395483,300.0
4.810834646064177e-27,1.9461855683176783e-24,40fs,P1_implemented,0.007289024592565489,302.5
2.248312274144191e-26,8.961711462948973e-24,40fs,P1_implemented,0.007397737345708152,305.0
1.0285947486061368e-25,4.038224681096516e-23,40fs,P1_implemented,0.0075108148671617974,307.5
4.606679455678564e-25,1.7806674223698252e-22,40fs,P1_implemented,0.0076284870629415085,310.0
2.0197258501310303e-24,7.683656836383156e-22,40fs,P1_implemented,0.007750999286655288,312.5
8.668869966735372e-24,3.2444861166020607e-21,40fs,P1_implemented,0.007878613607009546,315.0
3.642531111701334e-23,1.3406539512355657e-20,40fs,P1_implemented,0.00801161019809653,317.5
1.4983733691693777e-22,5.421010862427569e-20,40fs,P1_implemented,0.00815028886618425,320.0
6.034180535897074e-22,2.1450463219768756e-19,40fs,P1_implemented,0.0082949707284671,322.5
2.3790508914389154e-21,8.305884458501104e-19,40fs,P1_implemented,0.008446000061220853,325.0
9.182951121584367e-21,3.1472258401826113e-18,40fs,P1_implemented,0.008603746337073892,327.5
3.4702446263213657e-20,1.1669782019243151e-17,40fs,P1_implemented,0.00876860647371327,330.0
1.2839366889813877e-19,4.234385483205408e-17,40fs,P1_implemented,0.008941007319321704,332.5
4.65092697809018e-19,1.5035256894356909e-16,40fs,P1_implemented,0.009121408403482842,335.0
1.64950942300028e-18,5.224252104919653e-16,40fs,P1_implemented,0.009310304986239018,337.5
5.727917097298585e-18,1.7763568394002777e-15,40fs,P1_implemented,0.009508231442549038,340.0
1.947479436933643e-17,5.9105665440269306e-15,40fs,P1_implemented,0.009715765024672045,342.5
6.483226569752427e-17,1.924512882477682e-14,40fs,P1_implemented,0.009933530051106726,345.0
2.1132942010051627e-16,6.132045187752806e-14,40fs,P1_implemented,0.010162202577814212,347.5
6.745091202418665e-16,1.9119770860328002e-13,40fs,P1_implemented,0.010402515615697208,350.0
2.1080642976270612e-15,5.833817413435082e-13,40fs,P1_implemented,0.010655264967924735,352.5
6.451452814899385e-15,1.7418702203914818e-12,40fs,P1_implemented,0.01092131577192086,355.0
1.9333869263947266e-14,5.089458400246527e-12,40fs,P1_implemented,0.011201609843987739,357.5
5.673852279181553e-14,1.4551915228366858e-11,40fs,P1_implemented,0.011497173939951916,360.0
1.6305953205813955e-13,4.071566720197273e-11,40fs,P1_implemented,0.011809129063371697,362.5
4.589176364012202e-13,1.1147969410505489e-10,40fs,P1_implemented,0.012138700974226441,365.0
1.2648986914974586e-12,2.986914515678748e-10,40fs,P1_implemented,0.012487232076278,367.5
3.4144585524254256e-12,7.831458144390219e-10,40fs,P1_implemented,0.012856194891244361,370.0
9.02706111507093e-12,2.009348567122817e-09,40fs,P1_implemented,0.01324720736347808,372.5
2.3374557095308868e-11,5.044995050642303e-09,40fs,P1_implemented,0.01366205028119791,375.0
5.928265678961915e-11,1.2395356448939122e-08,40fs,P1_implemented,0.014102687150896511,377.5
1.4727016893727175e-10,2.980232238769551e-08,40fs,P1_implemented,0.014571286922100742,380.0
3.5836140760110004e-10,7.011872480215363e-08,40fs,P1_implemented,0.015070250032395578,382.5
8.542095001153652e-10,1.6143984162055177e-07,40fs,P1_implemented,0.015602238330212227,385.0
1.99463145423281e-09,3.6373094338048876e-07,40fs,P1_implemented,0.01617020953870589,387.5
4.562842627828998e-09,8.019413139855606e-07,40fs,P1_implemented,0.01677745705229622,390.0
1.02259457680028e-08,1.7302057032589052e-06,40fs,P1_implemented,0.017427656013346348,392.5
2.2453729780796374e-08,3.6529666164343784e-06,40fs,P1_implemented,0.01812491680663745,395.0
4.830740235648165e-08,7.547210794021535e-06,40fs,P1_implemented,0.01887384734203182,397.5
1.0183654857882938e-07,1.525878906250017e-05,40fs,P1_implemented,0.019679625781567695,400.0
2.1037038745107448e-07,3.018884317608593e-05,40fs,P1_implemented,0.020548085719532334,402.5
4.2587712159273887e-07,5.844746586295039e-05,40fs,P1_implemented,0.021485816259912246,405.0
8.449527078355721e-07,0.00011073316500856959,40fs,P1_implemented,0.022500279976823263,407.5
1.6430865747223643e-06,0.00020529697638030364,40fs,P1_implemented,0.023599952418228425,410.0
3.131858348022452e-06,0.00037246048602161913,40fs,P1_implemented,0.024794487657732137,412.5
5.851851971660612e-06,0.0006612575912777836,40fs,P1_implemented,0.02609491546060365,415.0
1.071945008272935e-05,0.0011488251871584823,40fs,P1_implemented,0.02751387696983847,417.5
1.92522145573803e-05,0.001953125,40fs,P1_implemented,0.02906590751637313,420.0
3.390485040258874e-05,0.003249368320950685,40fs,P1_implemented,0.030767777320319267,422.5
5.8554865302540716e-05,0.005290060730222275,40fs,P1_implemented,0.03263890361710627,425.0
9.918239639062227e-05,0.008427818732477525,40fs,P1_implemented,0.03470185129953685,427.5
0.00016478996855598445,0.013139006488339312,40fs,P1_implemented,0.036982943762220104,430.0
0.0002686022086053487,0.020044844001230914,40fs,P1_implemented,0.03951301160194798,432.5
0.0004295694523867268,0.029925102521830636,40fs,P1_implemented,0.04232831461645378,435.0
0.0006741696833568415,0.0437181147668224,40fs,P1_implemented,0.04547168276580069,437.5
0.0010384584101924329,0.06250000000000017,40fs,P1_implemented,0.048993935250104405,440.0
0.0015702562487615425,0.08743622953364458,40fs,P1_implemented,0.05295565476125667,442.5
0.002331292782039202,0.1197004100873224,40fs,P1_implemented,0.05742941787000329,445.0
0.003399050520211414,0.16035875200984792,40fs,P1_implemented,0.06250261461832128,447.5
0.0048679864894200535,0.21022410381342924,40fs,P1_implemented,0.06828103378767943,450.0
0.006849766456180173,0.2696901994392804,40fs,P1_implemented,0.07489344935729529,452.5
0.009472144516817613,0.33856388673422333,40fs,P1_implemented,0.08249752452634239,455.0
0.01287617312587685,0.41591914508168554,40fs,P1_implemented,0.09128746117136757,457.5
0.017211544000688837,0.4999999999999994,40fs,P1_implemented,0.10150397743995992,459.99999999999994
0.022630037424710116,0.5881984958251415,40fs,P1_implemented,0.11344741274931595,462.5
0.029277282790854564,0.6771277734684487,40fs,P1_implemented,0.12749506465061075,465.00000000000006
0.03728328080093209,0.7627990753722692,40fs,P1_implemented,0.14412429541966437,467.5
0.04675237165424652,0.8408964152537158,40fs,P1_implemented,0.16394356658116313,470.0
0.05775351336960111,0.9071260877501989,40fs,P1_implemented,0.18773445475130146,472.49999999999994
0.07031182259210958,0.957603280698574,40fs,P1_implemented,0.216509004786594,475.0
0.0844023003670916,0.989228013193976,40fs,P1_implemented,0.251588688033569,477.50000000000006
0.09994650875045559,1.0,40fs,P1_implemented,0.2947140642641639,480.0
0.11681269357084183,0.9892280131939751,40fs,P1_implemented,0.34819847555498734,482.5
0.13481949777468943,0.957603280698574,40fs,P1_implemented,0.4151454792796412,484.99999999999994
0.15374302779748467,0.9071260877501989,40fs,P1_implemented,0.4997594399264218,487.5
0.17332667836859716,0.8408964152537128,40fs,P1_implemented,0.6077936333489309,490.00000000000006
0.1932928414803982,0.7627990753722692,40fs,P1_implemented,0.7472034110080463,492.49999999999994
0.21335546189651372,0.677127773468445,40fs,P1_implemented,0.9291083671382983,495.0
0.23323237316095777,0.5881984958251415,40fs,P1_implemented,1.1692251677675958,497.49999999999994
0.25265645036445006,0.4999999999999994,40fs,P1_implemented,1.4900252200980406,500.0
0.27138482405592995,0.41591914508168226,40fs,P1_implemented,1.924021318004548,502.50000000000006
0.2892056743143597,0.33856388673422333,40fs,P1_implemented,2.51883321327557,504.99999999999994
0.3059424197405705,0.2696901994392791,40fs,P1_implemented,3.345089685271777,507.5
0.3214553902370441,0.21022410381342696,40fs,P1_implemented,4.508908644202594,510.00000000000006
0.33564129180247515,0.16035875200984706,40fs,P1_implemented,6.171858343023662,512.5
0.34843091683944855,0.11970041008732092,40fs,P1_implemented,8.583299736594313,515.0
0.3597856199411788,0.08743622953364458,40fs,P1_implemented,12.133486552081276,517.5
0.3696930746598036,0.0624999999999997,40fs,P1_implemented,17.441929676257484,520.0
0.3781627678843132,0.043718114766821775,40fs,P1_implemented,25.506482773671515,522.5
0.38522159568192516,0.029925102521830397,40fs,P1_implemented,37.95842746377941,525.0
0.3909098180026599,0.020044844001230744,40fs,P1_implemented,57.50520166700902,527.5
0.3952775262866684,0.013139006488339312,40fs,P1_implemented,88.71005106213703,530.0
0.39838168936866236,0.008427818732477457,40fs,P1_implemented,139.385441852833,532.5
0.4002837752868361,0.0052900607302221675,40fs,P1_implemented,223.12105908835295,535.0
0.4010479010574344,0.003249368320950653,40fs,P1_implemented,363.94062701938805,537.5
0.4007394370994161,0.0019531249999999811,40fs,P1_implemented,605.0137963183039,540.0
0.39942398372609494,0.0011488251871584823,40fs,P1_implemented,1025.2113925833385,542.5
0.3971666392114072,0.000661257591277776,40fs,P1_implemented,1771.0683599285926,545.0
0.39403148789941006,0.0003724604860216105,40fs,P1_implemented,3119.4925752784843,547.5
0.3900812489907069,0.0002052969763803011,40fs,P1_implemented,5602.808188594355,550.0
0.38537703937787865,0.00011073316500856802,40fs,P1_implemented,10262.220834647032,552.5
0.3799782155809366,5.844746586295039e-05,40fs,P1_implemented,19170.182451239067,555.0
0.3739422696382744,3.018884317608545e-05,40fs,P1_implemented,36525.09226124265,557.5
0.3673247615078458,1.5258789062499707e-05,40fs,P1_implemented,70984.47411719344,560.0
0.36017927625733137,7.547210794021428e-06,40fs,P1_implemented,140723.12615112818,562.5
0.3525573983815531,3.6529666164343462e-06,40fs,P1_implemented,284588.5105776669,565.0
0.3445086983460462,1.7302057032589052e-06,40fs,P1_implemented,587131.9117657725,567.5
0.33608072826286134,8.019413139855491e-07,40fs,P1_implemented,1235760.346005514,570.0
0.3273190247470659,3.637309433804784e-07,40fs,P1_implemented,2653531.410493488,572.5
0.31826711770191185,1.6143984162055177e-07,40fs,P1_implemented,5813186.83810505,575.0
0.30896654419696207,7.011872480215239e-08,40fs,P1_implemented,12993037.123786561,577.5
0.2994568668455209,2.980232238769551e-08,40fs,P1_implemented,29629027.78673378,580.0
0.2897756962262891,1.23953564489389e-08,40fs,P1_implemented,68934427.18525815,582.5
0.27995871697336056,5.044995050642142e-09,40fs,P1_implemented,163631338.65400362,585.0
0.2700397172049095,2.009348567122817e-09,40fs,P1_implemented,396283140.724068,587.5
0.260050620989413,7.831458144390052e-10,40fs,P1_implemented,979148352.1316242,590.0
0.25002152356750795,2.986914515678748e-10,40fs,P1_implemented,2468242563.486243,592.5
0.23998072906215454,1.1147969410505251e-10,40fs,P1_implemented,6347662583.870712,595.0
0.229954790422048,4.071566720197114e-11,40fs,P1_implemented,16653830441.917458,597.5
0.21996855135437476,1.4551915228366858e-11,40fs,P1_implemented,44573185409.14323,600.0
0.21004519001361935,5.0894584002464185e-12,40fs,P1_implemented,121695467990.27643,602.5
0.2002062642234596,1.7418702203914012e-12,40fs,P1_implemented,338918363636.0868,605.0
0.1904717580189481,5.833817413434957e-13,40fs,P1_implemented,962744377808.0735,607.5
0.18086012930620163,1.9119770860327118e-13,40fs,P1_implemented,2789288184406.21,610.0
0.17138835844672243,6.132045187752806e-14,40fs,P1_implemented,8241555847672.407,612.5
0.16207199758323904,1.9245128824776344e-14,40fs,P1_implemented,24832497231351.887,615.0
0.15292522053357366,5.910566544026636e-15,40fs,P1_implemented,76292744399388.17,617.5
0.14396087308850164,1.7763568394002396e-15,40fs,P1_implemented,238972261075932.0,620.0
0.1351905235588531,5.224252104919504e-16,40fs,P1_implemented,763054146906850.2,622.5
0.1266245134262051,1.5035256894356909e-16,40fs,P1_implemented,2483362792608261.5,625.0
0.11827200796041189,4.234385483205287e-17,40fs,P1_implemented,8236160691722994.0,627.5
0.11014104667591361,1.1669782019242404e-17,40fs,P1_implemented,2.783041540007549e+16,630.0
0.10223859350723555,3.1472258401825443e-18,40fs,P1_implemented,9.579000397028322e+16,632.5
0.09457058659233995,8.305884458500868e-19,40fs,P1_implemented,3.357402664326849e+17,635.0
0.0871419875605063,2.1450463219768756e-19,40fs,P1_implemented,1.197909528451625e+18,637.5
0.07995683022919252,5.4210108624274144e-20,40fs,P1_implemented,4.349191440539577e+18,640.0
0.07301826862186273,1.3406539512354801e-20,40fs,P1_implemented,1.6060093588742713e+19,642.5
0.0663286242260515,3.2444861166020144e-21,40fs,P1_implemented,6.02820902109342e+19,645.0
0.059889432417968874,7.683656836382993e-22,40fs,P1_implemented,2.298346322198933e+20,647.5
0.053701487986731355,1.7806674223698252e-22,40fs,P1_implemented,8.892763438587152e+20,650.0
0.047764889697829965,4.038224681096344e-23,40fs,P1_implemented,3.4877996816236083e+21,652.5
0.0420790838417174,8.9617114629484e-24,40fs,P1_implemented,1.3845497068576393e+22,655.0
0.03664290671941146,1.946185568317637e-24,40fs,P1_implemented,5.551865068557087e+22,657.5
0.031454626022772304,4.1359030627650723e-25,40fs,P1_implemented,2.2425772295918e+23,660.0
0.026511981072617923,8.601006330030146e-26,40fs,P1_implemented,9.089210197642653e+23,662.5
0.02181222188309688,1.7503342701071423e-26,40fs,P1_implemented,3.6746175440059873e+24,665.0
0.017352147025742923,3.48566413080815e-27,40fs,P1_implemented,1.4679150217418673e+25,667.5
0.0131281402713948,6.7927071471017025e-28,40fs,P1_implemented,5.698932989929645e+25,670.0
0.009136205992679747,1.2953676827709272e-28,40fs,P1_implemented,2.0797256988974413e+26,672.5
0.005372003314035017,2.417330530734421e-29,40fs,P1_implemented,6.552898906983469e+26,675.0
0.001830879000281677,4.414401483457468e-30,40fs,P1_implemented,1.2229847670839683e+27,677.5
-0.0014921009214260677,7.888609052209769e-31,40fs,P1_implemented,-5.577389802420443e+27,680.0
-0.0046021208078702615,1.3795004635804656e-31,40fs,P1_implemented,-9.837152350868954e+28,682.5
-0.007504586312490404,2.360674346420222e-32,40fs,P1_implemented,-9.373977563190899e+29,685.0
-0.010205096559644435,3.953148445956089e-33,40fs,P1_implemented,-7.61214809036736e+30,687.5
-0.012709417572562977,6.478030345060099e-34,40fs,P1_implemented,-5.785167051979914e+31,690.0
-0.015023456944420565,1.0388088616156983e-34,40fs,P1_implemented,-4.264493573428212e+32,692.5
-0.01715323973941697,1.6301258188739242e-35,40fs,P1_implemented,-3.1028320214706524e+33,695.0
-0.019104885608423883,2.5032222998647974e-36,40fs,P1_implemented,-2.2504960548172437e+34,697.5
-0.02088458710160143,3.761581922631113e-37,40fs,P1_implemented,-1.637150488935257e+35,700.0
-0.022498589158418583,5.531392072037003e-38,40fs,P1_implemented,-1.1993724691410036e+36,702.5
-0.023953169753715548,7.959598724970056e-39,40fs,P1_implemented,-8.873706328924846e+36,705.0
-0.025254621676818283,1.1208325048907138e-39,40fs,P1_implemented,-6.644057510963825e+37,707.5
-0.026409235419248608,1.544482790245992e-40,40fs,P1_implemented,-5.042036530575595e+38,710.0
-0.02742328314526223,2.0826593586597952e-41,40fs,P1_implemented,-3.882705392361684e+39,712.5
-0.028303003718284436,2.7481866376710568e-42,40fs,P1_implemented,-3.0368234064867606e+40,715.0
-0.029054588755292998,3.548681461134833e-43,40fs,P1_implemented,-2.414242819302061e+41,717.5
-0.029684169680313923,4.484155085839422e-44,40fs,P1_implemented,-1.951989667028775e+42,720.0
-0.03019780574744122,5.544814783023036e-45,40fs,P1_implemented,-1.6059113839476293e+43,722.5
-0.030601473003161263,6.709440033376262e-46,40fs,P1_implemented,-1.3448978193821357e+44,725.0
-0.030901054157248933,7.94471496070836e-47,40fs,P1_implemented,-1.146907012755321e+45,727.5
-0.03110232933110061,9.205834807431501e-48,40fs,P1_implemented,-9.962376977644402e+45,730.0
-0.031210967652072655,1.0438566141675364e-48,40fs,P1_implemented,-8.816569178508933e+46,732.5
-0.031232519662196537,1.158274058975816e-49,40fs,P1_implemented,-7.951131305922486e+47,735.0
-0.031172410509538576,1.2576929457365277e-50,40fs,P1_implemented,-7.308512517771276e+48,737.5
-0.031035933890456797,1.3363823550460946e-51,40fs,P1_implemented,-6.848056244715762e+49,740.0
-0.03082824671107463,1.3895675165324967e-52,40fs,P1_implemented,-6.541877477914182e+50,742.5
-0.030554364436435767,1.4139087633983193e-53,40fs,P1_implemented,-6.372136955205085e+51,745.0
-0.030219157096020775,1.4078485307011942e-54,40fs,P1_implemented,-6.329357809521081e+52,747.5
-0.02982734591458967,1.3717762838946754e-55,40fs,P1_implemented,-6.411572447604912e+53,750.0
-0.02938350053765973,1.3079871012156541e-56,40fs,P1_implemented,-6.624198002490499e+54,752.5
-0.028892036821330555,1.2204400324438105e-57,40fs,P1_implemented,-6.980635286068401e+55,755.0
-0.028357215156623383,1.1143516000797958e-58,40fs,P1_implemented,-7.503684591290972e+56,757.5
-0.027783139299004635,9.956824444577585e-60,40fs,P1_implemented,-8.22798895156995e+57,760.0
-0.027173755674310865,8.705871875622548e-61,40fs,P1_implemented,-9.203873228973613e+58,762.5
-0.02653285313287842,7.448974807396534e-62,40fs,P1_implemented,-1.0503176918510819e+60,765.0
-0.0258640631243034,6.236968523099913e-63,40fs,P1_implemented,-1.222802822860835e+61,767.5
-0.025170860265911258,5.1102648820535023e-64,40fs,P1_implemented,-1.4524054851133037e+62,770.0
-0.024456563278697187,4.097378494629119e-65,40fs,P1_implemented,-1.7600401622251972e+63,772.5
-0.02372433626520502,3.214856322752322e-66,40fs,P1_implemented,-2.176034296510605e+64,775.0
-0.022977190304539825,2.4683677618010113e-67,40fs,P1_implemented,-2.7448605718569816e+65,777.5
-0.02221798534045516,1.8546030753436707e-68,40fs,P1_implemented,-3.5325387425884695e+66,780.0
-0.021449432339216357,1.3635934240872126e-69,40fs,P1_implemented,-4.638356639978433e+67,782.5
-0.02067409569471394,9.810962899025261e-71,40fs,P1_implemented,-6.213669104239724e+68,785.0
-0.019894395859082967,6.907663628196852e-72,40fs,P1_implemented,-8.49244626057322e+69,787.5
-0.019112612177872943,4.7593050469208667e-73,40fs,P1_implemented,-1.1841582336110398e+71,790.0
-0.01833088590960556,3.208844818241096e-74,40fs,P1_implemented,-1.6844881993135269e+72,792.5
-0.017551223410352392,2.1171259753020618e-75,40fs,P1_implemented,-2.4445218704891086e+73,795.0
-0.016775499464759352,1.3669023778183129e-76,40fs,P1_implemented,-3.6188550969818594e+74,797.5
-0.01600546074573684,8.636168555093759e-78,40fs,P1_implemented,-5.464875896918202e+75,800.0
-0.015242729385822813,5.339462413352705e-79,40fs,P1_implemented,-8.417796820710993e+76,802.5
-0.014488806644008326,3.2304778675876453e-80,40fs,P1_implemented,-1.3225103516525516e+78,805.0
-0.013745076652589614,1.9126205553060485e-81,40fs,P1_implemented,-2.1191006297383196e+79,807.5
-0.013012810229376654,1.108112057419724e-82,40fs,P1_implemented,-3.4627461031307496e+80,810.0
-0.012293168741343195,6.282483471474309e-84,40fs,P1_implemented,-5.769865926238649e+81,812.5
-0.011587208006546725,3.4855542093571114e-85,40fs,P1_implemented,-9.802575479305088e+82,815.0
-0.010895882221877368,1.8923660195615276e-86,40fs,P1_implemented,-1.6978154935487085e+84,817.5
-0.010220047904911236,1.0053823416928899e-87,40fs,P1_implemented,-2.997470459171299e+85,820.0
-0.009560467838845314,5.22697205046457e-89,40fs,P1_implemented,-5.393394654183826e+86,822.5
-0.0089178150101768,2.659266822324221e-90,40fs,P1_implemented,-9.888485413762143e+87,825.0
-0.008292676529458927,1.3239343957222044e-91,40fs,P1_implemented,-1.846977025775409e+89,827.5
-0.007685557526117342,6.450061089241159e-93,40fs,P1_implemented,-3.513539036237677e+90,830.0
-0.007096885008945103,3.07506289685465e-94,40fs,P1_implemented,-6.8052956663972e+91,832.5
-0.006527011684510174,1.4346203636550987e-95,40fs,P1_implemented,-1.341561641894691e+93,835.0
-0.0059762197263062205,6.549570053617264e-97,40fs,P1_implemented,-2.6905867451114383e+94,837.5
-0.005444724488055342,2.9260477216826863e-98,40fs,P1_implemented,-5.486908742048878e+95,840.0
-0.004932678155129783,1.2792129010972095e-99,40fs,P1_implemented,-1.1370332959278704e+97,842.5
-0.004440173328598437,5.4726423784447085e-101,40fs,P1_implemented,-2.3924126380020887e+98,845.0
-0.003967246536922967,2.2911003953627085e-102,40fs,P1_implemented,-5.105970517089408e+99,847.5
-0.0035138816708274847,9.386074218841595e-104,40fs,P1_implemented,-1.1039168997449929e+101,850.0
-0.003080013337344957,3.7628478700134055e-105,40fs,P1_implemented,-2.413621523871862e+102,852.5
-0.00266553012950285,1.4761896273832076e-106,40fs,P1_implemented,-5.324449101872169e+103,855.0
-0.002270277808550059,5.667094452634194e-108,40fs,P1_implemented,-1.181277103919787e+105,857.5
-0.0018940623960470003,2.1289799200040947e-109,40fs,P1_implemented,-2.6233482668097556e+106,860.0
-0.0015366531735410422,7.826642416176459e-111,40fs,P1_implemented,-5.78940055369039e+107,862.5
-0.0011977855879304242,2.8156082675613355e-112,40fs,P1_implemented,-1.2544116674672263e+109,865.0
-0.0008771640609816719,9.912011196687242e-114,40fs,P1_implemented,-2.6094698232901872e+110,867.5
-0.0005744647018085578,3.414633908993612e-115,40fs,P1_implemented,-4.960808163552293e+111,870.0
-0.00028933792144518125,1.1511166249108782e-116,40fs,P1_implemented,-7.411724439964583e+112,872.5
-2.141094895205744e-05,3.797408483805678e-118,40fs,P1_implemented,-1.6625772482275384e+113,875.0
0.00022970975121740103,1.2258804498678776e-119,40fs,P1_implemented,5.525410463012834e+115,877.5
0.00046443616059159166,3.8725919148492925e-121,40fs,P1_implemented,3.536368594684146e+117,880.0
0.0006831964865442193,1.1971488768240769e-122,40fs,P1_implemented,1.6827929937322426e+119,882.5
0.0008864330401568325,3.6214909399087454e-124,40fs,P1_implemented,7.217582645430928e+120,885.0
0.0010746002113694974,1.0720608987946802e-125,40fs,P1_implemented,2.955702362173553e+122,887.5
0.0012481625405032976,3.105591448723818e-127,40fs,P1_implemented,1.1851138009836703e+124,890.0
0.0014075928850482253,8.803634440723803e-129,40fs,P1_implemented,4.714637383657807e+125,892.5
0.001553370680434711,2.4421508804462448e-130,40fs,P1_implemented,1.875581088410507e+127,895.0
0.0016859802933460622,6.629423992879918e-132,40fs,P1_implemented,7.499113584398459e+128,897.5
0.0018059094659819172,1.761050914342121e-133,40fs,P1_implemented,3.0238294717843747e+130,900.0
0.0019136478495490473,4.577842442114938e-135,40fs,P1_implemented,1.2326347690734054e+132,902.5
0.0020096856251348738,1.1645082857354e-136,40fs,P1_implemented,5.0888397675705e+133,905.0
0.0020945122100104884,2.8987925556126715e-138,40fs,P1_implemented,2.1305856245244415e+135,907.5
0.002168615047313225,7.061297421214714e-140,40fs,P1_implemented,9.055891194528241e+136,910.0
0.002232478476973456,1.6832347324472557e-141,40fs,P1_implemented,3.910892062931227e+138,912.5
0.0022865826856757767,3.926428344685172e-143,40fs,P1_implemented,1.7172062787307733e+140,915.0
0.002331402733580588,8.96279536925909e-145,40fs,P1_implemented,7.670206451190533e+141,917.5000000000001
0.002367407655477848,2.002083095183343e-146,40fs,P1_implemented,3.4867770785510436e+143,919.9999999999999
0.0023950596339998836,4.3763649263964486e-148,40fs,P1_implemented,1.6137491844951162e+145,922.5
0.0024148132424842432,9.3613346688406e-150,40fs,P1_implemented,7.60639738115138e+146,925.0
0.0024271147550500743,1.9595431308809863e-151,40fs,P1_implemented,3.652319119200341e+148,927.5
0.002432401521432036,4.0138828701479576e-153,40fs,P1_implemented,1.7869146302395973e+150,930.0000000000001
0.0024311014041038196,8.045765597134888e-155,40fs,P1_implemented,8.90982002755226e+151,932.4999999999999
0.002423632275218493,1.5782030165895993e-156,40fs,P1_implemented,4.5283198143115176e+153,935.0
0.0024104015708947073,3.0293620123523323e-158,40fs,P1_implemented,2.3462347341564633e+155,937.5
0.002391805900385863,5.690262398681362e-160,40fs,P1_implemented,1.2394438945296559e+157,940.0
0.002368230707683216,1.0459386824233551e-161,40fs,P1_implemented,6.676533253623338e+158,942.5000000000001
0.002340049983123203,1.881364603745593e-163,40fs,P1_implemented,3.6676290031156524e+160,944.9999999999999
0.002307626022593606,3.3115592165681205e-165,40fs,P1_implemented,2.0547838123221446e+162,947.5
0.0022713092319621726,5.704070631151873e-167,40fs,P1_implemented,1.174152764308103e+164,950.0
0.0022314379743845754,9.614574663318554e-169,40fs,P1_implemented,6.84365292998569e+165,952.5
0.0021883384581858085,1.5858717789562688e-170,40fs,P1_implemented,4.068924723390386e+167,955.0000000000001
0.0021423246630499077,2.5597578165620432e-172,40fs,P1_implemented,2.4678550232540253e+169,957.4999999999999
0.0,4.04317461195222e-174,40fs,P2_TR_T2,0.0,0.0
1.4142009402066383e-179,2.5597578165620432e-172,40fs,P2_TR_T2,1.629091497836252e-07,2.5
9.236220847471435e-178,1.585871778956359e-170,40fs,P2_TR_T2,1.7173525976472653e-07,5.0
5.730285420663331e-176,9.614574663320193e-169,40fs,P2_TR_T2,1.7574355666142094e-07,7.5
3.476615122038824e-174,5.704070631151873e-167,40fs,P2_TR_T2,1.7972353559496397e-07,10.0
2.064097671778561e-172,3.3115592165681205e-165,40fs,P2_TR_T2,1.8379384014119956e-07,12.5
1.1992331999010435e-170,1.881364603745593e-163,40fs,P2_TR_T2,1.879593383550682e-07,15.0
6.818315660608121e-169,1.0459386824234742e-161,40fs,P2_TR_T2,1.9222245152913964e-07,17.5
3.7935934924264195e-167,5.690262398682333e-160,40fs,P2_TR_T2,1.9658561306149492e-07,20.0
2.0654984608277875e-165,3.0293620123523323e-158,40fs,P2_TR_T2,2.0105132234634443e-07,22.5
1.1005240238814287e-163,1.5782030165895993e-156,40fs,P2_TR_T2,2.056221479811266e-07,25.0
5.738189979346617e-162,8.045765597133974e-155,40fs,P2_TR_T2,2.1030073000486266e-07,27.5
2.927866304353249e-160,4.013882870148642e-153,40fs,P2_TR_T2,2.1508978219818359e-07,30.0
1.4619370352306181e-158,1.9595431308814316e-151,40fs,P2_TR_T2,2.1999209447055896e-07,32.5
7.143439833694684e-157,9.3613346688406e-150,40fs,P2_TR_T2,2.2501053533866498e-07,35.0
3.4157620060931206e-155,4.3763649263964486e-148,40fs,P2_TR_T2,2.3014805449985899e-07,37.5
1.5983412310835222e-153,2.0020830951831156e-146,40fs,P2_TR_T2,2.3540768550572352e-07,40.0
7.319026019216074e-152,8.962795369261129e-145,40fs,P2_TR_T2,2.407925485391871e-07,42.5
3.279738180054726e-150,3.9264283446856186e-143,40fs,P2_TR_T2,2.463058533008133e-07,45.0
1.4382267700992472e-148,1.6832347324472557e-141,40fs,P2_TR_T2,2.51950902008326e-07,47.5
6.171888700787637e-147,7.061297421214714e-140,40fs,P2_TR_T2,2.577310925160169e-07,50.0
2.5918600666156883e-145,2.8987925556130015e-138,40fs,P2_TR_T2,2.636499215577294e-07,52.5
1.0651431770777971e-143,1.1645082857355323e-136,40fs,P2_TR_T2,2.697109881206169e-07,55.0
4.283587440281021e-142,4.577842442115459e-135,40fs,P2_TR_T2,2.7591799695540614e-07,57.49999999999999
1.6858181649231463e-140,1.761050914342121e-133,40fs,P2_TR_T2,2.822747622285902e-07,60.0
6.492583020981286e-139,6.629423992879918e-132,40fs,P2_TR_T2,2.8878521132560934e-07,62.5
2.446967686160013e-137,2.4421508804467998e-130,40fs,P2_TR_T2,2.9545338880916213e-07,65.0
9.024915676504633e-136,8.803634440724803e-129,40fs,P2_TR_T2,3.0228346054296457e-07,67.5
3.257335778284462e-134,3.1055914487241712e-127,40fs,P2_TR_T2,3.092797179865504e-07,70.0
1.1505000265844122e-132,1.0720608987946802e-125,40fs,P2_TR_T2,3.164465826712015e-07,72.5
3.976635070178017e-131,3.6214909399087454e-124,40fs,P2_TR_T2,3.237886108650779e-07,75.0
1.3450862306299594e-129,1.1971488768243491e-122,40fs,P2_TR_T2,3.3131049843635127e-07,77.5
4.452358105397309e-128,3.872591914849733e-121,40fs,P2_TR_T2,3.3901708592536575e-07,80.0
1.4422346182953952e-126,1.2258804498680169e-119,40fs,P2_TR_T2,3.469133638347751e-07,82.5
4.5718072754355234e-125,3.797408483805678e-118,40fs,P2_TR_T2,3.5500447814994355e-07,85.0
1.4182291045031971e-123,1.1511166249108782e-116,40fs,P2_TR_T2,3.6329573610028756e-07,87.5
4.305381805657624e-122,3.4146339089941943e-115,40fs,P2_TR_T2,3.717926121739311e-07,90.0
1.2790398415656336e-120,9.912011196687242e-114,40fs,P2_TR_T2,3.805007543989107e-07,92.5
3.718467003834723e-119,2.8156082675613355e-112,40fs,P2_TR_T2,3.894259909039014e-07,95.0
1.0579169878062297e-117,7.826642416177126e-111,40fs,P2_TR_T2,3.9857433677435806e-07,97.5
2.9454211424147156e-116,2.1289799200040947e-109,40fs,P2_TR_T2,4.0795200121731975e-07,100.0
8.025123375890303e-115,5.6670944526351596e-108,40fs,P2_TR_T2,4.1756539505284233e-07,102.5
2.1397592520642063e-113,1.4761896273832076e-106,40fs,P2_TR_T2,4.274211385485578e-07,105.0
5.583253697904852e-112,3.7628478700134055e-105,40fs,P2_TR_T2,4.3752606961490707e-07,107.5
1.425671449640795e-110,9.386074218842395e-104,40fs,P2_TR_T2,4.478872523819683e-07,110.0
3.562555019085775e-109,2.2911003953627085e-102,40fs,P2_TR_T2,4.5851198617642314e-07,112.5
8.711925471983964e-108,5.4726423784454864e-101,40fs,P2_TR_T2,4.694078149215592e-07,114.99999999999999
2.0848632932771008e-106,1.2792129010972095e-99,40fs,P2_TR_T2,4.805825369832029e-07,117.5
4.882612988851323e-105,2.9260477216826863e-98,40fs,P2_TR_T2,4.920442154849657e-07,120.0
1.1190223136386992e-103,6.549570053618195e-97,40fs,P2_TR_T2,5.038011891207221e-07,122.50000000000001
2.5097898906663354e-102,1.4346203636550987e-95,40fs,P2_TR_T2,5.158620834896985e-07,125.0
5.508693636687855e-101,3.075062896855087e-94,40fs,P2_TR_T2,5.282358229843815e-07,127.50000000000001
1.1832403793218492e-99,6.450061089241159e-93,40fs,P2_TR_T2,5.409316432636535e-07,130.0
2.487201301770405e-98,1.3239343957222044e-91,40fs,P2_TR_T2,5.539591043409914e-07,132.5
5.116382208969254e-97,2.6592668223246743e-90,40fs,P2_TR_T2,5.673281043269024e-07,135.0
1.0299819721587647e-95,5.22697205046457e-89,40fs,P2_TR_T2,5.810488938601695e-07,137.5
2.029137089208969e-94,1.0053823416929757e-87,40fs,P2_TR_T2,5.951320912683168e-07,140.0
3.912089792973547e-93,1.8923660195615276e-86,40fs,P2_TR_T2,6.09588698501903e-07,142.5
7.381123131120162e-92,3.4855542093571114e-85,40fs,P2_TR_T2,6.244301178849155e-07,145.0
1.3628650733839934e-90,6.282483471475202e-84,40fs,P2_TR_T2,6.396681697316978e-07,147.5
2.462638300462765e-89,1.108112057419724e-82,40fs,P2_TR_T2,6.553151108818145e-07,150.0
4.3547812977163344e-88,1.9126205553062116e-81,40fs,P2_TR_T2,6.713836542063903e-07,152.5
7.536169048680677e-87,3.2304778675876453e-80,40fs,P2_TR_T2,6.878869891472636e-07,155.0
1.2763039271325294e-85,5.339462413352705e-79,40fs,P2_TR_T2,7.048388033490768e-07,157.5
2.1153265228641927e-84,8.636168555094742e-78,40fs,P2_TR_T2,7.222533054532706e-07,160.0
3.431003977169231e-83,1.3669023778183129e-76,40fs,P2_TR_T2,7.40145249125196e-07,162.5
5.446107446972467e-82,2.1171259753023026e-75,40fs,P2_TR_T2,7.585299583904611e-07,165.0
8.460052624959378e-81,3.208844818241278e-74,40fs,P2_TR_T2,7.774233543642921e-07,167.5
1.2861230336147177e-79,4.7593050469208667e-73,40fs,P2_TR_T2,7.968419834599336e-07,170.0
1.9134419766406211e-78,6.907663628197244e-72,40fs,P2_TR_T2,8.16803047171978e-07,172.5
2.785942601066479e-77,9.81096289902554e-71,40fs,P2_TR_T2,8.373244335353296e-07,175.0
3.9696653428092915e-76,1.3635934240873675e-69,40fs,P2_TR_T2,8.584247503671859e-07,177.5
5.535556534351507e-75,1.8546030753437235e-68,40fs,P2_TR_T2,8.801233604101525e-07,180.0
7.554316400250666e-74,2.4683677618010113e-67,40fs,P2_TR_T2,9.024404184998937e-07,182.5
1.0089191851435795e-72,3.214856322752687e-66,40fs,P2_TR_T2,9.253969108925627e-07,185.0
1.3186993390934962e-71,4.097378494629236e-65,40fs,P2_TR_T2,9.490146968956915e-07,187.5
1.6868027007679654e-70,5.1102648820535023e-64,40fs,P2_TR_T2,9.733165529575646e-07,190.0
2.111605556843592e-69,6.236968523100268e-63,40fs,P2_TR_T2,9.983262193829673e-07,192.5
2.5869751589255903e-68,7.448974807396534e-62,40fs,P2_TR_T2,1.0240684498539048e-06,195.0
3.1017275393257644e-67,8.705871875623537e-61,40fs,P2_TR_T2,1.0505690639500218e-06,197.5
3.6395522484684685e-66,9.95682444457815e-60,40fs,P2_TR_T2,1.0778550028769172e-06,200.0
4.179518231365151e-65,1.1143516000797958e-58,40fs,P2_TR_T2,1.1059543886272351e-06,202.5
4.697204857590296e-64,1.2204400324439147e-57,40fs,P2_TR_T2,1.1348965868192425e-06,205.0
5.166410137644711e-63,1.3079871012156541e-56,40fs,P2_TR_T2,1.1647122734736799e-06,207.5
5.561289214639406e-62,1.3717762838948118e-55,40fs,P2_TR_T2,1.1954335060130126e-06,210.0
5.8586892056368846e-61,1.4078485307012942e-54,40fs,P2_TR_T2,1.227093798792122e-06,212.5
6.04039035739822e-60,1.4139087633983193e-53,40fs,P2_TR_T2,1.2597282034884184e-06,215.0
6.094952746584305e-59,1.3895675165326348e-52,40fs,P2_TR_T2,1.2933733947154204e-06,217.5
6.0189083978250896e-58,1.3363823550460946e-51,40fs,P2_TR_T2,1.328067761246658e-06,220.0
5.817126102021903e-57,1.2576929457366528e-50,40fs,P2_TR_T2,1.363851503272988e-06,222.5
5.50229557855483e-56,1.1582740589758984e-49,40fs,P2_TR_T2,1.4007667361540768e-06,225.0
5.093606950325505e-55,1.0438566141675364e-48,40fs,P2_TR_T2,1.4388576011579212e-06,227.5
4.6148165428330746e-54,9.205834807431894e-48,40fs,P2_TR_T2,1.4781703837338898e-06,229.99999999999997
4.091969789730359e-53,7.944714960708699e-47,40fs,P2_TR_T2,1.5187536399056894e-06,232.50000000000003
3.551083443514376e-52,6.7094400333768346e-46,40fs,P2_TR_T2,1.5606583314249993e-06,235.0
3.0160697373928815e-51,5.54481478302343e-45,40fs,P2_TR_T2,1.6039379703835711e-06,237.5
2.5071223879226895e-50,4.484155085839422e-44,40fs,P2_TR_T2,1.6486487740457638e-06,240.0
2.0396939545645587e-49,3.5486814611348836e-43,40fs,P2_TR_T2,1.6948498307291151e-06,242.49999999999997
1.6240953274143648e-48,2.7481866376710957e-42,40fs,P2_TR_T2,1.742603277641306e-06,245.00000000000003
1.265659351095775e-47,2.0826593586599729e-41,40fs,P2_TR_T2,1.7919744916615256e-06,247.5
9.65345519540363e-47,1.544482790246058e-40,40fs,P2_TR_T2,1.8430322941504767e-06,250.0
7.206282228930783e-46,1.1208325048907138e-39,40fs,P2_TR_T2,1.8958491709737923e-06,252.49999999999997
5.2650709882697026e-45,7.959598724970623e-39,40fs,P2_TR_T2,1.9505015090371056e-06,255.00000000000003
3.7649888709543794e-44,5.53139207203716e-38,40fs,P2_TR_T2,2.0070698507578005e-06,257.5
2.6350675406355538e-43,3.761581922631434e-37,40fs,P2_TR_T2,2.0656391680339977e-06,260.0
1.8050554714390376e-42,2.5032222998648686e-36,40fs,P2_TR_T2,2.126299157430468e-06,262.5
1.2102144484710334e-41,1.6301258188739242e-35,40fs,P2_TR_T2,2.189144558466948e-06,265.0
7.941625491569357e-41,1.038808861615787e-34,40fs,P2_TR_T2,2.2542754970882974e-06,267.5
5.100751320322827e-40,6.478030345060284e-34,40fs,P2_TR_T2,2.3217978566049355e-06,270.0
3.206557637118393e-39,3.953148445956369e-33,40fs,P2_TR_T2,2.391823678627923e-06,272.5
1.9729980883887488e-38,2.360674346420289e-32,40fs,P2_TR_T2,2.4644715967876726e-06,275.0
1.1882276255065329e-37,1.3795004635804656e-31,40fs,P2_TR_T2,2.539867306314428e-06,277.5
7.004235533062776e-37,7.888609052210328e-31,40fs,P2_TR_T2,2.61814407288992e-06,280.0
4.0412228795830416e-36,4.4144014834575936e-30,40fs,P2_TR_T2,2.6994432845429755e-06,282.5
2.2822267047047644e-35,2.417330530734421e-29,40fs,P2_TR_T2,2.7839150507737103e-06,285.0
1.2615420876426194e-34,1.2953676827709456e-28,40fs,P2_TR_T2,2.871718853551701e-06,287.5
6.82566335145377e-34,6.7927071471017025e-28,40fs,P2_TR_T2,2.9630242553479974e-06,290.0
3.614859669489297e-33,3.4856641308083725e-27,40fs,P2_TR_T2,3.05801166994472e-06,292.5
1.8738934847859173e-32,1.750334270107217e-26,40fs,P2_TR_T2,3.156873202417152e-06,295.0
9.508429628920235e-32,8.601006330030146e-26,40fs,P2_TR_T2,3.259813565422684e-06,297.5
4.722661548329211e-31,4.13590306276516e-25,40fs,P2_TR_T2,3.3670510797629785e-06,300.0
2.2960578119252298e-30,1.9461855683176783e-24,40fs,P2_TR_T2,3.4788187681252194e-06,302.5
1.0926995813431503e-29,8.961711462948973e-24,40fs,P2_TR_T2,3.595365551975573e-06,305.0
5.090317225877853e-29,4.038224681096516e-23,40fs,P2_TR_T2,3.7169575627818903e-06,307.5
2.321236300950465e-28,1.7806674223698252e-22,40fs,P2_TR_T2,3.8438795801177585e-06,310.0
1.0361646953025683e-27,7.683656836383156e-22,40fs,P2_TR_T2,3.976436610754161e-06,312.5
4.527702081621085e-27,3.2444861166020607e-21,40fs,P2_TR_T2,4.114955624623255e-06,315.0
1.9367403042427466e-26,1.3406539512355657e-20,40fs,P2_TR_T2,4.259787465559476e-06,317.5
8.109881714534515e-26,5.421010862427569e-20,40fs,P2_TR_T2,4.411308957038071e-06,320.0
3.3243943529841884e-25,2.1450463219768756e-19,40fs,P2_TR_T2,4.569925225776428e-06,322.5
1.3340465157520591e-24,8.305884458501104e-19,40fs,P2_TR_T2,4.736072269096585e-06,325.0
5.240776123692605e-24,3.1472258401826113e-18,40fs,P2_TR_T2,4.9102197954272645e-06,327.5
2.0155448841997416e-23,1.1669782019243151e-17,40fs,P2_TR_T2,5.092874371334549e-06,330.0
7.588708571351108e-23,4.234385483205408e-17,40fs,P2_TR_T2,5.2845829130779824e-06,332.5
2.7972314412847294e-22,1.5035256894356909e-16,40fs,P2_TR_T2,5.485936566025835e-06,335.0
1.009441011865235e-21,5.224252104919653e-16,40fs,P2_TR_T2,5.697575021419846e-06,337.5
3.5664219289149374e-21,1.7763568394002777e-15,40fs,P2_TR_T2,5.920191327122785e-06,340.0
1.2336480680581923e-20,5.9105665440269306e-15,40fs,P2_TR_T2,6.154537257279611e-06,342.5
4.177962558013021e-20,1.924512882477682e-14,40fs,P2_TR_T2,6.40142931546597e-06,345.0
1.3853541167205057e-19,6.132045187752806e-14,40fs,P2_TR_T2,6.66175545715618e-06,347.5
4.497682069903963e-19,1.9119770860328002e-13,40fs,P2_TR_T2,6.936482630485455e-06,350.0
1.4297415455749931e-18,5.833817413435082e-13,40fs,P2_TR_T2,7.226665249679634e-06,352.5
4.450171459369655e-18,1.7418702203914818e-12,40fs,P2_TR_T2,7.533454733594584e-06,355.0
1.3563021619561206e-17,5.089458400246527e-12,40fs,P2_TR_T2,7.858110263070916e-06,357.5
4.047690213735851e-17,1.4551915228366858e-11,40fs,P2_TR_T2,8.202010935870743e-06,360.0
1.182879039573214e-16,4.071566720197273e-11,40fs,P2_TR_T2,8.56666952760334e-06,362.5
3.385068076641408e-16,1.1147969410505489e-10,40fs,P2_TR_T2,8.953748102159587e-06,365.0
9.486387374164967e-16,2.986914515678748e-10,40fs,P2_TR_T2,9.365075756891905e-06,367.5
2.6034769021379815e-15,7.831458144390219e-10,40fs,P2_TR_T2,9.802668837483287e-06,370.0
6.997449918451226e-15,2.009348567122817e-09,40fs,P2_TR_T2,1.0268754016799167e-05,372.5
1.8419320510827048e-14,5.044995050642303e-09,40fs,P2_TR_T2,1.0765794703118583e-05,375.0
4.7486538534896925e-14,1.2395356448939122e-08,40fs,P2_TR_T2,1.1296521328543264e-05,377.5
1.1990761774494623e-13,2.980232238769551e-08,40fs,P2_TR_T2,1.1863966171257642e-05,380.0
2.965647906199294e-13,7.011872480215363e-08,40fs,P2_TR_T2,1.24715034896343e-05,382.5
7.184675754123846e-13,1.6143984162055177e-07,40fs,P2_TR_T2,1.3122895896849454e-05,385.0
1.7050175015640969e-12,3.6373094338048876e-07,40fs,P2_TR_T2,1.3822348087886046e-05,387.5
3.963739300212492e-12,8.019413139855606e-07,40fs,P2_TR_T2,1.457456925431048e-05,390.0
9.02729538821667e-12,1.7302057032589052e-06,40fs,P2_TR_T2,1.5384845795777637e-05,392.5
2.014232847004907e-11,3.6529666164343784e-06,40fs,P2_TR_T2,1.6259126273259e-05,395.0
4.403375626058645e-11,7.547210794021535e-06,40fs,P2_TR_T2,1.7204120963193035e-05,397.5
9.432178483846665e-11,1.525878906250017e-05,40fs,P2_TR_T2,1.8227418884230088e-05,400.0
1.9797775269363741e-10,3.018884317608593e-05,40fs,P2_TR_T2,1.9337625804655317e-05,402.5
4.0721954167253835e-10,5.844746586295039e-05,40fs,P2_TR_T2,2.05445275320256e-05,405.0
8.208813863664485e-10,0.00011073316500856959,40fs,P2_TR_T2,2.1859283779704978e-05,407.5
1.6218313087758035e-09,0.00020529697638030364,40fs,P2_TR_T2,2.3294659153288698e-05,410.0
3.1408027663407625e-09,0.00037246048602161913,40fs,P2_TR_T2,2.4865299375554234e-05,412.5
5.962441546926769e-09,0.0006612575912777836,40fs,P2_TR_T2,2.6588062866137816e-05,415.0
1.109679611354537e-08,0.0011488251871584823,40fs,P2_TR_T2,2.848242033603747e-05,417.5
2.0249092971440264e-08,0.001953125,40fs,P2_TR_T2,3.057093831175392e-05,420.0
3.623228775053769e-08,0.003249368320950685,40fs,P2_TR_T2,3.287986668801694e-05,422.5
6.357983122993196e-08,0.005290060730222275,40fs,P2_TR_T2,3.543985581357985e-05,425.0
1.0942874705952126e-07,0.008427818732477525,40fs,P2_TR_T2,3.828683563359819e-05,427.5
1.8475280805654115e-07,0.013139006488339312,40fs,P2_TR_T2,4.146309857414663e-05,430.0
3.060284602339388e-07,0.020044844001230914,40fs,P2_TR_T2,4.501863987841055e-05,432.5
4.974072928242357e-07,0.029925102521830636,40fs,P2_TR_T2,4.901282497207978e-05,435.0
7.934429181273467e-07,0.0437181147668224,40fs,P2_TR_T2,5.351647449676402e-05,437.5
1.2423722527375045e-06,0.06250000000000017,40fs,P2_TR_T2,5.8614485770179546e-05,440.0
1.909878488574238e-06,0.08743622953364458,40fs,P2_TR_T2,6.44091472055316e-05,442.5
2.8831662987383062e-06,0.1197004100873224,40fs,P2_TR_T2,7.102435328355451e-05,445.0
4.275065169010058e-06,0.16035875200984792,40fs,P2_TR_T2,7.861099714111478e-05,447.5
6.227756737734697e-06,0.21022410381342924,40fs,P2_TR_T2,8.735391298946921e-05,450.0
8.915615604013683e-06,0.2696901994392804,40fs,P2_TR_T2,9.748087179320717e-05,452.5
1.2546583888234039e-05,0.33856388673422333,40fs,P2_TR_T2,0.00010927431588524296,455.0
1.7361492809110135e-05,0.41591914508168554,40fs,P2_TR_T2,0.00012308677315805275,457.5
2.3630820798253145e-05,0.4999999999999994,40fs,P2_TR_T2,0.00013936125086149307,459.99999999999994
3.1648548743465414e-05,0.5881984958251415,40fs,P2_TR_T2,0.00015865841955242627,462.5
4.172303551765257e-05,0.6771277734684487,40fs,P2_TR_T2,0.00018169312872178513,465.00000000000006
5.4165169619138546e-05,0.7627990753722692,40fs,P2_TR_T2,0.00020938385088282757,467.5
6.92744162539466e-05,0.8408964152537158,40fs,P2_TR_T2,0.000242920187183029,470.0
8.732372076616435e-05,0.9071260877501989,40fs,P2_TR_T2,0.0002838558236271677,472.49999999999994
0.00010854449103763859,0.957603280698574,40fs,P2_TR_T2,0.0003342376696158034,475.0
0.00013311301117725197,0.989228013193976,40fs,P2_TR_T2,0.0003967869086106123,477.50000000000006
0.0001611396013947677,1.0,40fs,P2_TR_T2,0.0004751552348820074,480.0
0.00019266162524216073,0.9892280131939751,40fs,P2_TR_T2,0.0005742910479723062,482.5
0.00022764107630089732,0.957603280698574,40fs,P2_TR_T2,0.0007009680742365982,484.99999999999994
0.0002659670007670285,0.9071260877501989,40fs,P2_TR_T2,0.0008645564045826281,487.5
0.00030746249889375947,0.8408964152537128,40fs,P2_TR_T2,0.001078159179418262,490.00000000000006
0.0003518955726863783,0.7627990753722692,40fs,P2_TR_T2,0.0013603068288307834,492.49999999999994
0.0003989927182545872,0.677127773468445,40fs,P2_TR_T2,0.0017375110515680126,495.0
0.00044845394766623766,0.5881984958251415,40fs,P2_TR_T2,0.002248159786267057,497.49999999999994
0.000499967887887929,0.4999999999999994,40fs,P2_TR_T2,0.0029485285695954825,500.0
0.000553225734257871,0.41591914508168226,40fs,P2_TR_T2,0.003922172546249292,502.50000000000006
0.000607933097788015,0.33856388673422333,40fs,P2_TR_T2,0.005294785732639153,504.99999999999994
0.0006638191272667592,0.2696901994392791,40fs,P2_TR_T2,0.007258014489749711,507.5
0.000720642650693001,0.21022410381342696,40fs,P2_TR_T2,0.010108126899644368,510.00000000000006
0.0007781954132523618,0.16035875200984706,40fs,P2_TR_T2,0.01430965727724242,512.5
0.0008363027515860753,0.11970041008732092,40fs,P2_TR_T2,0.020601608067717703,515.0
0.0008948222151200698,0.08743622953364458,40fs,P2_TR_T2,0.030177174161207458,517.5
0.0009536407214100297,0.0624999999999997,40fs,P2_TR_T2,0.044992280189601615,520.0
0.001012670825365443,0.043718114766821775,40fs,P2_TR_T2,0.06830305137412455,522.5
0.0010718466129716097,0.029925102521830397,40fs,P2_TR_T2,0.10561612424339346,525.0
0.001131119623648584,0.020044844001230744,40fs,P2_TR_T2,0.1663945469565581,527.5
0.0011904550853349407,0.013139006488339312,40fs,P2_TR_T2,0.26716755794169483,530.0
0.0012498286317017002,0.008427818732477457,40fs,P2_TR_T2,0.4372889636221487,532.5
0.001309223574143213,0.0052900607302221675,40fs,P2_TR_T2,0.7297706489276211,535.0
0.0013686287284841287,0.003249368320950653,40fs,P2_TR_T2,1.2419952736018145,537.5
0.0014280367484722973,0.0019531249999999811,40fs,P2_TR_T2,2.1559693269243505,540.0
0.001487442892200624,0.0011488251871584823,40fs,P2_TR_T2,3.817856365748233,542.5
0.0015468441387597835,0.000661257591277776,40fs,P2_TR_T2,6.897776503429348,545.0
0.0016062385752961322,0.0003724604860216105,40fs,P2_TR_T2,12.716367761556441,547.5
0.0016656249843486532,0.0002052969763803011,40fs,P2_TR_T2,23.923675710078292,550.0
0.0017250025740042666,0.00011073316500856802,40fs,P2_TR_T2,45.93516360845885,552.5
0.0017843708063657487,5.844746586295039e-05,40fs,P2_TR_T2,90.02282898349428,555.0
0.001843729291480437,3.018884317608545e-05,40fs,P2_TR_T2,180.08764438751686,557.5
0.001903077723494817,1.5258789062499707e-05,40fs,P2_TR_T2,367.7644024102629,560.0
0.0019624158432296366,7.547210794021428e-06,40fs,P2_TR_T2,766.7217701622432,562.5
0.0020217434168063285,3.6529666164343462e-06,40fs,P2_TR_T2,1631.9752482868932,565.0
0.002081060223749904,1.7302057032589052e-06,40fs,P2_TR_T2,3546.664782445283,567.5
0.0021403660505325685,8.019413139855491e-07,40fs,P2_TR_T2,7870.071886763602,570.0
0.002199660687156775,3.637309433804784e-07,40fs,P2_TR_T2,17832.3540170285,572.5
0.0022589439253913293,1.6143984162055177e-07,40fs,P2_TR_T2,41259.8800338567,575.0
0.0023182155578831062,7.011872480215239e-08,40fs,P2_TR_T2,97488.42187040567,577.5
0.002377475377720676,2.980232238769551e-08,40fs,P2_TR_T2,235233.49045490395,580.0
0.0024367231782252636,1.23953564489389e-08,40fs,P2_TR_T2,579669.4432538862,582.5
0.0024959587528531803,5.044995050642142e-09,40fs,P2_TR_T2,1458847.49140855,585.0
0.002555181895151587,2.009348567122817e-09,40fs,P2_TR_T2,3749728.065977762,587.5
0.002614392398739122,7.831458144390052e-10,40fs,P2_TR_T2,9843768.10680668,590.0
0.002673590057297859,2.986914515678748e-10,40fs,P2_TR_T2,26394002.73454615,592.5
0.0027327746645702906,1.1147969410505251e-10,40fs,P2_TR_T2,72283851.94191946,595.0
0.0027919460143584875,4.071566720197114e-11,40fs,P2_TR_T2,202198855.87413016,597.5
0.0028511039005241876,1.4551915228366858e-11,40fs,P2_TR_T2,577731598.4322803,600.0
0.0029102481169892597,5.0894584002464185e-12,40fs,P2_TR_T2,1686132429.6065273,602.5
0.002969378457736326,1.7418702203914012e-12,40fs,P2_TR_T2,5026700297.394182,605.0
0.003028494716809435,5.833817413434957e-13,40fs,P2_TR_T2,15307604088.684303,607.5
0.0030875966883147734,1.9119770860327118e-13,40fs,P2_TR_T2,47617996260.23396,610.0
0.0031466841664213713,6.132045187752806e-14,40fs,P2_TR_T2,151314672289.19116,612.5
0.003205756945361815,1.9245128824776344e-14,40fs,P2_TR_T2,491182632762.941,615.0
0.003264814819432971,5.910566544026636e-15,40fs,P2_TR_T2,1628780927444.5361,617.5
0.0033238575829966912,1.7763568394002396e-15,40fs,P2_TR_T2,5517539210913.165,620.0
0.003382885030480532,5.224252104919504e-16,40fs,P2_TR_T2,19093974807291.406,622.5
0.0034418969563784745,1.5035256894356909e-16,40fs,P2_TR_T2,67502560177206.67,625.0
0.003500893155251629,4.234385483205287e-17,40fs,P2_TR_T2,243793261723068.62,627.5
0.0035598734217289537,1.1669782019242404e-17,40fs,P2_TR_T2,899508031641674.9,630.0
0.0036188375505079753,3.1472258401825443e-18,40fs,P2_TR_T2,3390583256668492.5,632.5
0.003677785336355492,8.305884458500868e-19,40fs,P2_TR_T2,1.3056708995926114e+16,635.0
0.0037367165741082945,2.1450463219768756e-19,40fs,P2_TR_T2,5.136729737934189e+16,637.5
0.003795631058673877,5.4210108624274144e-20,40fs,P2_TR_T2,2.0646048704671507e+17,640.0
0.0038545285850311497,1.3406539512354801e-20,40fs,P2_TR_T2,8.477890668247003e+17,642.5
0.003913408948231151,3.2444861166020144e-21,40fs,P2_TR_T2,3.556661607295799e+18,645.0
0.00397227194339776,7.683656836382993e-22,40fs,P2_TR_T2,1.5244186233334616e+19,647.5
0.004031117365728413,1.7806674223698252e-22,40fs,P2_TR_T2,6.6753779961294004e+19,650.0
0.004089945010494808,4.038224681096344e-23,40fs,P2_TR_T2,2.9864842137612924e+20,652.5
0.00414875467304362,8.9617114629484e-24,40fs,P2_TR_T2,1.3650860574801823e+21,655.0
0.004207546148797212,1.946185568317637e-24,40fs,P2_TR_T2,6.374966010945415e+21,657.5
0.004266319233254347,4.1359030627650723e-25,40fs,P2_TR_T2,3.041698972907545e+22,660.0
0.004325073721990894,8.601006330030146e-26,40fs,P2_TR_T2,1.4827825982448954e+23,662.5
0.0043838094106605436,1.7503342701071423e-26,40fs,P2_TR_T2,7.385227904028942e+23,665.0
0.004442526094995516,3.48566413080815e-27,40fs,P2_TR_T2,3.758180921156039e+24,667.5
0.004501223570807269,6.7927071471017025e-28,40fs,P2_TR_T2,1.9539836543807012e+25,670.0
0.004559901633987209,1.2953676827709272e-28,40fs,P2_TR_T2,1.0379959274392482e+26,672.5
0.004618560080507398,2.417330530734421e-29,40fs,P2_TR_T2,5.633830720901363e+26,675.0
0.004677198706421265,4.414401483457468e-30,40fs,P2_TR_T2,3.124260406994681e+27,677.5
0.004735817307864313,7.888609052209769e-31,40fs,P2_TR_T2,1.7702220258509113e+28,680.0
0.004794415681054824,1.3795004635804656e-31,40fs,P2_TR_T2,1.024818761977641e+29,682.5
0.004852993622294574,2.360674346420222e-32,40fs,P2_TR_T2,6.0618735577712814e+29,685.0
0.00491155092796953,3.953148445956089e-33,40fs,P2_TR_T2,3.663606002997775e+30,687.5
0.004970087394550568,6.478030345060099e-34,40fs,P2_TR_T2,2.262321280755304e+31,690.0
0.00502860281859417,1.0388088616156983e-34,40fs,P2_TR_T2,1.4273974680096452e+32,692.5
0.005087096996743137,1.6301258188739242e-35,40fs,P2_TR_T2,9.20199781359687e+32,695.0
0.005145569725727291,2.5032222998647974e-36,40fs,P2_TR_T2,6.061320965162089e+33,697.5
0.00520402080236418,3.761581922631113e-37,40fs,P2_TR_T2,4.0794511088832913e+34,700.0
0.00526245002355979,5.531392072037003e-38,40fs,P2_TR_T2,2.8053482083014667e+35,702.5
0.00532085718630924,7.959598724970056e-39,40fs,P2_TR_T2,1.9711680990418222e+36,705.0
0.005379242087697493,1.1208325048907138e-39,40fs,P2_TR_T2,1.415186267821454e+37,707.5
0.00543760452490006,1.544482790245992e-40,40fs,P2_TR_T2,1.0381444300877569e+38,710.0
0.005495944295183699,2.0826593586597952e-41,40fs,P2_TR_T2,7.781392343868874e+38,712.5
0.005554261195907124,2.7481866376710568e-42,40fs,P2_TR_T2,5.959547818090844e+39,715.0
0.005612555024521707,3.548681461134833e-43,40fs,P2_TR_T2,4.663659423994002e+40,717.5
0.005670825578572175,4.484155085839422e-44,40fs,P2_TR_T2,3.7290559419744894e+41,720.0
0.005729072655697322,5.544814783023036e-45,40fs,P2_TR_T2,3.046705801803825e+42,722.5
0.0057872960536307005,6.709440033376262e-46,40fs,P2_TR_T2,2.5434467948136737e+43,725.0
0.005845495570201331,7.94471496070836e-47,40fs,P2_TR_T2,2.1695828978447173e+44,727.5
0.0059036710033344,9.205834807431501e-48,40fs,P2_TR_T2,1.8910029361818286e+45,730.0
0.00596182215105196,1.0438566141675364e-48,40fs,P2_TR_T2,1.6841136747397822e+46,732.5
0.0060199488114736355,1.158274058975816e-49,40fs,P2_TR_T2,1.5325501743906557e+47,735.0
0.006078050782817312,1.2576929457365277e-50,40fs,P2_TR_T2,1.4250264738518409e+48,737.5
0.006136127863399844,1.3363823550460946e-51,40fs,P2_TR_T2,1.3539321510879533e+49,740.0
0.0061941798516377536,1.3895675165324967e-52,40fs,P2_TR_T2,1.314429784001372e+50,742.5
0.006252206546047932,1.4139087633983193e-53,40fs,P2_TR_T2,1.3039026377566693e+51,745.0
0.006310207745248327,1.4078485307011942e-54,40fs,P2_TR_T2,1.3216636898633785e+52,747.5
0.006368183247958655,1.3717762838946754e-55,40fs,P2_TR_T2,1.3688803680631657e+53,750.0
0.006426132853001087,1.3079871012156541e-56,40fs,P2_TR_T2,1.4487033753527968e+54,752.5
0.006484056359300949,1.2204400324438105e-57,40fs,P2_TR_T2,1.566619650199793e+55,755.0
0.0065419535658874295,1.1143516000797958e-58,40fs,P2_TR_T2,1.7310852246302082e+56,757.5
0.00659982427189426,9.956824444577585e-60,40fs,P2_TR_T2,1.9545408676475466e+57,760.0
0.006657668276560417,8.705871875622548e-61,40fs,P2_TR_T2,2.2549821803229744e+58,762.5
0.006715485379230825,7.448974807396534e-62,40fs,P2_TR_T2,2.658362094664118e+59,765.0
0.006773275379357041,6.236968523099913e-63,40fs,P2_TR_T2,3.202273445624624e+60,767.5
0.006831038076497954,5.1102648820535023e-64,40fs,P2_TR_T2,3.941636108782504e+61,770.0
0.006888773270320483,4.097378494629119e-65,40fs,P2_TR_T2,4.957572119214512e+62,772.5
0.006946480760600261,3.214856322752322e-66,40fs,P2_TR_T2,6.371423927794599e+63,775.0
0.007004160347222339,2.4683677618010113e-67,40fs,P2_TR_T2,8.367186466770111e+64,777.5
0.007061811830181875,1.8546030753436707e-68,40fs,P2_TR_T2,1.1227896454483847e+66,780.0
0.007119435009584825,1.3635934240872126e-69,40fs,P2_TR_T2,1.5395502373844708e+67,782.5
0.007177029685648633,9.810962899025261e-71,40fs,P2_TR_T2,2.1570804487147996e+68,785.0
0.007234595658702936,6.907663628196852e-72,40fs,P2_TR_T2,3.0882774869718032e+69,787.5
0.007292132729190238,4.7593050469208667e-73,40fs,P2_TR_T2,4.517979505623057e+70,790.0
0.007349640697666611,3.208844818241096e-74,40fs,P2_TR_T2,6.753837804383696e+71,792.5
0.007407119364802386,2.1171259753020618e-75,40fs,P2_TR_T2,1.031658298754416e+73,795.0
0.007464568531382837,1.3669023778183129e-76,40fs,P2_TR_T2,1.6102764590295722e+74,797.5
0.007521987998308875,8.636168555093759e-78,40fs,P2_TR_T2,2.568294131727212e+75,800.0
0.007579377566597737,5.339462413352705e-79,40fs,P2_TR_T2,4.185711021178153e+76,802.5
0.0076367370373836745,3.2304778675876453e-80,40fs,P2_TR_T2,6.970666413693183e+77,805.0
0.00769406621191864,1.9126205553060485e-81,40fs,P2_TR_T2,1.1862065936062495e+79,807.5
0.007751364891572976,1.108112057419724e-82,40fs,P2_TR_T2,2.0626604168594395e+80,810.0
0.007808632877836103,6.282483471474309e-84,40fs,P2_TR_T2,3.6650245124196128e+81,812.5
0.007865869972317205,3.4855542093571114e-85,40fs,P2_TR_T2,6.654388535225602e+82,815.0
0.00792307597674592,1.8923660195615276e-86,40fs,P2_TR_T2,1.234587606212672e+84,817.5
0.007980250692973017,1.0053823416928899e-87,40fs,P2_TR_T2,2.3405531883537356e+85,820.0
0.008037393922971094,5.22697205046457e-89,40fs,P2_TR_T2,4.53417532995513e+86,822.5
0.008094505468835252,2.659266822324221e-90,40fs,P2_TR_T2,8.975561745657743e+87,825.0
0.008151585132783782,1.3239343957222044e-91,40fs,P2_TR_T2,1.8155526036038907e+89,827.5
0.008208632717158857,6.450061089241159e-93,40fs,P2_TR_T2,3.752668741059534e+90,830.0
0.008265648024427204,3.07506289685465e-94,40fs,P2_TR_T2,7.926037777095133e+91,832.5
0.008322630857180793,1.4346203636550987e-95,40fs,P2_TR_T2,1.7106331131810734e+93,835.0
0.008379581018137527,6.549570053617264e-97,40fs,P2_TR_T2,3.772617247947718e+94,837.5
0.008436498310141906,2.9260477216826863e-98,40fs,P2_TR_T2,8.501862019235324e+95,840.0
0.008493382536165725,1.2792129010972095e-99,40fs,P2_TR_T2,1.9578124570380853e+97,842.5
0.008550233499308748,5.4726423784447085e-101,40fs,P2_TR_T2,4.6069567937502143e+98,845.0
0.00860705100279939,2.2911003953627085e-102,40fs,P2_TR_T2,1.1077544148154827e+100,847.5
0.008663834849995401,9.386074218841595e-104,40fs,P2_TR_T2,2.721820084868505e+101,850.0
0.008720584844384534,3.7628478700134055e-105,40fs,P2_TR_T2,6.833798745592866e+102,852.5
0.008777300789585241,1.4761896273832076e-106,40fs,P2_TR_T2,1.753283175781827e+104,855.0
0.008833982489347336,5.667094452634194e-108,40fs,P2_TR_T2,4.596521717207382e+105,857.5
0.008890629747552689,2.1289799200040947e-109,40fs,P2_TR_T2,1.231385945244797e+107,860.0
0.00894724236821588,7.826642416176459e-111,40fs,P2_TR_T2,3.3709083358859596e+108,862.5
0.009003820155484909,2.8156082675613355e-112,40fs,P2_TR_T2,9.42948151040277e+109,865.0
0.009060362913641843,9.912011196687242e-114,40fs,P2_TR_T2,2.6953616390469006e+111,867.5
0.009116870447103506,3.414633908993612e-115,40fs,P2_TR_T2,7.87290240769428e+112,870.0
0.009173342560422158,1.1511166249108782e-116,40fs,P2_TR_T2,2.3498574577314716e+114,872.5
0.009229779058286154,3.797408483805678e-118,40fs,P2_TR_T2,7.1669969896401955e+115,875.0
0.009286179745520644,1.2258804498678776e-119,40fs,P2_TR_T2,2.2336864001370605e+117,877.5
0.009342544427088224,3.8725919148492925e-121,40fs,P2_TR_T2,7.113718420269434e+118,880.0
0.009398872908089616,1.1971488768240769e-122,40fs,P2_TR_T2,2.3150525200614146e+120,882.5
0.00945516499376435,3.6214909399087454e-124,40fs,P2_TR_T2,7.698656489226261e+121,885.0
0.009511420489491424,1.0720608987946802e-125,40fs,P2_TR_T2,2.6161290227728426e+123,887.5
0.009567639200789988,3.105591448723818e-127,40fs,P2_TR_T2,9.084346703047552e+124,890.0
0.009623820933320003,8.803634440723803e-129,40fs,P2_TR_T2,3.223433879768761e+126,892.5
0.009679965492882924,2.4421508804462448e-130,40fs,P2_TR_T2,1.1687847880479287e+128,895.0
0.009736072685422361,6.629423992879918e-132,40fs,P2_TR_T2,4.3305319298269685e+129,897.5
0.009792142317024752,1.761050914342121e-133,40fs,P2_TR_T2,1.6396042596757097e+131,900.0
0.009848174193920037,4.577842442114938e-135,40fs,P2_TR_T2,6.34348787117646e+132,902.5
0.009904168122482323,1.1645082857354e-136,40fs,P2_TR_T2,2.5078909843428676e+134,905.0
0.009960123909230546,2.8987925556126715e-138,40fs,P2_TR_T2,1.0131665367270654e+136,907.5
0.010016041360829148,7.061297421214714e-140,40fs,P2_TR_T2,4.182585603467983e+137,910.0
0.010071920284088742,1.6832347324472557e-141,40fs,P2_TR_T2,1.7644153573618994e+139,912.5
0.01012776048596678,3.926428344685172e-143,40fs,P2_TR_T2,7.6058714189221265e+140,915.0
0.010183561773568208,8.96279536925909e-145,40fs,P2_TR_T2,3.3503444122568284e+142,917.5000000000001
0.010239323954146149,2.002083095183343e-146,40fs,P2_TR_T2,1.5080731863211424e+144,919.9999999999999
0.010295046835102553,4.3763649263964486e-148,40fs,P2_TR_T2,6.936622035894819e+145,922.5
0.010350730223988872,9.3613346688406e-150,40fs,P2_TR_T2,3.2603667183702356e+147,925.0
0.01040637392850671,1.9595431308809863e-151,40fs,P2_TR_T2,1.5659497920957958e+149,927.5
0.01046197775650851,4.0138828701479576e-153,40fs,P2_TR_T2,7.685680571084384e+150,930.0000000000001
0.010517541515998187,8.045765597134888e-155,40fs,P2_TR_T2,3.8546068823647957e+152,932.4999999999999
0.010573065015131814,1.5782030165895993e-156,40fs,P2_TR_T2,1.975473767022228e+154,935.0
0.010628548062218272,3.0293620123523323e-158,40fs,P2_TR_T2,1.0345607527948793e+156,937.5
0.010683990465719911,5.690262398681362e-160,40fs,P2_TR_T2,5.536488872200404e+157,940.0
0.010739392034253222,1.0459386824233551e-161,40fs,P2_TR_T2,3.0276572213918085e+159,942.5000000000001
0.010794752576589472,1.881364603745593e-163,40fs,P2_TR_T2,1.69189324659278e+161,944.9999999999999
0.010850071901655396,3.3115592165681205e-165,40fs,P2_TR_T2,9.661250084619595e+162,947.5
0.010905349818533826,5.704070631151873e-167,40fs,P2_TR_T2,5.637517980815222e+164,950.0
0.010960586136464364,9.614574663318554e-169,40fs,P2_TR_T2,3.361529573676031e+166,952.5
0.01101578066484404,1.5858717789562688e-170,40fs,P2_TR_T2,2.048238110835408e+168,955.0000000000001
0.011070933213227968,2.5597578165620432e-172,40fs,P2_TR_T2,1.2753182845534924e+170,957.4999999999999
0.0,4.04317461195222e-174,40fs,P3_fR_total_assumption,0.0,0.0
5.287118958082016e-178,2.5597578165620432e-172,40fs,P3_fR_total_assumption,6.090506870545386e-06,2.5
3.449585475798889e-176,1.585871778956359e-170,40fs,P3_fR_total_assumption,6.414046042750627e-06,5.0
2.1400260871474805e-174,9.614574663320193e-169,40fs,P3_fR_total_assumption,6.5632995268844e-06,7.5
1.298339997845932e-172,5.704070631151873e-167,40fs,P3_fR_total_assumption,6.711765514049417e-06,10.0
7.708173013307701e-171,3.3115592165681205e-165,40fs,P3_fR_total_assumption,6.863603103470635e-06,12.5
4.478308613130755e-169,1.881364603745593e-163,40fs,P3_fR_total_assumption,7.018984497288077e-06,15.0
2.54610552871438e-167,1.0459386824234742e-161,40fs,P3_fR_total_assumption,7.177999244137716e-06,17.5
1.4165723421431397e-165,5.690262398682333e-160,40fs,P3_fR_total_assumption,7.340737558784923e-06,20.0
7.712607946554961e-164,3.0293620123523323e-158,40fs,P3_fR_total_assumption,7.5072920934172706e-06,22.5
4.109264136185165e-162,1.5782030165895993e-156,40fs,P3_fR_total_assumption,7.677758049516585e-06,25.0
2.1425320874545324e-160,8.045765597133974e-155,40fs,P3_fR_total_assumption,7.85223325948221e-06,27.5
1.0931789493018435e-158,4.013882870148642e-153,40fs,P3_fR_total_assumption,8.030818270607889e-06,30.0
5.458282527985461e-157,1.9595431308814316e-151,40fs,P3_fR_total_assumption,8.213616432216302e-06,32.5
2.6669923565213775e-155,9.3613346688406e-150,40fs,P3_fR_total_assumption,8.400733986088916e-06,35.0
1.2752305980232238e-153,4.3763649263964486e-148,40fs,P3_fR_total_assumption,8.592280160333146e-06,37.5
5.967014087224721e-152,2.0020830951831156e-146,40fs,P3_fR_total_assumption,8.788367266865662e-06,40.0
2.7322911881303594e-150,8.962795369261129e-145,40fs,P3_fR_total_assumption,8.98911080263574e-06,42.5
1.2243305304432192e-148,3.9264283446856186e-143,40fs,P3_fR_total_assumption,9.194629554790334e-06,45.0
5.368739864076292e-147,1.6832347324472557e-141,40fs,P3_fR_total_assumption,9.405045709924707e-06,47.5
2.3038183669787735e-145,7.061297421214714e-140,40fs,P3_fR_total_assumption,9.620484967658777e-06,50.0
9.674455222062532e-144,2.8987925556130015e-138,40fs,P3_fR_total_assumption,9.841076658668072e-06,52.5
3.975643447293856e-142,1.1645082857355323e-136,40fs,P3_fR_total_assumption,1.0066953867428882e-05,55.0
1.5987891363631458e-140,4.577842442115459e-135,40fs,P3_fR_total_assumption,1.0298253559881635e-05,57.49999999999999
6.29184521830552e-139,1.761050914342121e-133,40fs,P3_fR_total_assumption,1.053511671620438e-05,60.0
2.423082429955527e-137,6.629423992879918e-132,40fs,P3_fR_total_assumption,1.0777688469023504e-05,62.5
9.131915921978248e-136,2.4421508804467998e-130,40fs,P3_fR_total_assumption,1.1026118247204287e-05,65.0
3.3679018339070676e-134,8.803634440724803e-129,40fs,P3_fR_total_assumption,1.1280559925593921e-05,67.5
1.2155169004129223e-132,3.1055914487241712e-127,40fs,P3_fR_total_assumption,1.1541171980912194e-05,70.0
4.293059372086666e-131,1.0720608987946802e-125,40fs,P3_fR_total_assumption,1.1808117654152218e-05,72.5
1.4838068401968818e-129,3.6214909399087454e-124,40fs,P3_fR_total_assumption,1.2081565119777051e-05,75.0
5.018716865300876e-128,1.1971488768243491e-122,40fs,P3_fR_total_assumption,1.2361687662024607e-05,77.5
1.6611664541943993e-126,3.872591914849733e-121,40fs,P3_fR_total_assumption,1.2648663858715012e-05,80.0
5.380703046762494e-125,1.2258804498680169e-119,40fs,P3_fR_total_assumption,1.2942677772875922e-05,82.5
1.705574145227415e-123,3.797408483805678e-118,40fs,P3_fR_total_assumption,1.3243919152624696e-05,85.0
5.290639732063702e-122,1.1511166249108782e-116,40fs,P3_fR_total_assumption,1.355258363968498e-05,87.5
1.6060242045684717e-120,3.4146339089941943e-115,40fs,P3_fR_total_assumption,1.386887298697698e-05,90.0
4.770925216773067e-119,9.912011196687242e-114,40fs,P3_fR_total_assumption,1.4192995285751502e-05,92.5
1.386947681797503e-117,2.8156082675613355e-112,40fs,P3_fR_total_assumption,1.452516520272633e-05,95.0
3.9457069348363846e-116,7.826642416177126e-111,40fs,P3_fR_total_assumption,1.4865604227790778e-05,97.5
1.0984927246763147e-114,2.1289799200040947e-109,40fs,P3_fR_total_assumption,1.5214540932743524e-05,100.0
2.9927986832883833e-113,5.6670944526351596e-108,40fs,P3_fR_total_assumption,1.557221124170319e-05,102.5
7.979324681029299e-112,1.4761896273832076e-106,40fs,P3_fR_total_assumption,1.5938858713773715e-05,105.0
2.0819171689136933e-110,3.7628478700134055e-105,40fs,P3_fR_total_assumption,1.631473483858383e-05,107.5
5.315814352014245e-109,9.386074218842395e-104,40fs,P3_fR_total_assumption,1.6700099345442943e-05,110.0
1.3282676467822989e-107,2.2911003953627085e-102,40fs,P3_fR_total_assumption,1.7095220526764647e-05,112.5
3.2479639858630827e-106,5.4726423784454864e-101,40fs,P3_fR_total_assumption,1.7500375576568227e-05,114.99999999999999
7.772254946517096e-105,1.2792129010972095e-99,40fs,P3_fR_total_assumption,1.7915850944865692e-05,117.5
1.8200926846029903e-103,2.9260477216826863e-98,40fs,P3_fR_total_assumption,1.8341942708756302e-05,120.0
4.1711040625246355e-102,6.549570053618195e-97,40fs,P3_fR_total_assumption,1.8778956961216337e-05,122.50000000000001
9.354488220106579e-101,1.4346203636550987e-95,40fs,P3_fR_total_assumption,1.922721021847309e-05,125.0
2.0530568228200893e-99,3.075062896855087e-94,40fs,P3_fR_total_assumption,1.9687029847027986e-05,127.50000000000001
4.4095501958245374e-98,6.450061089241159e-93,40fs,P3_fR_total_assumption,2.0158754511471282e-05,130.0
9.268308089287312e-97,1.3239343957222044e-91,40fs,P3_fR_total_assumption,2.0642734644129387e-05,132.5
1.9064260368596107e-95,2.6592668223246743e-90,40fs,P3_fR_total_assumption,2.1139332937929686e-05,135.0
3.837543201929866e-94,5.22697205046457e-89,40fs,P3_fR_total_assumption,2.16489248636893e-05,137.5
7.559636539834596e-93,1.0053823416929757e-87,40fs,P3_fR_total_assumption,2.217189921324641e-05,140.0
1.457348405791655e-91,1.8923660195615276e-86,40fs,P3_fR_total_assumption,2.2708658670002194e-05,142.5
2.7494209087583564e-90,3.4855542093571114e-85,40fs,P3_fR_total_assumption,2.325962040834681e-05,145.0
5.0761562439801164e-89,6.282483471475202e-84,40fs,P3_fR_total_assumption,2.3825216723739598e-05,147.5
9.171601951208326e-88,1.108112057419724e-82,40fs,P3_fR_total_assumption,2.4405895695240875e-05,150.0
1.621707232435356e-86,1.9126205553062116e-81,40fs,P3_fR_total_assumption,2.5002121882362867e-05,152.5
2.80619169477178e-85,3.2304778675876453e-80,40fs,P3_fR_total_assumption,2.561437705838822e-05,155.0
4.752043908885911e-84,5.339462413352705e-79,40fs,P3_fR_total_assumption,2.624316098224789e-05,157.5
7.87521468830103e-83,8.636168555094742e-78,40fs,P3_fR_total_assumption,2.6888992211368115e-05,160.0
1.2772145038707975e-81,1.3669023778183129e-76,40fs,P3_fR_total_assumption,2.7552408957966588e-05,162.5
2.027147807771391e-80,2.1171259753023026e-75,40fs,P3_fR_total_assumption,2.8233969991446647e-05,165.0
3.148674703166969e-79,3.208844818241278e-74,40fs,P3_fR_total_assumption,2.8934255589808586e-05,167.5
4.786209080427367e-78,4.7593050469208667e-73,40fs,P3_fR_total_assumption,2.9653868543063502e-05,170.0
7.119963000906218e-77,6.907663628197244e-72,40fs,P3_fR_total_assumption,3.0393435211985084e-05,172.5
1.0365415895563195e-75,9.81096289902554e-71,40fs,P3_fR_total_assumption,3.1153606645693584e-05,175.0
1.476792227888459e-74,1.3635934240873675e-69,40fs,P3_fR_total_assumption,3.193505976179347e-05,177.5
2.0590955536935517e-73,1.8546030753437235e-68,40fs,P3_fR_total_assumption,3.273849859316231e-05,180.0
2.809692729987446e-72,2.4683677618010113e-67,40fs,P3_fR_total_assumption,3.356465560565935e-05,182.5
3.752037653725632e-71,3.214856322752687e-66,40fs,P3_fR_total_assumption,3.441429309143487e-05,185.0
4.903457479897914e-70,4.097378494629236e-65,40fs,P3_fR_total_assumption,3.528820464280448e-05,187.5
6.271412388669023e-69,5.1102648820535023e-64,40fs,P3_fR_total_assumption,3.6187216712041356e-05,190.0
7.849769510628674e-68,6.236968523100268e-63,40fs,P3_fR_total_assumption,3.7112190262880964e-05,192.5
9.61563465037805e-67,7.448974807396534e-62,40fs,P3_fR_total_assumption,3.806402251989067e-05,195.0
1.1527348838248568e-65,8.705871875623537e-61,40fs,P3_fR_total_assumption,3.904364882241279e-05,197.5
1.352422251184926e-64,9.95682444457815e-60,40fs,P3_fR_total_assumption,4.00520445902417e-05,200.0
1.5528430137072316e-63,1.1143516000797958e-58,40fs,P3_fR_total_assumption,4.1090227408763114e-05,202.5
1.7449226617093817e-62,1.2204400324439147e-57,40fs,P3_fR_total_assumption,4.2159259241962005e-05,205.0
1.9189304771299266e-61,1.3079871012156541e-56,40fs,P3_fR_total_assumption,4.3260248782239224e-05,207.5
2.0652745682066467e-60,1.3717762838948118e-55,40fs,P3_fR_total_assumption,4.439435394677393e-05,210.0
2.1753691052255556e-59,1.4078485307012942e-54,40fs,P3_fR_total_assumption,4.556278453101633e-05,212.5
2.242465933289198e-58,1.4139087633983193e-53,40fs,P3_fR_total_assumption,4.6766805030513794e-05,215.0
2.2623388852995832e-57,1.3895675165326348e-52,40fs,P3_fR_total_assumption,4.800773764351857e-05,217.5
2.233724355130723e-56,1.3363823550460946e-51,40fs,P3_fR_total_assumption,4.928696546756787e-05,220.0
2.1584542742418115e-55,1.2576929457366528e-50,40fs,P3_fR_total_assumption,5.0605935904458005e-05,222.5
2.0412620361656574e-54,1.1582740589758984e-49,40fs,P3_fR_total_assumption,5.196616428930545e-05,225.0
1.8892899489954123e-53,1.0438566141675364e-48,40fs,P3_fR_total_assumption,5.3369237760475225e-05,227.5
1.7113694586578653e-52,9.205834807431894e-48,40fs,P3_fR_total_assumption,5.4816819388918856e-05,229.99999999999997
1.517174893747264e-51,7.944714960708699e-47,40fs,P3_fR_total_assumption,5.631065258680761e-05,232.50000000000003
1.316363002083909e-50,6.7094400333768346e-46,40fs,P3_fR_total_assumption,5.785256581717268e-05,235.0
1.1178031403955644e-49,5.54481478302343e-45,40fs,P3_fR_total_assumption,5.9444477628167555e-05,237.5
9.289795546647885e-49,4.484155085839422e-44,40fs,P3_fR_total_assumption,6.108840203771141e-05,240.0
7.556135590012983e-48,3.5486814611348836e-43,40fs,P3_fR_total_assumption,6.278645429644239e-05,242.49999999999997
6.015167406302306e-47,2.7481866376710957e-42,40fs,P3_fR_total_assumption,6.454085705961276e-05,245.00000000000003
4.68653398220483e-46,2.0826593586599729e-41,40fs,P3_fR_total_assumption,6.635394700118216e-05,247.5
3.5736633546212806e-45,1.544482790246058e-40,40fs,P3_fR_total_assumption,6.822818190656923e-05,250.0
2.6670743389920564e-44,1.1208325048907138e-39,40fs,P3_fR_total_assumption,7.016614828383973e-05,252.49999999999997
1.9481306223803003e-43,7.959598724970623e-39,40fs,P3_fR_total_assumption,7.217056953685894e-05,255.00000000000003
1.3927219257106533e-42,5.53139207203716e-38,40fs,P3_fR_total_assumption,7.424431474812369e-05,257.5
9.744871610541782e-42,3.761581922631434e-37,40fs,P3_fR_total_assumption,7.639040812343895e-05,260.0
6.673524320572911e-41,2.5032222998648686e-36,40fs,P3_fR_total_assumption,7.861203915585682e-05,262.5
4.4730515954615426e-40,1.6301258188739242e-35,40fs,P3_fR_total_assumption,8.091257357171531e-05,265.0
2.9344336316014803e-39,1.038808861615787e-34,40fs,P3_fR_total_assumption,8.329556512798793e-05,267.5
1.8841638348814454e-38,6.478030345060284e-34,40fs,P3_fR_total_assumption,8.57647683369791e-05,270.0
1.1841026883225347e-37,3.953148445956369e-33,40fs,P3_fR_total_assumption,8.832415220210959e-05,272.5
7.283478240420985e-37,2.360674346420289e-32,40fs,P3_fR_total_assumption,9.097791505716765e-05,275.0
4.384999558890949e-36,1.3795004635804656e-31,40fs,P3_fR_total_assumption,9.373050061079462e-05,277.5
2.583950249220058e-35,7.888609052210328e-31,40fs,P3_fR_total_assumption,9.658661530874726e-05,280.0
1.490339804246758e-34,4.4144014834575936e-30,40fs,P3_fR_total_assumption,9.95512471382447e-05,282.5
8.413482661658127e-34,2.417330530734421e-29,40fs,P3_fR_total_assumption,0.00010262968601203758,285.0
4.648989332656328e-33,1.2953676827709456e-28,40fs,P3_fR_total_assumption,0.00010582754588471558,287.5
2.5144125544947576e-32,6.7927071471017025e-28,40fs,P3_fR_total_assumption,0.00010915078877033518,290.0
1.3311067164921102e-31,3.4856641308083725e-27,40fs,P3_fR_total_assumption,0.00011260575084923704,292.5
6.8974854317665325e-31,1.750334270107217e-26,40fs,P3_fR_total_assumption,0.0001161991708727996,295.0
3.498433613597391e-30,8.601006330030146e-26,40fs,P3_fR_total_assumption,0.00011993822109856143,297.5
1.7368602991321158e-29,4.13590306276516e-25,40fs,P3_fR_total_assumption,0.00012383054101472056,300.0
8.440499670713266e-29,1.9461855683176783e-24,40fs,P3_fR_total_assumption,0.00012788427414295542,302.5
4.0150152322968687e-28,8.961711462948973e-24,40fs,P3_fR_total_assumption,0.00013210810824246187,305.0
1.869501893153869e-27,4.038224681096516e-23,40fs,P3_fR_total_assumption,0.00013651131927627487,307.5
8.52095653109363e-27,1.7806674223698252e-22,40fs,P3_fR_total_assumption,0.0001411038195444834,310.0
3.8017078412725325e-26,7.683656836383156e-22,40fs,P3_fR_total_assumption,0.0001458962104379836,312.5
1.6603569600017714e-25,3.2444861166020607e-21,40fs,P3_fR_total_assumption,0.00015089984032243224,315.0
7.098410437576641e-25,1.3406539512355657e-20,40fs,P3_fR_total_assumption,0.00015612686812550375,317.5
2.970724793524316e-24,5.421010862427569e-20,40fs,P3_fR_total_assumption,0.00016159033327307993,320.0
1.2170554635989203e-23,2.1450463219768756e-19,40fs,P3_fR_total_assumption,0.0001673042327026292,322.5
4.8810148449700714e-23,8.305884458501104e-19,40fs,P3_fR_total_assumption,0.0001732836057765165,325.0
1.9163158451125696e-22,3.1472258401826113e-18,40fs,P3_fR_total_assumption,0.00017954462802606406,327.5
7.365239714422568e-22,1.1669782019243151e-17,40fs,P3_fR_total_assumption,0.00018610471478143871,330.0
2.7712480003591065e-21,4.234385483205408e-17,40fs,P3_fR_total_assumption,0.0001929826358846701,332.5
1.0207955041687757e-20,1.5035256894356909e-16,40fs,P3_fR_total_assumption,0.0002001986428474525,335.0
3.681148765468094e-20,5.224252104919653e-16,40fs,P3_fR_total_assumption,0.00020777461000427027,337.5
1.2996187261843293e-19,1.7763568394002777e-15,40fs,P3_fR_total_assumption,0.00021573419142988725,340.0
4.492039223490293e-19,5.9105665440269306e-15,40fs,P3_fR_total_assumption,0.0002241029956432297,342.5
1.5201045204786966e-18,1.924512882477682e-14,40fs,P3_fR_total_assumption,0.00023290878041263533,345.0
5.036320773519031e-18,6.132045187752806e-14,40fs,P3_fR_total_assumption,0.00024218167031836438,347.5
1.633696569633227e-17,1.9119770860328002e-13,40fs,P3_fR_total_assumption,0.00025195440012474067,350.0
5.188668690343972e-17,5.833817413435082e-13,40fs,P3_fR_total_assumption,0.00026226258747716254,352.5
1.6135256661434754e-16,1.7418702203914818e-12,40fs,P3_fR_total_assumption,0.0002731450389802886,355.0
4.912929287421013e-16,5.089458400246527e-12,40fs,P3_fR_total_assumption,0.0002846440943480096,357.5
1.4647368893839116e-15,1.4551915228366858e-11,40fs,P3_fR_total_assumption,0.00029680601406034744,360.0
4.276056824001842e-15,4.071566720197273e-11,40fs,P3_fR_total_assumption,0.00030968141683949073,362.5
1.2223705027466956e-14,1.1147969410505489e-10,40fs,P3_fR_total_assumption,0.00032332577429176196,365.0
3.421757031964019e-14,2.986914515678748e-10,40fs,P3_fR_total_assumption,0.0003377999712861333,367.5
9.379816920126785e-14,7.831458144390219e-10,40fs,P3_fR_total_assumption,0.00035317094209177735,370.0
2.5179729373105653e-13,2.009348567122817e-09,40fs,P3_fR_total_assumption,0.0003695123940225695,372.5
6.619612436455338e-13,5.044995050642303e-09,40fs,P3_fR_total_assumption,0.00038690563239397627,375.0
1.7043269792604149e-12,1.2395356448939122e-08,40fs,P3_fR_total_assumption,0.0004054405030570582,377.5
4.2976095358069875e-12,2.980232238769551e-08,40fs,P3_fR_total_assumption,0.0004252164717219336,380.0
1.06137864078539e-11,7.011872480215363e-08,40fs,P3_fR_total_assumption,0.0004463438628270111,382.5
2.5674362164479648e-11,1.6143984162055177e-07,40fs,P3_fR_total_assumption,0.0004689452849825423,385.0
6.083205110056403e-11,3.6373094338048876e-07,40fs,P3_fR_total_assumption,0.0004931572751838158,387.5
1.4118459820390752e-10,8.019413139855606e-07,40fs,P3_fR_total_assumption,0.0005191322002571001,390.0
3.209844220721963e-10,1.7302057032589052e-06,40fs,P3_fR_total_assumption,0.000547040461628574,392.5
7.148966621335778e-10,3.6529666164343784e-06,40fs,P3_fR_total_assumption,0.000577073058819644,395.0
1.559866620361976e-09,7.547210794021535e-06,40fs,P3_fR_total_assumption,0.0006094445784806897,397.5
3.334572289806791e-09,1.525878906250017e-05,40fs,P3_fR_total_assumption,0.0006443966898012609,400.0
6.984356228674623e-09,3.018884317608593e-05,40fs,P3_fR_total_assumption,0.0006822022444386705,402.5
1.4334182006971824e-08,5.844746586295039e-05,40fs,P3_fR_total_assumption,0.0007231701005353743,405.0
2.8827580687428074e-08,0.00011073316500856959,40fs,P3_fR_total_assumption,0.00076765081702989,407.5
5.681494298778326e-08,0.00020529697638030364,40fs,P3_fR_total_assumption,0.000816043397702649,410.0
1.0974087968131115e-07,0.00037246048602161913,40fs,P3_fR_total_assumption,0.0008688033060387411,412.5
2.077592515551226e-07,0.0006612575912777836,40fs,P3_fR_total_assumption,0.0009264520243752395,415.0
3.8554524713153466e-07,0.0011488251871584823,40fs,P3_fR_total_assumption,0.0009895884969858529,417.5
7.013792858166292e-07,0.001953125,40fs,P3_fR_total_assumption,0.001058902880740593,420.0
1.250937075718481e-06,0.003249368320950685,40fs,P3_fR_total_assumption,0.0011351931340330842,422.5
2.1876020043113736e-06,0.005290060730222275,40fs,P3_fR_total_assumption,0.0012193851117647317,425.0
3.7514583468599217e-06,0.008427818732477525,40fs,P3_fR_total_assumption,0.0013125570105850775,427.5
6.309328091715262e-06,0.013139006488339312,40fs,P3_fR_total_assumption,0.0014159692367076869,430.0
1.0408144330502286e-05,0.020044844001230914,40fs,P3_fR_total_assumption,0.0015311010651075359,432.5
1.6843444920296837e-05,0.029925102521830636,40fs,P3_fR_total_assumption,0.0016596958462711774,435.0
2.674364965074339e-05,0.0437181147668224,40fs,P3_fR_total_assumption,0.0018038170255049028,437.5
4.166891226350763e-05,0.06250000000000017,40fs,P3_fR_total_assumption,0.0019659179119193293,440.0
6.372065926004125e-05,0.08743622953364458,40fs,P3_fR_total_assumption,0.002148929027090817,442.5
9.565452769443469e-05,0.1197004100873224,40fs,P3_fR_total_assumption,0.0023563680565751944,445.0
0.00014098557724174788,0.16035875200984792,40fs,P3_fR_total_assumption,0.002592479031625117,447.5
0.0002040708845315189,0.21022410381342924,40fs,P3_fR_total_assumption,0.0028624095387409986,450.0
0.000290151643375087,0.2696901994392804,40fs,P3_fR_total_assumption,0.0031724377098202913,452.5
0.00040533553612657347,0.33856388673422333,40fs,P3_fR_total_assumption,0.0035302647962802414,455.0
0.0005565012414940414,0.41591914508168554,40fs,P3_fR_total_assumption,0.003945394720781655,457.5
0.0007511111348732212,0.4999999999999994,40fs,P3_fR_total_assumption,0.004429629769765155,459.99999999999994
0.000996925744944204,0.5881984958251415,40fs,P3_fR_total_assumption,0.004997722467025623,462.5
0.0013016240030101715,0.6771277734684487,40fs,P3_fR_total_assumption,0.005668239009748783,465.00000000000006
0.001672345746316638,0.7627990753722692,40fs,P3_fR_total_assumption,0.006464711452644815,467.5
0.0021151856907407817,0.8408964152537158,40fs,P3_fR_total_assumption,0.007417187061353874,470.0
0.002634679145708493,0.9071260877501989,40fs,P3_fR_total_assumption,0.008564328367329333,472.49999999999994
0.003233327017509938,0.957603280698574,40fs,P3_fR_total_assumption,0.009956283152717509,475.0
0.003911209405747704,0.989228013193976,40fs,P3_fR_total_assumption,0.011658640093182663,477.50000000000006
0.00466573237115887,1.0,40fs,P3_fR_total_assumption,0.013757928786750515,480.0
0.005491541318832381,0.9892280131939751,40fs,P3_fR_total_assumption,0.016369336732270673,482.5
0.006380618111495657,0.957603280698574,40fs,P3_fR_total_assumption,0.019647638566522803,484.99999999999994
0.007322559698645048,0.9071260877501989,40fs,P3_fR_total_assumption,0.02380282466300244,487.5
0.008305016523787411,0.8408964152537128,40fs,P3_fR_total_assumption,0.02912267295217603,490.00000000000006
0.00931425214982633,0.7627990753722692,40fs,P3_fR_total_assumption,0.036005684038976894,492.49999999999994
0.010335773861397848,0.677127773468445,40fs,P3_fR_total_assumption,0.04500964676560256,495.0
0.011354978995882066,0.5881984958251415,40fs,P3_fR_total_assumption,0.056924032635449665,497.49999999999994
0.012357763795458825,0.4999999999999994,40fs,P3_fR_total_assumption,0.07287911981937265,500.0
0.013331049869215107,0.41591914508168226,40fs,P3_fR_total_assumption,0.09451237455512818,502.50000000000006
0.014263196179068727,0.33856388673422333,40fs,P3_fR_total_assumption,0.12422512922153851,504.99999999999994
0.015144279548166613,0.2696901994392791,40fs,P3_fR_total_assumption,0.16558335830121781,507.5
0.015966241688605994,0.21022410381342696,40fs,P3_fR_total_assumption,0.22395121485471775,510.00000000000006
0.016722913651155323,0.16035875200984706,40fs,P3_fR_total_assumption,0.3075052344819576,512.5
0.017409938043775018,0.11970041008732092,40fs,P3_fR_total_assumption,0.4288790385788715,515.0
0.018024614742205184,0.08743622953364458,40fs,P3_fR_total_assumption,0.6078659303191382,517.5
0.018565697243065653,0.0624999999999997,40fs,P3_fR_total_assumption,0.8759200750574606,520.0
0.01903316496418498,0.043718114766821775,40fs,P3_fR_total_assumption,1.2837569838074228,522.5
0.01942799267871683,0.029925102521830397,40fs,P3_fR_total_assumption,1.914368402831763,525.0
0.01975193296394046,0.020044844001230744,40fs,P3_fR_total_assumption,2.9056289611966477,527.5
0.020007322025482346,0.013139006488339312,40fs,P3_fR_total_assumption,4.490137790454541,530.0
0.020196914258758903,0.008427818732477457,40fs,P3_fR_total_assumption,7.066478940039204,532.5
0.02032374688117253,0.0052900607302221675,40fs,P3_fR_total_assumption,11.328602878099101,535.0
0.020391033089352664,0.003249368320950653,40fs,P3_fR_total_assumption,18.504336635461687,537.5
0.020402080430101426,0.0019531249999999811,40fs,P3_fR_total_assumption,30.801910146779065,540.0
0.020360230247921166,0.0011488251871584823,40fs,P3_fR_total_assumption,52.25910525218411,542.5
0.02026881394751998,0.000661257591277776,40fs,P3_fR_total_assumption,90.38386292214285,545.0
0.020131122141891538,0.0003724604860216105,40fs,P3_fR_total_assumption,159.3752986301605,547.5
0.019950383333194533,0.0002052969763803011,40fs,P3_fR_total_assumption,286.5509977576021,550.0
0.019729749433518698,0.00011073316500856802,40fs,P3_fR_total_assumption,525.3842990383492,552.5
0.019472286068725093,5.844746586295039e-05,40fs,P3_fR_total_assumption,982.391256586838,555.0
0.019180966161292626,3.018884317608545e-05,40fs,P3_fR_total_assumption,1873.515287209132,557.5
0.01885866573379476,1.5258789062499707e-05,40fs,P3_fR_total_assumption,3644.383961947428,560.0
0.018508161213240087,7.547210794021428e-06,40fs,P3_fR_total_assumption,7231.19423277254,562.5
0.018132127761148226,3.6529666164343462e-06,40fs,P3_fR_total_assumption,14636.468435600802,565.0
0.017733138323331496,1.7302057032589052e-06,40fs,P3_fR_total_assumption,30221.853484019583,567.5
0.017313663205672566,8.019413139855491e-07,40fs,P3_fR_total_assumption,63661.90213956754,570.0
0.01687607005412487,3.637309433804784e-07,40fs,P3_fR_total_assumption,136812.03531909978,572.5
0.01642262416172317,1.6143984162055177e-07,40fs,P3_fR_total_assumption,299961.187675976,575.0
0.015955489052174147,7.011872480215239e-08,40fs,P3_fR_total_assumption,670979.6431904654,577.5
0.015476727305281884,2.980232238769551e-08,40fs,P3_fR_total_assumption,1531306.9565122153,580.0
0.014988301598471204,1.23953564489389e-08,40fs,P3_fR_total_assumption,3565550.8678811225,582.5
0.01449207594380121,5.044995050642142e-09,40fs,P3_fR_total_assumption,8470383.820144888,585.0
0.013989817102811263,2.009348567122817e-09,40fs,P3_fR_total_assumption,20530049.124035064,587.5
0.01348319616330693,7.831458144390052e-10,40fs,P3_fR_total_assumption,50767228.52858287,590.0
0.0129737902633336,2.986914515678748e-10,40fs,P3_fR_total_assumption,128078818.49842837,592.5
0.012463084448407094,1.1147969410505251e-10,40fs,P3_fR_total_assumption,329657531.844088,595.0
0.011952473648733215,4.071566720197114e-11,40fs,P3_fR_total_assumption,865624365.3030859,597.5
0.011443264763734145,1.4551915228366858e-11,40fs,P3_fR_total_assumption,2318798568.519524,600.0
0.010936678841748771,5.0894584002464185e-12,40fs,P3_fR_total_assumption,6336466213.864133,602.5
0.010433853343304367,1.7418702203914012e-12,40fs,P3_fR_total_assumption,17662906379.3163,605.0
0.009935844476877526,5.833817413434957e-13,40fs,P3_fR_total_assumption,50220980308.99492,607.5
0.00944362959657532,1.9119770860327118e-13,40fs,P3_fR_total_assumption,145642959300.55548,610.0
0.008958109651674446,6.132045187752806e-14,40fs,P3_fR_total_assumption,430768820315.1702,612.5
0.00848011167845634,1.9245128824776344e-14,40fs,P3_fR_total_assumption,1299313594679.8474,615.0
0.008010391325269442,5.910566544026636e-15,40fs,P3_fR_total_assumption,3996297901585.746,617.5
0.0075496354022350385,1.7763568394002396e-15,40fs,P3_fR_total_assumption,12532248545491.15,620.0
0.007098464447490049,5.224252104919504e-16,40fs,P3_fR_total_assumption,40065772294831.97,622.5
0.006657435302327709,1.5035256894356909e-16,40fs,P3_fR_total_assumption,130565770218200.69,625.0
0.006227043688055012,4.234385483205287e-17,40fs,P3_fR_total_assumption,433635425098788.25,627.5
0.00580772677783325,1.1669782019242404e-17,40fs,P3_fR_total_assumption,1467495122257521.8,630.0
0.00539986575720472,3.1472258401825443e-18,40fs,P3_fR_total_assumption,5059275021081251.0,632.5
0.005003788367433954,8.305884458500868e-19,40fs,P3_fR_total_assumption,1.776422564551503e+16,635.0
0.004619771426205586,2.1450463219768756e-19,40fs,P3_fR_total_assumption,6.350633449664769e+16,637.5
0.004248043320622697,5.4210108624274144e-20,40fs,P3_fR_total_assumption,2.3106911062049664e+17,640.0
0.003888786467838794,1.3406539512354801e-20,40fs,P3_fR_total_assumption,8.553239593170459e+17,642.5
0.003542139739033627,3.2444861166020144e-21,40fs,P3_fR_total_assumption,3.219237392297579e+18,645.0
0.0032082008428071422,7.683656836382993e-22,40fs,P3_fR_total_assumption,1.2311949387800498e+19,647.5
0.002887028664417368,1.7806674223698252e-22,40fs,P3_fR_total_assumption,4.780810349133595e+19,650.0
0.0025786455576264277,4.038224681096344e-23,40fs,P3_fR_total_assumption,1.882931000533262e+20,652.5
0.002283039586244406,8.9617114629484e-24,40fs,P3_fR_total_assumption,7.512002404256877e+20,655.0
0.002000166712773259,1.946185568317637e-24,40fs,P3_fR_total_assumption,3.0305062283865867e+21,657.5
0.0017299529318524777,4.1359030627650723e-25,40fs,P3_fR_total_assumption,1.2333807594562558e+22,660.0
0.0014722963464947648,8.601006330030146e-26,40fs,P3_fR_total_assumption,5.0475333887188955e+22,662.5
0.0012270691853736926,1.7503342701071423e-26,40fs,P3_fR_total_assumption,2.067194245707499e+23,665.0
0.0009941197596862546,3.48566413080815e-27,40fs,P3_fR_total_assumption,8.409814223501774e+23,667.5
0.0007732743583615463,6.7927071471017025e-28,40fs,P3_fR_total_assumption,3.3567882883880016e+24,670.0
0.0005643390806226587,1.2953676827709272e-28,40fs,P3_fR_total_assumption,1.2846366312268842e+25,672.5
0.0003671016051324366,2.417330530734421e-29,40fs,P3_fR_total_assumption,4.47799371370332e+25,675.0
0.00018133289516522545,4.414401483457468e-30,40fs,P3_fR_total_assumption,1.211261741077299e+26,677.5
6.788839446326789e-06,7.888609052209769e-31,40fs,P3_fR_total_assumption,2.5376302202148867e+25,680.0
-0.00015678817151115846,1.3795004635804656e-31,40fs,P3_fR_total_assumption,-3.35138775003865e+27,682.5
-0.0003096677335658526,2.360674346420222e-32,40fs,P3_fR_total_assumption,-3.8680591649124177e+28,685.0
-0.00045212998143230284,3.953148445956089e-33,40fs,P3_fR_total_assumption,-3.372511327690611e+29,687.5
-0.0005844642051635903,6.478030345060099e-34,40fs,P3_fR_total_assumption,-2.66040756271428e+30,690.0
-0.0007069675301620538,1.0388088616156983e-34,40fs,P3_fR_total_assumption,-2.006767483776866e+31,692.5
-0.0008199436601140922,1.6301258188739242e-35,40fs,P3_fR_total_assumption,-1.4831877144220038e+32,695.0
-0.0009237016821212277,2.5032222998647974e-36,40fs,P3_fR_total_assumption,-1.0880918284720211e+33,697.5
-0.0010185549331855038,3.761581922631113e-37,40fs,P3_fR_total_assumption,-7.984489704104322e+33,700.0
-0.0011048199271025156,5.531392072037003e-38,40fs,P3_fR_total_assumption,-5.889660878710262e+34,702.5
-0.0011828153407196377,7.959598724970056e-39,40fs,P3_fR_total_assumption,-4.381865148876651e+35,705.0
-0.0012528610584299634,1.1208325048907138e-39,40fs,P3_fR_total_assumption,-3.296062412646048e+36,707.5
-0.0013152772736938383,1.544482790245992e-40,40fs,P3_fR_total_assumption,-2.511120051952224e+37,710.0
-0.0013703836463092435,2.0826593586597952e-41,40fs,P3_fR_total_assumption,-1.9402476154823247e+38,712.5
-0.0014184985140894464,2.7481866376710568e-42,40fs,P3_fR_total_assumption,-1.5220043542129847e+39,715.0
-0.0014599381575508522,3.548681461134833e-43,40fs,P3_fR_total_assumption,-1.2131113756859236e+40,717.5
-0.001495016116165621,4.484155085839422e-44,40fs,P3_fR_total_assumption,-9.831017819346738e+40,720.0
-0.0015240425546919976,5.544814783023036e-45,40fs,P3_fR_total_assumption,-8.104818305905854e+41,722.5
-0.0015473236780601204,6.709440033376262e-46,40fs,P3_fR_total_assumption,-6.800300888412876e+42,725.0
-0.001565161193262038,7.94471496070836e-47,40fs,P3_fR_total_assumption,-5.809168643599864e+43,727.5
-0.0015778518166714118,9.205834807431501e-48,40fs,P3_fR_total_assumption,-5.05401201472823e+44,730.0
-0.0015856868252006925,1.0438566141675364e-48,40fs,P3_fR_total_assumption,-4.479296427358191e+45,732.5
-0.0015889516496910099,1.158274058975816e-49,40fs,P3_fR_total_assumption,-4.045130953922799e+46,735.0
-0.0015879255089224545,1.2576929457365277e-50,40fs,P3_fR_total_assumption,-3.722963116919337e+47,737.5
-0.0015828810826294263,1.3363823550460946e-51,40fs,P3_fR_total_assumption,-3.492615598680587e+48,740.0
-0.0015740842219071037,1.3895675165324967e-52,40fs,P3_fR_total_assumption,-3.340269790930059e+49,742.5
-0.0015617936954005222,1.4139087633983193e-53,40fs,P3_fR_total_assumption,-3.257133148219037e+50,745.0
-0.0015462609696769657,1.4078485307011942e-54,40fs,P3_fR_total_assumption,-3.238620757317967e+51,747.5
-0.0015277300221951274,1.3717762838946754e-55,40fs,P3_fR_total_assumption,-3.2839501529011146e+52,750.0
-0.001506437185300547,1.3079871012156541e-56,40fs,P3_fR_total_assumption,-3.396102578368994e+53,752.5
-0.0014826110196958675,1.2204400324438105e-57,40fs,P3_fR_total_assumption,-3.5821520177358684e+54,755.0
-0.0014564722158563284,1.1143516000797958e-58,40fs,P3_fR_total_assumption,-3.854013189730265e+55,757.5
-0.0014282335218853053,9.956824444577585e-60,40fs,P3_fR_total_assumption,-4.229719871416814e+56,760.0
-0.0013980996963314548,8.705871875622548e-61,40fs,P3_fR_total_assumption,-4.735426534605268e+57,762.5
-0.0013662674845178857,7.448974807396534e-62,40fs,P3_fR_total_assumption,-5.408445535816871e+58,765.0
-0.0013329256169645437,6.236968523099913e-63,40fs,P3_fR_total_assumption,-6.301814217102683e+59,767.5
-0.0012982548285174914,5.1102648820535023e-64,40fs,P3_fR_total_assumption,-7.491171990523035e+60,770.0
-0.0012624278968327478,4.097378494629119e-65,40fs,P3_fR_total_assumption,-9.085184107918072e+61,772.5
-0.0012256096988977237,3.214856322752322e-66,40fs,P3_fR_total_assumption,-1.124148936823559e+63,775.0
-0.0011879572843097568,2.4683677618010113e-67,40fs,P3_fR_total_assumption,-1.4191365730682408e+64,777.5
-0.00114961996406878,1.8546030753436707e-68,40fs,P3_fR_total_assumption,-1.8278331721335697e+65,780.0
-0.0011107394136794665,1.3635934240872126e-69,40fs,P3_fR_total_assumption,-2.4019309477511937e+66,782.5
-0.0010714497893972318,9.810962899025261e-71,40fs,P3_fR_total_assumption,-3.220278435116268e+67,785.0
-0.001031877856492018,6.907663628196852e-72,40fs,P3_fR_total_assumption,-4.404842100160102e+68,787.5
-0.0009921431284437682,4.7593050469208667e-73,40fs,P3_fR_total_assumption,-6.147011426451985e+69,790.0
-0.0009523580160237251,3.208844818241096e-74,40fs,P3_fR_total_assumption,-8.75154560136656e+70,792.5
-0.0009126279852561055,2.1171259753020618e-75,40fs,P3_fR_total_assumption,-1.271101744544524e+72,795.0
-0.0008730517232951267,1.3669023778183129e-76,40fs,P3_fR_total_assumption,-1.8833702599511174e+73,797.5
-0.0008337213112927607,8.636168555093759e-78,40fs,P3_fR_total_assumption,-2.84664313712082e+74,800.0
-0.0007947224033727837,5.339462413352705e-79,40fs,P3_fR_total_assumption,-4.388854221004132e+75,802.5
-0.0007561344108666712,3.2304778675876453e-80,40fs,P3_fR_total_assumption,-6.901849201123907e+76,805.0
-0.0007180306910064806,1.9126205553060485e-81,40fs,P3_fR_total_assumption,-1.1069994936671406e+78,807.5
-0.0006804787393090748,1.108112057419724e-82,40fs,P3_fR_total_assumption,-1.8107734311581504e+79,810.0
-0.0006435403849247177,6.282483471474309e-84,40fs,P3_fR_total_assumption,-3.0204919636773176e+80,812.5
-0.0006072719882612115,3.4855542093571114e-85,40fs,P3_fR_total_assumption,-5.137414895835887e+81,815.0
-0.0005717246402322386,1.8923660195615276e-86,40fs,P3_fR_total_assumption,-8.908713699941284e+82,817.5
-0.000536944362515386,1.0053823416928899e-87,40fs,P3_fR_total_assumption,-1.5748212531225054e+84,820.0
-0.0005029723082414114,5.22697205046457e-89,40fs,P3_fR_total_assumption,-2.8374428994463966e+85,822.5
-0.00046984496257159635,2.659266822324221e-90,40fs,P3_fR_total_assumption,-5.20985808050165e+86,825.0
-0.00043759434265451064,1.3239343957222044e-91,40fs,P3_fR_total_assumption,-9.746270635554476e+87,827.5
-0.0004062481964871131,6.450061089241159e-93,40fs,P3_fR_total_assumption,-1.8572093070777086e+89,830.0
-0.00037583020023783305,3.07506289685465e-94,40fs,P3_fR_total_assumption,-3.6038848449087234e+90,832.5
-0.0003463601536210656,1.4346203636550987e-95,40fs,P3_fR_total_assumption,-7.119084794677294e+91,835.0
-0.0003178541729433685,6.549570053617264e-97,40fs,P3_fR_total_assumption,-1.431028750223641e+93,837.5
-0.0002903248814715233,2.9260477216826863e-98,40fs,P3_fR_total_assumption,-2.9257424019803105e+94,840.0
-0.00026378159680153206,1.2792129010972095e-99,40fs,P3_fR_total_assumption,-6.080438434939229e+95,842.5
-0.00023823051493552662,5.4726423784447085e-101,40fs,P3_fR_total_assumption,-1.2836113649405788e+97,845.0
-0.00021367489080047016,2.2911003953627085e-102,40fs,P3_fR_total_assumption,-2.7500627513703823e+98,847.5
-0.0001901152149684326,9.386074218841595e-104,40fs,P3_fR_total_assumption,-5.972637053907461e+99,850.0
-0.00016754938636310044,3.7628478700134055e-105,40fs,P3_fR_total_assumption,-1.3129839417711897e+101,852.5
-0.00014597288076105663,1.4761896273832076e-106,40fs,P3_fR_total_assumption,-2.915837135972881e+102,855.0
-0.0001253789149192265,5.667094452634194e-108,40fs,P3_fR_total_assumption,-6.5237496904830236e+103,857.5
-0.00010575860618174324,2.1289799200040947e-109,40fs,P3_fR_total_assumption,-1.4647968134847393e+105,860.0
-8.710112744034405e-05,7.826642416176459e-111,40fs,P3_fR_total_assumption,-3.2815688283659203e+106,862.5
-6.939385734227811e-05,2.8156082675613355e-112,40fs,P3_fR_total_assumption,-7.267449631875708e+107,865.0
-5.2622525658599174e-05,9.912011196687242e-114,40fs,P3_fR_total_assumption,-1.5654641912454884e+109,867.5
-3.6771353743641785e-05,3.414633908993612e-115,40fs,P3_fR_total_assumption,-3.1754019222075356e+110,870.0
-2.1823190033457094e-05,1.1511166249108782e-116,40fs,P3_fR_total_assumption,-5.590261729989325e+111,872.5
-7.759640547026436e-06,3.797408483805678e-118,40fs,P3_fR_total_assumption,-6.025422720308876e+112,875.0
5.438805630803164e-06,1.2258804498678776e-119,40fs,P3_fR_total_assumption,1.3082437023011516e+114,877.5
1.779265589148962e-05,3.8725919148492925e-121,40fs,P3_fR_total_assumption,1.3547909239137936e+116,880.0
2.9323298663550123e-05,1.1971488768240769e-122,40fs,P3_fR_total_assumption,7.222672030083159e+117,882.5
4.005289297288357e-05,3.6214909399087454e-124,40fs,P3_fR_total_assumption,3.2612171717926985e+119,885.0
5.000426297198742e-05,1.0720608987946802e-125,40fs,P3_fR_total_assumption,1.3753739913813496e+121,887.5
5.920079739654938e-05,3.105591448723818e-127,40fs,P3_fR_total_assumption,5.621037304612447e+122,890.0
6.766635389783862e-05,8.803634440723803e-129,40fs,P3_fR_total_assumption,2.2664388623393698e+124,892.5
7.542516819002953e-05,2.4421508804462448e-130,40fs,P3_fR_total_assumption,9.107035482851515e+125,895.0
8.250176794304222e-05,6.629423992879918e-132,40fs,P3_fR_total_assumption,3.669616609163804e+127,897.5
8.892089134365046e-05,1.761050914342121e-133,40fs,P3_fR_total_assumption,1.488898624029687e+129,900.0
9.470741024046599e-05,4.577842442114938e-135,40fs,P3_fR_total_assumption,6.100372478604507e+130,902.5
9.98862577819336e-05,1.1645082857354e-136,40fs,P3_fR_total_assumption,2.5292769897798753e+132,905.0
0.0001044823604506372,2.8987925556126715e-138,40fs,P3_fR_total_assumption,1.0628184172361255e+134,907.5
0.00010852057439199836,7.061297421214714e-140,40fs,P3_fR_total_assumption,4.5316964635065586e+135,910.0
0.00011202562593082189,1.6832347324472557e-141,40fs,P3_fR_total_assumption,1.9624831137978455e+137,912.5
0.00011502205616508008,3.926428344685172e-143,40fs,P3_fR_total_assumption,8.638069302130884e+138,915.0
0.00011753416952280443,8.96279536925909e-145,40fs,P3_fR_total_assumption,3.866819457334116e+140,917.5000000000001
0.00011958598616494699,2.002083095183343e-146,40fs,P3_fR_total_assumption,1.7612922493979872e+142,919.9999999999999
0.00012120119811455564,4.3763649263964486e-148,40fs,P3_fR_total_assumption,8.166324205070071e+143,922.5
0.000122403128990558,9.3613346688406e-150,40fs,P3_fR_total_assumption,3.855564577079671e+145,925.0
0.00012321469722283816,1.9595431308809863e-151,40fs,P3_fR_total_assumption,1.854133157474742e+147,927.5
0.00012365838262410166,4.0138828701479576e-153,40fs,P3_fR_total_assumption,9.084313223611315e+148,930.0000000000001
0.0001237561961932268,8.045765597134888e-155,40fs,P3_fR_total_assumption,4.535579772669207e+150,932.4999999999999
0.000123529653024379,1.5782030165895993e-156,40fs,P3_fR_total_assumption,2.3080307238229578e+152,935.0
0.00012299974819608987,3.0293620123523323e-158,40fs,P3_fR_total_assumption,1.1972539555018862e+154,937.5
0.00012218693551475828,5.690262398681362e-160,40fs,P3_fR_total_assumption,6.3317784771173925e+155,940.0
0.00012111110898759224,1.0459386824233551e-161,40fs,P3_fR_total_assumption,3.414373202389121e+157,942.5000000000001
0.00011979158690085701,1.881364603745593e-163,40fs,P3_fR_total_assumption,1.8775286921881978e+159,944.9999999999999
0.00011824709838040962,3.3115592165681205e-165,40fs,P3_fR_total_assumption,1.0529098789285035e+161,947.5
0.000116495772312858,5.704070631151873e-167,40fs,P3_fR_total_assumption,6.0222461638648266e+162,950.0
0.00011455512850727058,9.614574663318554e-169,40fs,P3_fR_total_assumption,3.513319885442426e+164,952.5
0.00011244207097915833,1.5858717789562688e-170,40fs,P3_fR_total_assumption,2.0907109722671005e+166,955.0000000000001
0.0001101728832404364,2.5597578165620432e-172,40fs,P3_fR_total_assumption,1.269138651208051e+168,957.4999999999999
