IR_normalized,I_normalized,case,parameter_set,phase_ratio_nRIR_over_n2I,t_fs
7.044734346558425e-23,5.42101086242753e-20,120fs,P1_implemented,0.003831930084409481,0.0
3.169111350111245e-22,8.594969101555631e-20,120fs,P1_implemented,0.010872424797742962,2.5
8.330128114978448e-22,1.3594496241433633e-19,120fs,P1_implemented,0.018068487313926834,5.0
1.766124002874589e-21,2.1450463219768604e-19,120fs,P1_implemented,0.02427827079341772,7.5
3.3475325228107866e-21,3.376486271725567e-19,120fs,P1_implemented,0.029234323612056815,10.0
5.939210048472884e-21,5.302101756986332e-19,120fs,P1_implemented,0.033030402043985406,12.5
1.010613744647277e-20,8.305884458501221e-19,120fs,P1_implemented,0.03587835712080469,15.0
1.6727875267618962e-20,1.2980112885201853e-18,120fs,P1_implemented,0.0380010455084544,17.5
2.717024437530008e-20,2.0236053103613757e-18,120fs,P1_implemented,0.039591409871420465,20.0
4.35488408162495e-20,3.1472258401824996e-18,120fs,P1_implemented,0.040802044429480586,22.5
6.913249535470994e-20,4.882977951005986e-18,120fs,P1_implemented,0.041747522093581436,25.0
1.089594499207181e-19,7.557817053998021e-18,120fs,P1_implemented,0.04251104298610879,27.5
1.7077604237303637e-19,1.1669782019242902e-17,120fs,P1_implemented,0.04315165274947093,30.0
2.6646311311626174e-19,1.7975619629006874e-17,120fs,P1_implemented,0.04371056912270635,32.5
4.14198102143647e-19,2.762229457232574e-17,120fs,P1_implemented,0.044216217263120985,35.0
6.417240469756368e-19,4.234385483205378e-17,120fs,P1_implemented,0.04468802434133985,37.5
9.91279743641509e-19,6.47553699315637e-17,120fs,P1_implemented,0.04513918112683787,40.0
1.5270165011399578e-18,9.879067261837262e-17,120fs,P1_implemented,0.04557860418962748,42.5
2.3461275580508702e-18,1.5035256894356697e-16,120fs,P1_implemented,0.04601230620145257,45.0
3.59550658411698e-18,2.2827614007092416e-16,120fs,P1_implemented,0.04644434059567187,47.5
5.496619286427791e-18,3.457521942246996e-16,120fs,P1_implemented,0.046877446384694606,50.0
8.382543787302144e-18,5.224252104919653e-16,120fs,P1_implemented,0.047313484925919594,52.5
1.2752994346258526e-17,7.874773384505568e-16,120fs,P1_implemented,0.04775373397119304,55.0
1.9355853114044364e-17,1.1841501113081202e-15,120fs,P1_implemented,0.04819908468114792,57.49999999999999
2.9307675154461894e-17,1.7763568394002524e-15,120fs,P1_implemented,0.04865017312193573,60.0
4.427134625328967e-17,2.6583271188893376e-15,120fs,P1_implemented,0.04910746776925038,62.5
6.671733724687617e-17,3.968637100116201e-15,120fs,P1_implemented,0.04957132760381947,65.0
1.0030691853736677e-16,5.910566544026846e-15,120fs,P1_implemented,0.05004204061802355,67.5
1.5045284501605139e-16,8.781558349321698e-15,120fs,P1_implemented,0.05051984931225541,70.0
2.251376201091782e-16,1.3015738916557498e-14,120fs,P1_implemented,0.05100496757068952,72.5
3.361046415038736e-16,1.9245128824776616e-14,120fs,P1_implemented,0.05149759183601556,75.0
5.005877479460894e-16,2.8387527869716207e-14,120fs,P1_implemented,0.05199790851994633,77.5
7.438161450561385e-16,4.1772366679299685e-14,120fs,P1_implemented,0.05250609893166819,80.0
1.1026330977208236e-15,6.13204518775274e-14,120fs,P1_implemented,0.053022342571670024,82.5
1.6307102997012227e-15,8.980000657794159e-14,120fs,P1_implemented,0.053546819350338205,85.0
2.406042403233365e-15,1.3119042752725332e-13,120fs,P1_implemented,0.05407971110023893,87.5
3.541691326441593e-15,1.9119770860327527e-13,120fs,P1_implemented,0.05462120262521863,90.0
5.201150206893671e-15,2.7798283259668595e-13,120fs,P1_implemented,0.055171482446532506,92.5
7.620257170160944e-15,4.0318839728668326e-13,120fs,P1_implemented,0.05573074335153338,95.0
1.1138371277865721e-14,5.833817413434999e-13,120fs,P1_implemented,0.05629918281447955,97.5
1.624261198037589e-14,8.420781453308188e-13,120fs,P1_implemented,0.05687700333533723,100.0
2.363047524925292e-14,1.2125697139795163e-12,120fs,P1_implemented,0.057464412726858205,102.5
3.4298232722331354e-14,1.741870220391457e-12,120fs,P1_implemented,0.058061624369991884,105.0
4.966541013579586e-14,2.496201437370547e-12,120fs,P1_implemented,0.05866885745091414,107.5
7.174962025292325e-14,3.568602870178129e-12,120fs,P1_implemented,0.05928633718857347,110.0
1.0341148851280386e-13,5.0894584002464904e-12,120fs,P1_implemented,0.059914295058699454,112.5
1.4869688928502098e-13,7.24101878836777e-12,120fs,P1_implemented,0.06055296901834215,114.99999999999999
2.1331392266054208e-13,1.0277382890392816e-11,120fs,P1_implemented,0.06120260373373434,117.5
3.0529596510348026e-13,1.4551915228366858e-11,120fs,P1_implemented,0.06186345081346606,120.0
4.359210029804038e-13,2.05547657807856e-11,120fs,P1_implemented,0.06253576904841379,122.50000000000001
6.209830117608029e-13,2.8964075153470983e-11,120fs,P1_implemented,0.06321982465953427,125.0
8.825456400730275e-13,4.0715667201971865e-11,120fs,P1_implemented,0.06391589155439588,127.50000000000001
1.2513548937775212e-12,5.7097645922850286e-11,120fs,P1_implemented,0.0646242515932016,130.0
1.7701498447413717e-12,7.987844599585711e-11,120fs,P1_implemented,0.06534519486495632,132.5
2.498193812232839e-12,1.114796941050537e-10,120fs,P1_implemented,0.06607901997439321,135.0
3.5174597993826374e-12,1.552089233893768e-10,120fs,P1_implemented,0.06682603434026091,137.5
4.941052122658838e-12,2.1557200520469207e-10,120fs,P1_implemented,0.06758655450553797,140.0
6.9246427553266815e-12,2.986914515678727e-10,120fs,P1_implemented,0.06836090646019596,142.5
9.681960987486727e-12,4.1286491882156547e-10,120fs,P1_implemented,0.0691494259770899,145.0
1.3505718091794401e-11,5.693088411580144e-10,120fs,P1_implemented,0.06995245896162955,147.5
1.8795799939608705e-11,7.831458144390163e-10,120fs,P1_implemented,0.07077036181587325,150.0
2.609715229354056e-11,1.0747119823032625e-09,120fs,P1_implemented,0.0716035018177309,152.5
3.615055727527499e-11,1.4712833077729864e-09,120fs,P1_implemented,0.07245225751599925,155.0
4.996050823466857e-11,2.009348567122817e-09,120fs,P1_implemented,0.07331701914197225,157.5
6.888570134523756e-11,2.7375938226945685e-09,120fs,P1_implemented,0.07419818903842866,160.0
9.475936124779562e-11,3.7208100529394286e-09,120fs,P1_implemented,0.07509618210681922,162.5
1.3004881308128284e-10,5.0449950506422494e-09,120fs,P1_implemented,0.0760114262735354,165.0
1.7806654049332685e-10,6.8239957250841204e-09,120fs,P1_implemented,0.07694436297618164,167.5
2.432485997158899e-10,9.2081313276983e-09,120fs,P1_implemented,0.07789544767081903,170.0
3.315209074341477e-10,1.2395356448939078e-08,120fs,P1_implemented,0.07886515036120666,172.5
4.5077985158994683e-10,1.6645670463565696e-08,120fs,P1_implemented,0.07985395615112728,175.0
6.115212205506134e-10,2.229966413613229e-08,120fs,P1_implemented,0.0808623658209165,177.5
8.276610169067455e-10,2.98023223876953e-08,120fs,P1_implemented,0.08189089642942433,180.0
1.1176038225066687e-09,3.9733484387680486e-08,120fs,P1_implemented,0.08294008194264946,182.5
1.5056296312586857e-09,5.2846709609160506e-08,120fs,P1_implemented,0.08401047389040271,185.0
2.0236892241942895e-09,7.011872480215313e-08,120fs,P1_implemented,0.08510264205240603,187.5
2.7137221513740825e-09,9.281214791970836e-08,120fs,P1_implemented,0.08621717517530962,190.0
3.630641328810675e-09,1.2255481950771666e-07,120fs,P1_implemented,0.08735468172222419,192.5
4.846165510913462e-09,1.6143984162055177e-07,120fs,P1_implemented,0.08851579065640792,195.0
6.453727091068196e-09,2.12151354022876e-07,120fs,P1_implemented,0.08970115226089041,197.5
8.574739769470074e-09,2.7812219609644966e-07,120fs,P1_implemented,0.09091143899587804,200.0
1.136658094042825e-08,3.637309433804842e-07,120fs,P1_implemented,0.09214734639591966,202.5
1.5032729961336436e-08,4.745474073144734e-07,120fs,P1_implemented,0.09340959400890371,205.0
1.9835609047937476e-08,6.176375874553556e-07,120fs,P1_implemented,0.09469892637910927,207.5
2.6112802250164838e-08,8.019413139855534e-07,120fs,P1_implemented,0.09601611407661012,210.0
3.429748431401116e-08,1.0387384664343275e-06,120fs,P1_implemented,0.09736195477554409,212.5
4.49440804876093e-08,1.3422227588262222e-06,120fs,P1_implemented,0.09873727438382382,215.0
5.876040658106285e-08,1.7302057032589052e-06,120fs,P1_implemented,0.1001429282270819,217.5
7.664781286840265e-08,2.224977568771578e-06,120fs,P1_implemented,0.10157980228978952,220.0
9.975118378357802e-08,2.85435700942494e-06,120fs,P1_implemented,0.1030488145166391,222.5
1.2952103699175653e-07,3.6529666164343784e-06,120fs,P1_implemented,0.10455091617753215,225.0
1.6779043070885857e-07,4.663778026766443e-06,120fs,P1_implemented,0.106087093299628,227.5
2.1686993879091852e-07,5.939977466861306e-06,120fs,P1_implemented,0.10765836817021648,229.99999999999997
2.7966460218296846e-07,7.547210794021455e-06,120fs,P1_implemented,0.10926580091432382,232.50000000000003
3.5981752728451003e-07,9.566276282376603e-06,120fs,P1_implemented,0.11091049115127112,235.0
4.618856925752255e-07,1.2096343638445947e-05,120fs,P1_implemented,0.1125935797346085,237.5
5.915545617977079e-07,1.5258789062500007e-05,120fs,P1_implemented,0.11431625058018144,240.0
7.558993038305376e-07,1.9201748616637855e-05,120fs,P1_implemented,0.11607973258733274,242.49999999999997
9.637018060777013e-07,2.4105505714552724e-05,120fs,P1_implemented,0.11788530165860281,245.00000000000003
1.2258342607960917e-06,3.0188843176085772e-05,120fs,P1_implemented,0.11973428282360245,247.5
1.5557219241406262e-06,3.7716505918252275e-05,120fs,P1_implemented,0.12162805247310829,250.0
1.9698997181408192e-06,4.7007936863681684e-05,120fs,P1_implemented,0.12356804070982416,252.49999999999997
2.488679688638296e-06,5.8447465862950184e-05,120fs,P1_implemented,0.12555573382265933,255.00000000000003
3.1369489691195223e-06,7.249614911126299e-05,120fs,P1_implemented,0.1275926768918258,257.5
3.945120851758552e-06,8.970547438205574e-05,120fs,P1_implemented,0.12968047653253262,260.0
4.950264851033504e-06,0.0001107331650085692,120fs,P1_implemented,0.13182080378557298,262.5
6.197445276963248e-06,0.00013636133243752986,120fs,P1_implemented,0.13401539716364075,265.0
7.74130182486468e-06,0.00016751724277710463,120fs,P1_implemented,0.13626606586281131,267.5
9.647910041290326e-06,0.00020529697638030183,120fs,P1_implemented,0.1385746931492488,270.0
1.1996964238855265e-05,0.00025099227035180443,120fs,P1_implemented,0.14094323993187294,272.5
1.4884330494319996e-05,0.00030612084103605086,120fs,P1_implemented,0.14337374853247095,275.0
1.8425022751945812e-05,0.0003724604860216158,120fs,P1_implemented,0.14586834666549334,277.5
2.275666073222552e-05,0.0004520872618590304,120fs,P1_implemented,0.14842925164063203,280.0
2.804347426401252e-05,0.0005474180233157039,120fs,P1_implemented,0.15105877480218394,282.5
3.4480924748004824e-05,0.0006612575912777795,120fs,P1_implemented,0.1537593262201561,285.0
4.230102063426899e-05,0.0007968507879846803,120fs,P1_implemented,0.15653341964914433,287.5
5.177840994726548e-05,0.000957939538739173,120fs,P1_implemented,0.15938367777212012,290.0
6.323733888639379e-05,0.0011488251871584814,120fs,P1_implemented,0.16231283774747648,292.5
7.705957121084475e-05,0.001374436105038054,120fs,P1_implemented,0.16532375707900632,295.0
9.369336830021008e-05,0.0016404005966875227,120fs,P1_implemented,0.16841941982986122,297.5
0.00011366363425477175,0.001953125,120fs,P1_implemented,0.17160294320310157,300.0
0.00013758333392136816,0.0023198767715604186,120fs,P1_implemented,0.17487758451303909,302.5
0.00016616629403392436,0.002748872210076113,120fs,P1_implemented,0.17824674857337588,305.0
0.0002002414984469247,0.0032493683209506618,120fs,P1_implemented,0.18171399553002215,307.5
0.00024076898739520028,0.003831758154956703,120fs,P1_implemented,0.18528304916855978,310.0
0.0002888574674925211,0.0045076687662224954,120fs,P1_implemented,0.18895780572852458,312.5
0.00034578373342531766,0.005290060730222247,120fs,P1_implemented,0.19274234325909154,315.0
0.0004130139936353295,0.006193327942884307,120fs,P1_implemented,0.19664093155335222,317.5
0.0004922271803403049,0.007233396189744457,120fs,P1_implemented,0.2006580427011783,320.0
0.0005853403086431004,0.008427818732477502,120fs,P1_implemented,0.20479836230372098,322.5
0.0006945359298685292,0.009795866913153616,120fs,P1_implemented,0.20906680139588857,325.0
0.0008222917003112479,0.011358613529034766,120fs,P1_implemented,0.21346850912671417,327.5
0.0009714120579821228,0.013139006488339312,120fs,P1_implemented,0.2180088862514118,330.0
0.001145061966462335,0.015161930026670533,120fs,P1_implemented,0.22269359949309886,332.5
0.0013468026464386208,0.017454250552003846,120fs,P1_implemented,0.22752859683674376,335.0
0.0015806291718072972,0.020044844001230914,120fs,P1_implemented,0.23252012382282206,337.5
0.0018510097584061294,0.022964601441806284,120fs,P1_implemented,0.23767474091354923,340.0
0.002162926519584313,0.02624640954700041,120fs,P1_implemented,0.24299934201038964,342.5
0.0025219174042058665,0.029925102521830435,120fs,P1_implemented,0.2485011742078788,345.0
0.0029341189697005493,0.03403738206811994,120fs,P1_implemented,0.25418785887570805,347.5
0.0034063095759883305,0.038621702060290364,120fs,P1_implemented,0.2600674141685174,350.0
0.003945952516237696,0.04371811476682228,120fs,P1_implemented,0.2661482790710143,352.5
0.004561238528382062,0.049368075703403846,120fs,P1_implemented,0.27243933909493434,355.0
0.005261127058201847,0.055614204548972715,120fs,P1_implemented,0.2789499537540721,357.5
0.006055385571854615,0.0625,120fs,P1_implemented,0.28568998595416645,360.0
0.00695462614445182,0.07006950698441004,120fs,P1_implemented,0.29266983344596526,362.5
0.007970338483255667,0.07836693530522905,120fs,P1_implemented,0.29990046250239394,365.0
0.009114918481072048,0.0874362295336445,120fs,P1_implemented,0.3073934439944713,367.5
0.010401691339343728,0.0973205908170559,120fs,P1_implemented,0.31516099205566617,370.0
0.011844928253300446,0.10806195220235423,120fs,P1_implemented,0.32321600554077756,372.5
0.013459855615363536,0.11970041008732188,120fs,P1_implemented,0.3315721125033827,375.0
0.01526265566992039,0.13227361548971017,120fs,P1_implemented,0.3402437179355476,377.5
0.017270457544644163,0.14581612994701473,120fs,P1_implemented,0.34924605503498446,380.0
0.01950131759272697,0.16035875200984728,120fs,P1_implemented,0.3585952402884248,382.5
0.0219741880085792,0.17592782144487065,120fs,P1_implemented,0.3683083326857702,385.0
0.02470887272839133,0.1925445093936403,120fs,P1_implemented,0.3784033974079215,387.5
0.02772596969787234,0.21022410381342882,120fs,P1_implemented,0.3888995743622415,390.0
0.031046798683571252,0.22897530052562515,120fs,P1_implemented,0.39981715197370804,392.5
0.03469331392218085,0.2487995110860885,120fs,P1_implemented,0.41117764667730117,395.0
0.0386880010444095,0.2696901994392803,120fs,P1_implemented,0.42300388859830884,397.5
0.04305375787619927,0.29163225989402947,120fs,P1_implemented,0.4353201139525395,400.0
0.0478137589095489,0.3146014493349948,120fs,P1_implemented,0.4481520647482173,402.5
0.052991303446690806,0.33856388673422333,120fs,P1_implemented,0.46152709642620454,405.0
0.058609647653005574,0.3634756329291118,120fs,P1_implemented,0.4754742941355793,407.5
0.06469182100337427,0.3892823632682238,120fs,P1_implemented,0.4900245984081797,410.0
0.0712604278706124,0.41591914508168437,120fs,P1_implemented,0.5052109410691535,412.5
0.07833743527956889,0.44331033100107886,120fs,P1_implemented,0.5210683923015395,415.0
0.08594394813224174,0.47136957793428325,120fs,P1_implemented,0.5376343198723724,417.5
0.09409997349320232,0.5,120fs,P1_implemented,0.5549485616265778,420.0
0.10282417580566162,0.5290944619588405,120fs,P1_implemented,0.5730536124641404,422.5
0.1121336251812474,0.5585360176641231,120fs,P1_implemented,0.5919948271368107,425.0
0.12204354116535455,0.5881984958251408,120fs,P1_implemented,0.6118206403342474,427.5
0.1325670346190241,0.6179472329646448,120fs,P1_implemented,0.6325828056775119,430.0
0.14371485057194602,0.6476399509035883,120fs,P1_implemented,0.6543366554017619,432.5
0.1554951150837506,0.6771277734684469,120fs,P1_implemented,0.6771413826917623,435.0
0.16791308929691234,0.7062563744433112,120fs,P1_implemented,0.7010603488354459,437.5
0.18097093396940664,0.7348672461377996,120fs,P1_implemented,0.726161417584497,440.0
0.19466748783435864,0.7627990753722692,120fs,P1_implemented,0.752517319359449,442.5
0.2089980631436054,0.7898892112544614,120fs,P1_implemented,0.7802060482128854,445.0
0.22395426170946564,0.8159752068963134,120fs,P1_implemented,0.8093112947713532,447.5
0.2395238146620904,0.8408964152537148,120fs,P1_implemented,0.8399229187181118,450.0
0.2556904489875731,0.8644956176188342,120fs,P1_implemented,0.8721374647590601,452.5
0.2724337837046143,0.8866206620021574,120fs,P1_implemented,0.9060587264376035,455.0
0.28972925827617085,0.9071260877501998,120fs,P1_implemented,0.9417983626361596,457.5
0.30754809553951346,0.9258747122872903,120fs,P1_implemented,0.9794765721282512,459.99999999999994
0.3258573010769387,0.9427391558685664,120fs,P1_implemented,1.019222832132283,462.5
0.34461970054460106,0.957603280698574,120fs,P1_implemented,1.0611767074736411,465.00000000000006
0.36379401603414313,0.970363521706913,120fs,P1_implemented,1.105488737693983,467.5
0.38333498206754046,0.9809300876689151,120fs,P1_implemented,1.1523214102650154,470.0
0.4031935013272107,0.9892280131939755,120fs,P1_implemented,1.2018502289793636,472.49999999999994
0.4233168397089972,0.9951980443443538,120fs,P1_implemented,1.2542648876152416,475.0
0.4436488597636975,0.9987973432501812,120fs,P1_implemented,1.3097705601183074,477.50000000000006
0.4641302910722781,1.0,120fs,P1_implemented,1.3685893198285124,480.0
0.48469903558985505,0.9987973432501811,120fs,P1_implemented,1.4309617017193905,482.5
0.5052905055029693,0.9951980443443538,120fs,P1_implemented,1.49714842323165,484.99999999999994
0.5258379906824152,0.9892280131939755,120fs,P1_implemented,1.567432281094304,487.5
0.5462730523882569,0.9809300876689148,120fs,P1_implemented,1.6421202435599827,490.00000000000006
0.5665259395024168,0.970363521706913,120fs,P1_implemented,1.721545759764904,492.49999999999994
0.5865260232342879,0.9576032806985735,120fs,P1_implemented,1.8060713104903234,495.0
0.6062022459721795,0.9427391558685664,120fs,P1_implemented,1.8960912274874353,497.49999999999994
0.6254835797429844,0.9258747122872903,120fs,P1_implemented,1.9920348117728917,500.0
0.6442994895979418,0.9071260877501989,120fs,P1_implemented,2.094369784953688,502.50000000000006
0.6625803971662272,0.8866206620021574,120fs,P1_implemented,2.203606111751056,504.99999999999994
0.6802581396114461,0.8644956176188338,120fs,P1_implemented,2.3203002365226233,507.5
0.6972664192887371,0.8408964152537138,120fs,P1_implemented,2.445059781798033,510.00000000000006
0.7135412395305727,0.8159752068963129,120fs,P1_implemented,2.5785487627219235,512.5
0.7290213221846845,0.7898892112544604,120fs,P1_implemented,2.721493377925828,515.0
0.7436485027838344,0.7627990753722692,120fs,P1_implemented,2.8746884448250865,517.5
0.7573680995393136,0.7348672461377991,120fs,P1_implemented,3.039004555768708,520.0
0.7701292527120196,0.70625637444331,120fs,P1_implemented,3.215396040983916,522.5
0.7818852313198593,0.6771277734684462,120fs,P1_implemented,3.404909834994078,525.0
0.7925937045805165,0.6476399509035877,120fs,P1_implemented,3.608695355307602,527.5
0.8022169759562932,0.6179472329646448,120fs,P1_implemented,3.828015515855376,530.0
0.8107221781544651,0.5881984958251403,120fs,P1_implemented,4.064259013097607,532.5
0.8180814279339448,0.558536017664122,120fs,P1_implemented,4.318954040153367,535.0
0.8242719400686557,0.52909446195884,120fs,P1_implemented,4.593783603983536,537.5
0.82927610031174,0.4999999999999994,120fs,P1_implemented,4.890602642864114,540.0
0.8330814976848097,0.47136957793428325,120fs,P1_implemented,5.211457166441294,542.5
0.8356809168757031,0.4433103310010782,120fs,P1_implemented,5.558605668917887,545.0
0.837072291960096,0.41591914508168343,120fs,P1_implemented,5.934543097775537,547.5
0.8372586230610569,0.38928236326822335,120fs,P1_implemented,6.342027696327805,550.0
0.8362478579213529,0.3634756329291112,120fs,P1_implemented,6.784111078803866,552.5
0.8340527406819954,0.33856388673422333,120fs,P1_implemented,7.264171942109834,555.0
0.830690630434143,0.3146014493349943,120fs,P1_implemented,7.785953869477366,557.5
0.826183292337984,0.2916322598940286,120fs,P1_implemented,8.35360773850309,560.0
0.8205566642804909,0.26969019943927997,120fs,P1_implemented,8.97173931027025,562.5
0.8138406021737873,0.2487995110860881,120fs,P1_implemented,9.645462648015055,565.0
0.8060686070780005,0.22897530052562515,120fs,P1_implemented,10.38046009387364,567.5
0.7972775373683559,0.21022410381342846,120fs,P1_implemented,11.18304962134197,570.0
0.7875073091581692,0.19254450939363957,120fs,P1_implemented,12.060260479897002,572.5
0.7768005881401338,0.17592782144487065,120fs,P1_implemented,13.01991815740895,575.0
0.7652024759213037,0.16035875200984706,120fs,P1_implemented,14.070739806044429,577.5
0.7527601938062517,0.14581612994701473,120fs,P1_implemented,15.222441408666251,580.0
0.7395227668321861,0.1322736154897099,120fs,P1_implemented,16.485858105339737,582.5
0.7255407106837171,0.1197004100873214,120fs,P1_implemented,17.87307925309488,585.0
0.7108657239179392,0.10806195220235423,120fs,P1_implemented,19.39759995562563,587.5
0.6955503877170484,0.09732059081705573,120fs,P1_implemented,21.074490971334587,590.0
0.6796478751602618,0.0874362295336445,120fs,P1_implemented,22.920589085122067,592.5
0.6632116717736284,0.07836693530522887,120fs,P1_implemented,24.954710207069308,595.0
0.6462953088794506,0.0700695069844097,120fs,P1_implemented,27.197887633047998,597.5
0.628952111030251,0.0625,120fs,P1_implemented,29.673638058863123,600.0
0.6112349585789397,0.05561420454897255,120fs,P1_implemented,32.408258067567544,602.5
0.5931960662101412,0.04936807570340361,120fs,P1_implemented,35.43115389085603,605.0
0.574886778040173,0.043718114766822164,120fs,P1_implemented,38.77520725514375,607.5
0.5563573796872335,0.03862170206029014,120fs,P1_implemented,42.47718002755231,610.0
0.5376569275207694,0.03403738206811994,120fs,P1_implemented,46.57816013170863,612.5
0.5188330951212343,0.029925102521830397,120fs,P1_implemented,51.12405074825766,615.0
0.49993203681955783,0.026246409547000246,120fs,P1_implemented,56.16610407107807,617.5
0.48099826804032697,0.022964601441806214,120fs,P1_implemented,61.761499752865056,620.0
0.46207456204425795,0.02004484400123085,120fs,P1_implemented,67.97396650541272,622.5
0.4432018625540697,0.017454250552003846,120fs,P1_implemented,74.87444294011088,625.0
0.4244192116530814,0.015161930026670491,120fs,P1_implemented,82.54177040658634,627.5
0.40576369226727715,0.01313900648833923,120fs,P1_implemented,91.0634060032207,630.0
0.3872703844785031,0.011358613529034736,120fs,P1_implemented,100.5361376896593,632.5
0.3689723348680203,0.009795866913153579,120fs,P1_implemented,111.06677500332056,635.0
0.3509005380548409,0.008427818732477502,120fs,P1_implemented,122.77277758594188,637.5
0.3330839295710135,0.007233396189744438,120fs,P1_implemented,135.78276867345954,640.0
0.3155493892051505,0.006193327942884274,120fs,P1_implemented,150.23686073740973,642.5
0.2983217539447936,0.005290060730222238,120fs,P1_implemented,166.28669408736206,645.0
0.2814238396564939,0.00450766876622248,120fs,P1_implemented,184.0950545014532,647.5
0.2648764706585403,0.003831758154956703,120fs,P1_implemented,203.83489031361543,650.0
0.2486985163639472,0.003249368320950653,120fs,P1_implemented,225.68748956330845,652.5
0.2329069341994977,0.002748872210076091,120fs,P1_implemented,249.8394995364003,655.0
0.2175168180392832,0.0023198767715604104,120fs,P1_implemented,276.4783687493154,657.5
0.20254145142731345,0.0019531249999999933,120fs,P1_implemented,305.78565794975015,660.0
0.1879923649024983,0.0016404005966875227,120fs,P1_implemented,337.9274926681373,662.5
0.1738793967798154,0.001374436105038049,120fs,P1_implemented,373.04120309230217,665.0
0.16021075678305668,0.0011488251871584712,120fs,P1_implemented,411.2169017397414,667.5
0.1469930919665589,0.000957939538739173,120fs,P1_implemented,452.4723649989745,670.0
0.1342315544052176,0.0007968507879846781,120fs,P1_implemented,496.71908433450113,672.5
0.12192987017339854,0.0006612575912777795,120fs,P1_implemented,543.7167019442446,675.0
0.11009040917370373,0.0005474180233157014,120fs,P1_implemented,593.0121985132165,677.5
0.09871425541560819,0.0004520872618590264,120fs,P1_implemented,643.8590982222786,680.0
0.08780127738150618,0.0003724604860216158,120fs,P1_implemented,695.1105211203134,682.5
0.07735019815350609,0.00030612084103604924,120fs,P1_implemented,745.0780445401751,685.0
0.06735866500825341,0.00025099227035180216,120fs,P1_implemented,791.3459017407956,687.5
0.05782331821905605,0.0002052969763803011,120fs,P1_implemented,830.5268752283515,690.0
0.04873985883458572,0.00016751724277710314,120fs,P1_implemented,857.94210900877,692.5
0.040103115231424596,0.00013636133243752986,120fs,P1_implemented,867.2016734405267,695.0
0.03190710826373128,0.0001107331650085688,120fs,P1_implemented,849.6556819419972,697.5
0.024145114857357885,8.97054743820551e-05,120fs,P1_implemented,793.6765737453148,700.0
0.016809729917919257,7.24961491112626e-05,120fs,P1_implemented,683.721175948215,702.5
0.009892926442670189,5.8447465862949764e-05,120fs,P1_implemented,499.10546738246126,705.0
0.0033861137446723174,4.7007936863681684e-05,120fs,P1_implemented,212.4044372394054,707.5
-0.0027198062852780078,3.771650591825214e-05,120fs,P1_implemented,-212.6374491798845,710.0
-0.008434384938040313,3.018884317608545e-05,120fs,P1_implemented,-823.834888542448,712.5
-0.01376757451190951,2.4105505714552595e-05,120fs,P1_implemented,-1684.125384229999,715.0
-0.01872967823718781,1.9201748616637754e-05,120fs,P1_implemented,-2876.2244259282584,717.5
-0.02333130232052976,1.5258789062500007e-05,120fs,P1_implemented,-4508.70836720506,720.0
-0.02758331011976812,1.2096343638445882e-05,120fs,P1_implemented,-6723.965858303238,722.5
-0.03149677845071406,9.566276282376483e-06,120fs,P1_implemented,-9708.596448914284,725.0
-0.035082956019183674,7.547210794021428e-06,120fs,P1_implemented,-13707.016397342139,727.5
-0.03835322396415261,5.939977466861275e-06,120fs,P1_implemented,-19039.270860072,730.0
-0.04131905849140533,4.663778026766443e-06,120fs,P1_implemented,-26124.36713292899,732.5
-0.0439919955712552,3.652966616434359e-06,120fs,P1_implemented,-35510.86022995187,735.0
-0.046383597668800035,2.8543570094249043e-06,120fs,P1_implemented,-47916.97272642833,737.5
-0.04850542247068516,2.224977568771578e-06,120fs,P1_implemented,-64283.25923682153,740.0
-0.050368993568417605,1.7302057032588867e-06,120fs,P1_implemented,-85841.79043815614,742.5
-0.051985773054859775,1.3422227588262222e-06,120fs,P1_implemented,-114207.10986818367,745.0
-0.053367135987583525,1.03873846643432e-06,120fs,P1_implemented,-151495.91243929288,747.5
-0.05452434667024419,8.019413139855491e-07,120fs,P1_implemented,-200484.64502923208,750.0
-0.05546853670100071,6.176375874553556e-07,120fs,P1_implemented,-264817.22142790357,752.5
-0.056210684735228555,4.745474073144675e-07,120fs,P1_implemented,-349279.02340989414,755.0
-0.05676159790831548,3.637309433804842e-07,120fs,P1_implemented,-460158.6573707531,757.5
-0.05713189486316815,2.7812219609644717e-07,120fs,P1_implemented,-605725.9945152676,760.0
-0.05733199032616403,2.1215135402287335e-07,120fs,P1_implemented,-796864.435247756,762.5
-0.05737208117463592,1.6143984162055177e-07,120fs,P1_implemented,-1047907.9006567592,765.0
-0.05726213393855308,1.225548195077158e-07,120fs,P1_implemented,-1377749.8331338349,767.5
-0.057011873678845255,9.281214791970836e-08,120fs,P1_implemented,-1811313.9171424496,770.0
-0.056630774184785335,7.011872480215288e-08,120fs,P1_implemented,-2381506.234741772,772.5
-0.05612804943298731,5.2846709609159943e-08,120fs,P1_implemented,-3131808.7353709303,775.0
-0.055512646250873404,3.9733484387680486e-08,120fs,P1_implemented,-4119727.7033054167,777.5
-0.05479323812790406,2.9802322387695088e-08,120fs,P1_implemented,-5421383.026271705,780.0
-0.05397822011843401,2.229966413613205e-08,120fs,P1_implemented,-7137620.796950829,782.5
-0.05307570478074544,1.6645670463565637e-08,120fs,P1_implemented,-9402161.581319353,785.0
-0.052093519097603895,1.23953564489389e-08,120fs,P1_implemented,-12392470.955374219,787.5
-0.051039202324574096,9.2081313276983e-09,120fs,P1_implemented,-16344272.972086087,790.0
-0.049920004713311344,6.8239957250840725e-09,120fs,P1_implemented,-21570941.692876317,792.5
-0.04874288705810129,5.0449950506421775e-09,120fs,P1_implemented,-28489428.532196444,795.0
-0.04751452101504702,3.7208100529394286e-09,120fs,P1_implemented,-37654951.19298586,797.5
-0.04624129014449107,2.737593822694539e-09,120fs,P1_implemented,-49807433.4806641,800.0
-0.04492929162850241,2.009348567122817e-09,120fs,P1_implemented,-65933711.46045183,802.5
-0.04358433861654856,1.4712833077729758e-09,120fs,P1_implemented,-87350900.32126452,805.0
-0.04221196315380332,1.074711982303251e-09,120fs,P1_implemented,-115818168.4505669,807.5
-0.040817419647905806,7.831458144390163e-10,120fs,P1_implemented,-153686651.6005684,810.0
-0.03940568883137973,5.693088411580083e-10,120fs,P1_implemented,-204100575.18575275,812.5
-0.03798148217833852,4.1286491882156547e-10,120fs,P1_implemented,-271267121.7933659,815.0
-0.0365492467355357,2.9869145156786954e-10,120fs,P1_implemented,-360818561.41338694,817.5
-0.035113170329267106,2.1557200520468977e-10,120fs,P1_implemented,-480298151.3670494,820.0
-0.03367718711108665,1.552089233893768e-10,120fs,P1_implemented,-639811963.9530393,822.5
-0.03224498340675641,1.1147969410505251e-10,120fs,P1_implemented,-852902962.2023852,825.0
-0.030820003834310442,7.987844599585711e-11,120fs,P1_implemented,-1137722415.0116875,827.5
-0.029405457658567027,5.7097645922849885e-11,120fs,P1_implemented,-1518598523.4004624,830.0
-0.028004325350871256,4.0715667201971284e-11,120fs,P1_implemented,-2028134683.2467754,832.5
-0.026619365324286562,2.8964075153470983e-11,120fs,P1_implemented,-2710012313.5054617,835.0
-0.025253120815876842,2.055476578078545e-11,120fs,P1_implemented,-3622728247.311287,837.5
-0.02390792688912714,1.4551915228366858e-11,120fs,P1_implemented,-4844567332.084269,840.0
-0.02258591753093786,1.027738289039278e-11,120fs,P1_implemented,-6480200370.270971,842.5
-0.021289032818993334,7.2410187883676675e-12,120fs,P1_implemented,-8669408962.873644,845.0
-0.020019026136647345,5.0894584002464904e-12,120fs,P1_implemented,-11598574355.598785,847.5
-0.018777471413784427,3.568602870178091e-12,120fs,P1_implemented,-15515726743.391071,850.0
-0.01756577037340477,2.496201437370547e-12,120fs,P1_implemented,-20750129219.41032,852.5
-0.0163851597649401,1.7418702203914384e-12,120fs,P1_implemented,-27737551354.791805,855.0
-0.015236718566537463,1.212569713979499e-12,120fs,P1_implemented,-37052538092.23265,857.5
-0.014121375139745386,8.420781453308188e-13,120fs,P1_implemented,-49449035776.58815,860.0
-0.013039914321201777,5.833817413434957e-13,120fs,P1_implemented,-65910580814.75318,862.5
-0.011992984437054146,4.0318839728668326e-13,120fs,P1_implemented,-87710679935.7904,865.0
-0.01098110422693938,2.7798283259668494e-13,120fs,P1_implemented,-116482657681.59106,867.5
-0.01000466966541183,1.911977086032739e-13,120fs,P1_implemented,-154295515510.63257,870.0
-0.009063960669734332,1.3119042752725332e-13,120fs,P1_implemented,-203727238466.1369,872.5
-0.008159147683936645,8.980000657794063e-14,120fs,P1_implemented,-267917855896.62268,875.0
-0.007290298129999204,6.132045187752653e-14,120fs,P1_implemented,-350568730158.23364,877.5
-0.0064573827179370815,4.177236667929939e-14,120fs,P1_implemented,-455827663974.7605,880.0
-0.005660281607439513,2.8387527869715803e-14,120fs,P1_implemented,-587954472374.4932,882.5
-0.004898790414564181,1.9245128824776616e-14,120fs,P1_implemented,-750587400788.7037,885.0
-0.004172626057792999,1.3015738916557359e-14,120fs,P1_implemented,-945309169827.5085,887.5
-0.0034814324385274405,8.78155834932151e-15,120fs,P1_implemented,-1169013734279.6252,890.0
-0.002824785951836895,5.910566544026804e-15,120fs,P1_implemented,-1409255267734.956,892.5
-0.002202200823973483,3.968637100116144e-15,120fs,P1_implemented,-1636246633924.2822,895.0
-0.0016131342738315464,2.6583271188893376e-15,120fs,P1_implemented,-1789350134202.6482,897.5
-0.0010569914961603352,1.7763568394002396e-15,120fs,P1_implemented,-1754585411691.5776,900.0
-0.000533130464934599,1.1841501113081035e-15,120fs,P1_implemented,-1327577775780.7986,902.5
-4.086655585061692e-05,7.874773384505512e-16,120fs,P1_implemented,-153025288290.96655,905.0
0.00042052301255477304,5.224252104919578e-16,120fs,P1_implemented,2373552673312.8267,907.5
0.0008517949191666048,3.457521942246996e-16,120fs,P1_implemented,7264459947695.952,910.0
0.0012537356614734864,2.2827614007092416e-16,120fs,P1_implemented,16194915713863.168,912.5
0.001627157656770296,1.5035256894356482e-16,120fs,P1_implemented,31911852398833.062,915.0
0.0019728955220772544,9.879067261837052e-17,120fs,P1_implemented,58887264178953.26,917.5000000000001
0.0022918025310933437,6.475536993156416e-17,120fs,P1_implemented,104360136703630.02,919.9999999999999
0.0025847472461527133,4.234385483205378e-17,120fs,P1_implemented,179995199489024.06,922.5
0.002852610322830575,2.762229457232535e-17,120fs,P1_implemented,304520076621589.06,925.0
0.0030962814845493006,1.7975619629006492e-17,120fs,P1_implemented,507913550475934.0,927.5
0.003316656664265043,1.1669782019242654e-17,120fs,P1_implemented,838052074968237.4,930.0000000000001
0.0035146353100693564,7.557817053998129e-18,120fs,P1_implemented,1371251533075538.5,932.4999999999999
0.003691117851318056,4.882977951005986e-18,120fs,P1_implemented,2228981078395501.5,935.0
0.003847003321699987,3.1472258401824996e-18,120fs,P1_implemented,3604357716768278.0,937.5
0.0039831871354806415,2.023605310361347e-18,120fs,P1_implemented,5804143396617639.0,940.0
0.0041005590129986405,1.2980112885201668e-18,120fs,P1_implemented,9315321113417564.0,942.5000000000001
0.004200001051356167,8.305884458501221e-19,120fs,P1_implemented,1.4910655868915086e+16,944.9999999999999
0.0042823859361265605,5.302101756986332e-19,120fs,P1_implemented,2.3816118309225156e+16,947.5
0.004348575289802548,3.376486271725567e-19,120fs,P1_implemented,3.797652641377103e+16,950.0
0.0043994181526261274,2.1450463219768147e-19,120fs,P1_implemented,6.047721738059716e+16,952.5
0.0044357495913750905,1.3594496241433342e-19,120fs,P1_implemented,9.621374859218002e+16,955.0000000000001
0.004458389431630594,8.594969101555631e-20,120fs,P1_implemented,1.529561396217715e+17,957.4999999999999
0.0,5.42101086242753e-20,120fs,P2_TR_T2,0.0,0.0
1.8961334580634754e-25,8.594969101555631e-20,120fs,P2_TR_T2,6.5051574879361e-06,2.5
6.798446119579708e-25,1.3594496241433633e-19,120fs,P2_TR_T2,1.4746188266320423e-05,5.0
1.6455441994085597e-24,2.1450463219768604e-19,120fs,P2_TR_T2,2.2620703648641632e-05,7.5
3.361461010207297e-24,3.376486271725567e-19,120fs,P2_TR_T2,2.9355962432651196e-05,10.0
6.258268923809864e-24,5.302101756986332e-19,120fs,P2_TR_T2,3.480482033228824e-05,12.5
1.1009415941943303e-23,8.305884458501221e-19,120fs,P2_TR_T2,3.908513603230129e-05,15.0
1.8665417306618475e-23,1.2980112885201853e-18,120fs,P2_TR_T2,4.240259812769773e-05,17.5
3.086099240784685e-23,2.0236053103613757e-18,120fs,P2_TR_T2,4.4969422526379664e-05,20.0
5.013376053899519e-23,3.1472258401824996e-18,120fs,P2_TR_T2,4.697162740932835e-05,22.5
8.041335440867989e-23,4.882977951005986e-18,120fs,P2_TR_T2,4.855977312218695e-05,25.0
1.2777020517351228e-22,7.557817053998021e-18,120fs,P2_TR_T2,4.985014781579142e-05,27.5
2.0155899532720113e-22,1.1669782019242902e-17,120fs,P2_TR_T2,5.092988251767141e-05,30.0
3.161604356125109e-22,1.7975619629006874e-17,120fs,P2_TR_T2,5.18629104534853e-05,32.5
4.936278108014713e-22,2.762229457232574e-17,120fs,P2_TR_T2,5.269544794279886e-05,35.0
7.676982174746439e-22,4.234385483205378e-17,120fs,P2_TR_T2,5.346054396900693e-05,37.5
1.1898569801622801e-21,6.47553699315637e-17,120fs,P2_TR_T2,5.418164759957117e-05,40.0
1.8384832184841223e-21,9.879067261837262e-17,120fs,P2_TR_T2,5.487530675798506e-05,42.5
2.8326074512092355e-21,1.5035256894356697e-16,120fs,P2_TR_T2,5.555316075901508e-05,45.0
4.352555172437961e-21,2.2827614007092416e-16,120fs,P2_TR_T2,5.622338609617881e-05,47.5
6.670845285147751e-21,3.457521942246996e-16,120fs,P2_TR_T2,5.689173215384463e-05,50.0
1.0198321520551303e-20,5.224252104919653e-16,120fs,P2_TR_T2,5.756225601388479e-05,52.5
1.5552853810428356e-20,7.874773384505568e-16,120fs,P2_TR_T2,5.823783992925138e-05,55.0
2.3661395017745216e-20,1.1841501113081202e-15,120fs,P2_TR_T2,5.892055366481839e-05,57.49999999999999
3.5911206400939526e-20,1.7763568394002524e-15,120fs,P2_TR_T2,5.9611907093125144e-05,60.0
5.437337670181171e-20,2.6583271188893376e-15,120fs,P2_TR_T2,6.031302568963821e-05,62.5
8.213236362633507e-20,3.968637100116201e-15,120fs,P2_TR_T2,6.102477215377347e-05,65.0
1.2377062429471346e-19,5.910566544026846e-15,120fs,P2_TR_T2,6.174783054437931e-05,67.5
1.8607952714378468e-19,8.781558349321698e-15,120fs,P2_TR_T2,6.248276441962135e-05,70.0
2.790995706806208e-19,1.3015738916557498e-14,120fs,P2_TR_T2,6.323005699649437e-05,72.5
4.17638610423059e-19,1.9245128824776616e-14,120fs,P2_TR_T2,6.399013889928543e-05,75.0
6.234821584167943e-19,2.8387527869716207e-14,120fs,P2_TR_T2,6.476340735504098e-05,77.5
9.286031041372487e-19,4.1772366679299685e-14,120fs,P2_TR_T2,6.555023950226929e-05,80.0
1.3798109804325298e-18,6.13204518775274e-14,120fs,P2_TR_T2,6.635100165220065e-05,82.5
2.045469371719397e-18,8.980000657794159e-14,120fs,P2_TR_T2,6.71660557697931e-05,85.0
3.025176877026471e-18,1.3119042752725332e-13,120fs,P2_TR_T2,6.79957640467431e-05,87.5
4.463683739942273e-18,1.9119770860327527e-13,120fs,P2_TR_T2,6.88404921665613e-05,90.0
6.570846654024161e-18,2.7798283259668595e-13,120fs,P2_TR_T2,6.970061167448264e-05,92.5
9.650169028023607e-18,4.0318839728668326e-13,120fs,P2_TR_T2,7.057650173614037e-05,95.0
1.4139516954715502e-17,5.833817413434999e-13,120fs,P2_TR_T2,7.146855048043389e-05,97.5
2.0669057671944337e-17,8.420781453308188e-13,120fs,P2_TR_T2,7.237715606121681e-05,100.0
3.014349588586673e-17,1.2125697139795163e-12,120fs,P2_TR_T2,7.330272753065181e-05,102.5
4.385850086993601e-17,1.741870220391457e-12,120fs,P2_TR_T2,7.424568558843499e-05,105.0
6.366511986986804e-17,2.496201437370547e-12,120fs,P2_TR_T2,7.520646325134379e-05,107.5
9.220136404963633e-17,3.568602870178129e-12,120fs,P2_TR_T2,7.618550647409798e-05,110.0
1.332175789044074e-16,5.0894584002464904e-12,120fs,P2_TR_T2,7.718327474317322e-05,112.5
1.9203241169708701e-16,7.24101878836777e-12,120fs,P2_TR_T2,7.82002416588724e-05,114.99999999999999
2.761701622305752e-16,1.0277382890392816e-11,120fs,P2_TR_T2,7.923689551655104e-05,117.5
3.9624939266482617e-16,1.4551915228366858e-11,120fs,P2_TR_T2,8.029373989491625e-05,120.0
5.672186773456459e-16,2.05547657807856e-11,120fs,P2_TR_T2,8.137129425725014e-05,122.50000000000001
8.100707014310194e-16,2.8964075153470983e-11,120fs,P2_TR_T2,8.247009457002922e-05,125.0
1.1542137752518296e-15,4.0715667201971865e-11,120fs,P2_TR_T2,8.359069394244741e-05,127.50000000000001
1.6407444823155678e-15,5.7097645922850286e-11,120fs,P2_TR_T2,8.473366328974458e-05,130.0
2.326952269355981e-15,7.987844599585711e-11,120fs,P2_TR_T2,8.589959202280697e-05,132.5
3.292503774317066e-15,1.114796941050537e-10,120fs,P2_TR_T2,8.708908876625812e-05,135.0
4.647911391149261e-15,1.552089233893768e-10,120fs,P2_TR_T2,8.830278210711752e-05,137.5
6.546099875741431e-15,2.1557200520469207e-10,120fs,P2_TR_T2,8.954132137598616e-05,140.0
9.198163566750572e-15,2.986914515678727e-10,120fs,P2_TR_T2,9.080537746276182e-05,142.5
1.2894777021207319e-14,4.1286491882156547e-10,120fs,P2_TR_T2,9.20956436688263e-05,145.0
1.803521214223929e-14,5.693088411580144e-10,120fs,P2_TR_T2,9.34128365977656e-05,147.5
2.5166562265339208e-14,7.831458144390163e-10,120fs,P2_TR_T2,9.475769708670547e-05,150.0
3.503662604870038e-14,1.0747119823032625e-09,120fs,P2_TR_T2,9.613099118045258e-05,152.5
4.8665023037204387e-14,1.4712833077729864e-09,120fs,P2_TR_T2,9.753351115074192e-05,155.0
6.743857757642204e-14,2.009348567122817e-09,120fs,P2_TR_T2,9.896607656298624e-05,157.5
9.323891958799447e-14,2.7375938226945685e-09,120fs,P2_TR_T2,0.00010042953539308273,160.0
1.2861273868298254e-13,3.7208100529394286e-09,120fs,P2_TR_T2,0.0001019247651969445,162.5
1.7699835626046556e-13,5.0449950506422494e-09,120fs,P2_TR_T2,0.00010345267433560046,165.0
2.4302645643784553e-13,6.8239957250841204e-09,120fs,P2_TR_T2,0.00010501420325886297,167.5
3.329182032310308e-13,9.2081313276983e-09,120fs,P2_TR_T2,0.00010661032585073429,170.0
4.550108983832684e-13,1.2395356448939078e-08,120fs,P2_TR_T2,0.0001082420508399223,172.5
6.204502153925696e-13,1.6645670463565696e-08,120fs,P2_TR_T2,0.00010991042327904407,175.0
8.440993975266398e-13,2.229966413613229e-08,120fs,P2_TR_T2,0.00011161652609627644,177.5
1.1457302744536056e-12,2.98023223876953e-08,120fs,P2_TR_T2,0.00011336148172351047,180.0
1.551579331809736e-12,3.9733484387680486e-08,120fs,P2_TR_T2,0.00011514645380523735,182.5
2.096375347198017e-12,5.2846709609160506e-08,120fs,P2_TR_T2,0.00011697264899272149,185.0
2.825974499754091e-12,7.011872480215313e-08,120fs,P2_TR_T2,0.0001188413188282659,187.5
3.800775859191334e-12,9.281214791970836e-08,120fs,P2_TR_T2,0.00012075376172467086,190.0
5.100136586147507e-12,1.2255481950771666e-07,120fs,P2_TR_T2,0.00012271132504535504,192.5
6.82806424718821e-12,1.6143984162055177e-07,120fs,P2_TR_T2,0.00012471540729088563,195.0
9.120536055743138e-12,2.12151354022876e-07,120fs,P2_TR_T2,0.00012676746039810366,197.5
1.2154884845261428e-11,2.7812219609644966e-07,120fs,P2_TR_T2,0.00012886899215837054,200.0
1.616180307434485e-11,3.637309433804842e-07,120fs,P2_TR_T2,0.00013102156876192397,202.5
2.1440653842585e-11,4.745474073144734e-07,120fs,P2_TR_T2,0.00013322681747575656,205.0
2.8378947353314992e-11,6.176375874553556e-07,120fs,P2_TR_T2,0.0001354864294629581,207.5
3.7477049141090445e-11,8.019413139855534e-07,120fs,P2_TR_T2,0.00013780216275191022,210.0
4.937944054915467e-11,1.0387384664343275e-06,120fs,P2_TR_T2,0.00014017584536439131,212.5
6.491416165404631e-11,1.3422227588262222e-06,120fs,P2_TR_T2,0.00014260937861212882,215.0
8.514244294435175e-11,1.7302057032589052e-06,120fs,P2_TR_T2,0.00014510474057207262,217.5
1.1142098723102981e-10,2.224977568771578e-06,120fs,P2_TR_T2,0.00014766398975132351,220.0
1.4547991219875056e-10,2.85435700942494e-06,120fs,P2_TR_T2,0.0001502892689533579,222.5
1.8952002368228835e-10,3.6529666164343784e-06,120fs,P2_TR_T2,0.0001529828093580809,225.0
2.463338796806229e-10,4.663778026766443e-06,120fs,P2_TR_T2,0.00015574693482897105,227.5
3.1945604760025855e-10,5.939977466861306e-06,120fs,P2_TR_T2,0.0001585840664616401,229.99999999999997
4.133490775811137e-10,7.547210794021455e-06,120fs,P2_TR_T2,0.0001614967273890049,232.50000000000003
5.336330416132716e-10,9.566276282376603e-06,120fs,P2_TR_T2,0.00016448754785943571,235.0
6.873680536079935e-10,1.2096343638445947e-05,120fs,P2_TR_T2,0.00016755927060531223,237.5
8.834010254316245e-10,1.5258789062500007e-05,120fs,P2_TR_T2,0.0001707147565207435,240.0
1.1327900677564234e-09,1.9201748616637855e-05,120fs,P2_TR_T2,0.00017395699066847047,242.49999999999997
1.4493224559292357e-09,2.4105505714552724e-05,120fs,P2_TR_T2,0.0001772890886374757,245.00000000000003
1.8501449972848606e-09,3.0188843176085772e-05,120fs,P2_TR_T2,0.00018071430327433786,247.5
2.356529008565977e-09,3.7716505918252275e-05,120fs,P2_TR_T2,0.00018423603181307106,250.0
2.994795994980102e-09,4.7007936863681684e-05,120fs,P2_TR_T2,0.00018785782343000752,252.49999999999997
3.797434573626068e-09,5.8447465862950184e-05,120fs,P2_TR_T2,0.00019158338725223343,255.00000000000003
4.804444263722415e-09,7.249614911126299e-05,120fs,P2_TR_T2,0.000195416600850214,257.5
6.06494753606493e-09,8.970547438205574e-05,120fs,P2_TR_T2,0.00019936151924753384,260.0
7.639118036774411e-09,0.0001107331650085692,120fs,P2_TR_T2,0.00020342238448317233,262.5
9.60048023718846e-09,0.00013636133243752986,120fs,P2_TR_T2,0.00020760363576440257,265.0
1.2038643971714349e-08,0.00016751724277710463,120fs,P2_TR_T2,0.00021190992025133185,267.5
1.5062546463068033e-08,0.00020529697638030183,120fs,P2_TR_T2,0.0002163461045172431,270.0
1.8804284547123517e-08,0.00025099227035180443,120fs,P2_TR_T2,0.00022091728673230852,272.5
2.3423630935429838e-08,0.00030612084103605086,120fs,P2_TR_T2,0.00022562880962199124,275.0
2.9113340517296107e-08,0.0003724604860216158,120fs,P2_TR_T2,0.00023048627425542898,277.5
3.610536591375558e-08,0.0004520872618590304,120fs,P2_TR_T2,0.00023549555472349943,280.0
4.467811574091097e-08,0.0005474180233157039,120fs,P2_TR_T2,0.0002406628137710108,282.5
5.5164904283736675e-08,0.0006612575912777795,120fs,P2_TR_T2,0.0002459945194526013,285.0
6.796375745779725e-08,0.0007968507879846803,120fs,P2_TR_T2,0.00025149746288758514,287.5
8.354875694600049e-08,0.000957939538739173,120fs,P2_TR_T2,0.0002571787771950649,290.0
1.0248312210201483e-07,0.0011488251871584814,120fs,P2_TR_T2,0.000263045957697284,292.5
1.2543424742908522e-07,0.001374436105038054,120fs,P2_TR_T2,0.000269106883486469,295.0
1.5319093194175492e-07,0.0016404005966875227,120fs,P2_TR_T2,0.0002753698404582629,297.5
1.8668305521429893e-07,0.001953125,120fs,P2_TR_T2,0.00028184354592353646,300.0
2.2700397307206045e-07,0.0023198767715604186,120fs,P2_TR_T2,0.00028853717491969706,302.5
2.754359232882262e-07,0.002748872210076113,120fs,P2_TR_T2,0.00029546038835293997,305.0
3.334787478435888e-07,0.0032493683209506618,120fs,P2_TR_T2,0.0003026233631140605,307.5
4.0288225276076236e-07,0.003831758154956703,120fs,P2_TR_T2,0.00031003682432275147,310.0
4.856825386430574e-07,0.0045076687662224954,120fs,P2_TR_T2,0.00031771207986869027,312.5
5.842426441752166e-07,0.005290060730222247,120fs,P2_TR_T2,0.00032566105743241964,315.0
7.012978502632338e-07,0.006193327942884307,120fs,P2_TR_T2,0.00033389634418510227,317.5
8.400059934357317e-07,0.007233396189744457,120fs,P2_TR_T2,0.0003424312293838421,320.0
1.0040031327879905e-06,0.008427818732477502,120fs,P2_TR_T2,0.0003512797500986001,322.5
1.19746490427701e-06,0.009795866913153616,120fs,P2_TR_T2,0.0003604567403279163,325.0
1.4251738787084976e-06,0.011358613529034766,120fs,P2_TR_T2,0.00036997788378392334,327.5
1.6925932144290506e-06,0.013139006488339312,120fs,P2_TR_T2,0.00037985977065271837,330.0
2.005946861701885e-06,0.015161930026670533,120fs,P2_TR_T2,0.0003901199586642389,332.5
2.3723065321957935e-06,0.017454250552003846,120fs,P2_TR_T2,0.0004007770388367363,335.0
2.7996855932145863e-06,0.020044844001230914,120fs,P2_TR_T2,0.0004118507062949433,337.5
3.2971399815921254e-06,0.022964601441806284,120fs,P2_TR_T2,0.0004233618365985261,340.0
3.874876156054442e-06,0.02624640954700041,120fs,P2_TR_T2,0.0004353325680587333,342.5
4.544366018938752e-06,0.029925102521830435,120fs,P2_TR_T2,0.0004477863905666908,345.0
5.318468638280864e-06,0.03403738206811994,120fs,P2_TR_T2,0.00046074824150712157,347.5
6.211558489478048e-06,0.038621702060290364,120fs,P2_TR_T2,0.000474244609386787,350.0
7.23965981229625e-06,0.04371811476682228,120fs,P2_TR_T2,0.0004883036458683431,352.5
8.420586544490805e-06,0.049368075703403846,120fs,P2_TR_T2,0.0005029552869681916,355.0
9.774087148627973e-06,0.055614204548972715,120fs,P2_TR_T2,0.0005182313842520851,357.5
1.1321993495039272e-05,0.0625,120fs,P2_TR_T2,0.0005341658469454426,360.0
1.308837280276629e-05,0.07006950698441004,120fs,P2_TR_T2,0.0005507947959676052,362.5
1.5099681473771188e-05,0.07836693530522905,120fs,P2_TR_T2,0.0005681567310016022,365.0
1.7384919485867835e-05,0.0874362295336445,120fs,P2_TR_T2,0.0005862927118245575,367.5
1.9975783839392533e-05,0.0973205908170559,120fs,P2_TR_T2,0.0006052465552500908,370.0
2.2906819384541402e-05,0.10806195220235423,120fs,P2_TR_T2,0.0006250650491743192,372.5
2.621556519382314e-05,0.11970041008732188,120fs,P2_TR_T2,0.0006457981853731288,375.0
2.9942694490753445e-05,0.13227361548971017,120fs,P2_TR_T2,0.0006674994128721852,377.5
3.413214600551654e-05,0.14581612994701473,120fs,P2_TR_T2,0.0006902259139047242,380.0
3.883124450476907e-05,0.16035875200984728,120fs,P2_TR_T2,0.0007140389046881359,382.5
4.4090808140084704e-05,0.17592782144487065,120fs,P2_TR_T2,0.0007390039634912889,385.0
4.996524018176408e-05,0.1925445093936403,120fs,P2_TR_T2,0.0007651913887337127,387.5
5.651260265581916e-05,0.21022410381342882,120fs,P2_TR_T2,0.0007926765901586156,390.0
6.379466938565687e-05,0.22897530052562515,120fs,P2_TR_T2,0.0008215405164582883,392.5
7.1876955959829e-05,0.2487995110860885,120fs,P2_TR_T2,0.0008518701231073606,395.0
8.082872420629e-05,0.2696901994392803,120fs,P2_TR_T2,0.000883758884581647,397.5
9.07229588545229e-05,0.29163225989402947,120fs,P2_TR_T2,0.000917307355614016,400.0
0.00010163631421166874,0.3146014493349948,120fs,P2_TR_T2,0.0009526237866703556,402.5
0.00011364902886873857,0.33856388673422333,120fs,P2_TR_T2,0.0009898247994260714,405.0
0.00012684480668862102,0.3634756329291118,120fs,P2_TR_T2,0.0010290361286951575,407.5
0.00014131066260857848,0.3892823632682238,120fs,P2_TR_T2,0.0010703934380197869,410.0
0.0001571367321149671,0.41591914508168437,120fs,P2_TR_T2,0.0011140432169797995,412.5
0.0001744160436147649,0.44331033100107886,120fs,P2_TR_T2,0.0011601437692413674,415.0
0.00019324425333388286,0.47136957793428325,120fs,P2_TR_T2,0.0012088663014473572,417.5
0.00021371934281189792,0.5,120fs,P2_TR_T2,0.0012603961242752953,420.0
0.00023594127953152858,0.5290944619588405,120fs,P2_TR_T2,0.001314933978371936,422.5
0.0002600116417126951,0.5585360176641231,120fs,P2_TR_T2,0.0013726974994384374,425.0
0.0002860332088083044,0.5881984958251408,120fs,P2_TR_T2,0.0014339228385126144,427.5
0.00031410951975418974,0.6179472329646448,120fs,P2_TR_T2,0.0014988664555042146,430.0
0.0003443444015404673,0.6476399509035883,120fs,P2_TR_T2,0.0015678071063192816,432.5
0.00037684147117703277,0.6771277734684469,120fs,P2_TR_T2,0.0016410480464995642,435.0
0.00041170361461279243,0.7062563744433112,120fs,P2_TR_T2,0.0017189194772474817,437.5
0.00044903244662713684,0.7348672461377996,120fs,P2_TR_T2,0.0018017812630580733,440.0
0.00048892775613387,0.7627990753722692,120fs,P2_TR_T2,0.00189002595399678,442.5
0.0005314869417132951,0.7898892112544614,120fs,P2_TR_T2,0.0019840821500147457,445.0
0.0005768044425089552,0.8159752068963134,120fs,P2_TR_T2,0.0020844182496620057,447.5
0.0006249711698838517,0.8408964152537148,120fs,P2_TR_T2,0.002191546631236072,450.0
0.0006760739454199209,0.8644956176188342,120fs,P2_TR_T2,0.0023060283208968897,452.5
0.0007301949509584013,0.8866206620021574,120fs,P2_TR_T2,0.002428478209713797,455.0
0.0007874111964129086,0.9071260877501998,120fs,P2_TR_T2,0.002559570890131427,457.5
0.0008477940110384744,0.9258747122872903,120fs,P2_TR_T2,0.002700047192118403,459.99999999999994
0.0009114085637068855,0.9427391558685664,120fs,P2_TR_T2,0.002850721510492156,462.5
0.000978313417521394,0.957603280698574,120fs,P2_TR_T2,0.003012490027824971,465.00000000000006
0.001048560123803884,0.970363521706913,120fs,P2_TR_T2,0.003186339952198144,467.5
0.001122192860108175,0.9809300876689151,120fs,P2_TR_T2,0.003373359906196469,470.0
0.0011992481164591878,0.9892280131939755,120fs,P2_TR_T2,0.0035747516232902976,472.49999999999994
0.0012797544334956614,0.9951980443443538,120fs,P2_TR_T2,0.003791843130566173,475.0
0.001363732195611751,0.9987973432501812,120fs,P2_TR_T2,0.00402610362314275,477.50000000000006
0.001451193481559367,1.0,120fs,P2_TR_T2,0.004279160266136595,480.0
0.0015421419742986501,0.9987973432501811,120fs,P2_TR_T2,0.004552817195416522,482.5
0.001636572931179628,0.9951980443443538,120fs,P2_TR_T2,0.004849077029421407,484.99999999999994
0.0017344732148155692,0.9892280131939755,120fs,P2_TR_T2,0.0051701652519764475,487.5
0.0018358213842799528,0.9809300876689148,120fs,P2_TR_T2,0.005518557881459989,490.00000000000006
0.0019405878455365302,0.970363521706913,120fs,P2_TR_T2,0.005897012906185688,492.49999999999994
0.002048735059307782,0.9576032806985735,120fs,P2_TR_T2,0.006308606041054458,495.0
0.0021602178039128975,0.9427391558685664,120fs,P2_TR_T2,0.006756771448269089,497.49999999999994
0.0022749834899732316,0.9258747122872903,120fs,P2_TR_T2,0.007245348167409016,500.0
0.0023929725233013273,0.9071260877501989,120fs,P2_TR_T2,0.007778633120063697,502.50000000000006
0.0025141187117679927,0.8866206620021574,120fs,P2_TR_T2,0.008361441694644253,504.99999999999994
0.0026383497114885316,0.8644956176188338,120fs,P2_TR_T2,0.008999177081648593,507.5
0.0027655875072904656,0.8408964152537138,120fs,P2_TR_T2,0.009697909722967524,510.00000000000006
0.002895748922125685,0.8159752068963129,120fs,P2_TR_T2,0.010464468466059279,512.5
0.0030287461498734393,0.7898892112544604,120fs,P2_TR_T2,0.01130654528127885,515.0
0.003164487305848325,0.7627990753722692,120fs,P2_TR_T2,0.012232815715843863,517.5
0.003302876989279591,0.7348672461377991,120fs,P2_TR_T2,0.013253077629847131,520.0
0.0034438168520629997,0.70625637444331,120fs,P2_TR_T2,0.014378411199162387,522.5
0.0035872061682009925,0.6771277734684462,120fs,P2_TR_T2,0.015621363689963778,525.0
0.003732942398536612,0.6476399509035877,120fs,P2_TR_T2,0.016996163125418087,527.5
0.0038809217456455738,0.6179472329646448,120fs,P2_TR_T2,0.018518965695586566,530.0
0.004031039694072302,0.5881984958251403,120fs,P2_TR_T2,0.02020814262918329,532.5
0.004183191531471851,0.558536017664122,120fs,P2_TR_T2,0.022084613277695026,535.0
0.004337272846641796,0.52909446195884,120fs,P2_TR_T2,0.024172232391225793,537.5
0.004493180000887651,0.4999999999999994,120fs,P2_TR_T2,0.026498241030875926,540.0
0.004650810569652567,0.47136957793428325,120fs,P2_TR_T2,0.02909379231243817,542.5
0.004810063751847975,0.4433103310010782,120fs,P2_TR_T2,0.03199456526880991,545.0
0.004970840744836843,0.41591914508168343,120fs,P2_TR_T2,0.03524148262432173,547.5
0.005133045083536858,0.38928236326822335,120fs,P2_TR_T2,0.03888155127894817,550.0
0.005296582942618192,0.3634756329291112,120fs,P2_TR_T2,0.0429688479084858,552.5
0.005461363401262195,0.33856388673422333,120fs,P2_TR_T2,0.0475656764255397,555.0
0.0056272986704160605,0.3146014493349943,120fs,P2_TR_T2,0.05274392927091564,557.5
0.005794304282918152,0.2916322598940286,120fs,P2_TR_T2,0.05858669080568299,560.0
0.005962299247273986,0.26969019943927997,120fs,P2_TR_T2,0.06519012868327335,562.5
0.006131206166229627,0.2487995110860881,120fs,P2_TR_T2,0.07266572828350859,565.0
0.006300951321614104,0.22897530052562515,120fs,P2_TR_T2,0.08114293643633537,567.5
0.00647146472720323,0.21022410381342846,120fs,P2_TR_T2,0.09077229418247298,570.0
0.006642680151592643,0.19254450939363957,120fs,P2_TR_T2,0.10172915474078292,572.5
0.006814535113257529,0.17592782144487065,120fs,P2_TR_T2,0.11421810283104054,575.0
0.006986970850121001,0.16035875200984706,120fs,P2_TR_T2,0.12847821584228697,577.5
0.007159932266053754,0.14581612994701473,120fs,P2_TR_T2,0.14478933703829047,580.0
0.007333367856786312,0.1322736154897099,120fs,P2_TR_T2,0.16347956728784888,582.5
0.0075072296177348145,0.1197004100873214,120fs,P2_TR_T2,0.18493422623041073,585.0
0.0076814729362246,0.10806195220235423,120fs,P2_TR_T2,0.2096065882395116,587.5
0.007856056470546683,0.09732059081705573,120fs,P2_TR_T2,0.2380307653946445,590.0
0.008030942018204135,0.0874362295336445,120fs,P2_TR_T2,0.2708371918654097,592.5
0.008206094375602359,0.07836693530522887,120fs,P2_TR_T2,0.30877126532977434,595.0
0.008381481191313564,0.0700695069844097,120fs,P2_TR_T2,0.3527158258893865,597.5
0.008557072814904866,0.0625,120fs,P2_TR_T2,0.40371830716474244,600.0
0.008732842143166147,0.05561420454897255,120fs,P2_TR_T2,0.4630235850662773,602.5
0.00890876446541085,0.04936807570340361,120fs,P2_TR_T2,0.5321137862022548,605.0
0.009084817309354808,0.043718114766822164,120fs,P2_TR_T2,0.6127566113909368,607.5
0.009260980288907405,0.03862170206029014,120fs,P2_TR_T2,0.7070640946376575,610.0
0.009437234955039595,0.03403738206811994,120fs,P2_TR_T2,0.8175641723121144,612.5
0.009613564650726365,0.029925102521830397,120fs,P2_TR_T2,0.9472880039785179,615.0
0.009789954370800234,0.026246409547000246,120fs,P2_TR_T2,1.0998766943194234,617.5
0.009966390627398507,0.022964601441806214,120fs,P2_TR_T2,1.2797119515187578,620.0
0.010142861321542272,0.02004484400123085,120fs,P2_TR_T2,1.4920763278752496,622.5
0.010319355621250633,0.017454250552003846,120fs,P2_TR_T2,1.7433500824870305,625.0
0.010495863846470083,0.015161930026670491,120fs,P2_TR_T2,2.041253458955747,627.5
0.010672377360987167,0.01313900648833923,120fs,P2_TR_T2,2.395145379352936,630.0
0.010848888471392683,0.011358613529034736,120fs,P2_TR_T2,2.8163923420285077,632.5
0.011025390333077723,0.009795866913153579,120fs,P2_TR_T2,3.31882483245186,635.0
0.011201876863165742,0.008427818732477502,120fs,P2_TR_T2,3.919303014723841,637.5
0.011378342660220229,0.007233396189744438,120fs,P2_TR_T2,4.638419125503469,640.0
0.011554782930513652,0.006193327942884274,120fs,P2_TR_T2,5.5013711747480825,642.5
0.011731193420599915,0.005290060730222238,120fs,P2_TR_T2,6.539051697758421,645.0
0.01190757035589858,0.00450766876622248,120fs,P2_TR_T2,7.789406954026164,647.5
0.012083910384973768,0.003831758154956703,120fs,P2_TR_T2,9.299136845778825,650.0
0.012260210529173136,0.003249368320950653,120fs,P2_TR_T2,11.125824859355067,652.5
0.012436468137282233,0.002748872210076091,120fs,P2_TR_T2,13.340611717286013,655.0
0.012612680844844758,0.0023198767715604104,120fs,P2_TR_T2,16.03155772952069,657.5
0.012788846537800602,0.0019531249999999933,120fs,P2_TR_T2,19.307879080659028,660.0
0.01296496332009898,0.0016404005966875227,120fs,P2_TR_T2,23.305295135617467,662.5
0.013141029484952826,0.001374436105038049,120fs,P2_TR_T2,28.192790748784557,665.0
0.01331704348941323,0.0011488251871584712,120fs,P2_TR_T2,34.18118404786816,667.5
0.013493003931956812,0.000957939538739173,120fs,P2_TR_T2,41.53400216536641,670.0
0.013668909532795417,0.0007968507879846781,120fs,P2_TR_T2,50.581312695559156,672.5
0.013844759116634749,0.0006612575912777795,120fs,P2_TR_T2,61.73734750479101,675.0
0.01402055159762695,0.0005474180233157014,120fs,P2_TR_T2,75.52300141021477,677.5
0.014196285966280498,0.0004520872618590264,120fs,P2_TR_T2,92.59460897386981,680.0
0.014371961278109361,0.0003724604860216158,120fs,P2_TR_T2,113.78082177710782,682.5
0.014547576643821709,0.00030612084103604924,120fs,P2_TR_T2,140.12995722475335,685.0
0.014723131220866019,0.00025099227035180216,120fs,P2_TR_T2,172.97090954811355,687.5
0.014898624206169563,0.0002052969763803011,120fs,P2_TR_T2,213.99165921739944,690.0
0.015074054829920478,0.00016751724277710314,120fs,P2_TR_T2,265.3406616540878,692.5
0.015249422350259773,0.00013636133243752986,120fs,P2_TR_T2,329.7580376195845,695.0
0.015424726048764017,0.0001107331650085688,120fs,P2_TR_T2,410.74565646640866,697.5
0.01559996522661256,8.97054743820551e-05,120fs,P2_TR_T2,512.7880743060899,700.0
0.01577513920134543,7.24961491112626e-05,120fs,P2_TR_T2,641.6400964296856,702.5
0.01595024730412904,5.8447465862949764e-05,120fs,P2_TR_T2,804.7017919042023,705.0
0.01612528887745714,4.7007936863681684e-05,120fs,P2_TR_T2,1011.5085220418609,707.5
0.01630026327322347,3.771650591825214e-05,120fs,P2_TR_T2,1274.3725250361013,710.0
0.016475169851110714,3.018884317608545e-05,120fs,P2_TR_T2,1609.2245987958513,712.5
0.016650007977248027,2.4105505714552595e-05,120fs,P2_TR_T2,2036.7204882645842,715.0
0.01682477702309549,1.9201748616637754e-05,120fs,P2_TR_T2,2583.6981298771966,717.5
0.01699947636451996,1.5258789062500007e-05,120fs,P2_TR_T2,3285.100860202453,720.0
0.017174105381031743,1.2096343638445882e-05,120fs,P2_TR_T2,4186.520679626472,722.5
0.017348663455155962,9.566276282376483e-06,120fs,P2_TR_T2,5347.568249803583,725.0
0.017523149971916337,7.547210794021428e-06,120fs,P2_TR_T2,6846.347379246053,727.5
0.017697564318412694,5.939977466861275e-06,120fs,P2_TR_T2,8785.407999513645,730.0
0.01787190588347607,4.663778026766443e-06,120fs,P2_TR_T2,11299.682221999312,732.5
0.01804617405738816,3.652966616434359e-06,120fs,P2_TR_T2,14567.085587179463,735.0
0.0182203682316537,2.8543570094249043e-06,120fs,P2_TR_T2,18822.707411695654,737.5
0.01839448779881655,2.224977568771578e-06,120fs,P2_TR_T2,24377.844114531883,740.0
0.018568532152311395,1.7302057032588867e-06,120fs,P2_TR_T2,31645.580601045047,742.5
0.018742500686344737,1.3422227588262222e-06,120fs,P2_TR_T2,41175.24294254539,745.0
0.018916392795799666,1.03873846643432e-06,120fs,P2_TR_T2,53698.894153257315,747.5
0.019090207876159945,8.019413139855491e-07,120fs,P2_TR_T2,70194.21200465044,750.0
0.019263945323449796,6.176375874553556e-07,120fs,P2_TR_T2,91969.69629456618,752.5
0.019437604534186373,4.745474073144675e-07,120fs,P2_TR_T2,120780.37407136278,755.0
0.019611184905342326,3.637309433804842e-07,120fs,P2_TR_T2,158985.2443912589,757.5
0.01978468583431663,2.7812219609644717e-07,120fs,P2_TR_T2,209761.96451851778,760.0
0.019958106718911982,2.1215135402287335e-07,120fs,P2_TR_T2,277400.19749362045,762.5
0.02013144695731738,1.6143984162055177e-07,120fs,P2_TR_T2,367703.2780806949,765.0
0.020304705948094855,1.225548195077158e-07,120fs,P2_TR_T2,488539.34192949405,767.5
0.020477883090169628,9.281214791970836e-08,120fs,P2_TR_T2,650599.1163136169,770.0
0.020650977782822707,7.011872480215288e-08,120fs,P2_TR_T2,868440.0496244516,772.5
0.020823989425685707,5.2846709609159943e-08,120fs,P2_TR_T2,1161927.9958498878,775.0
0.0209969174187372,3.9733484387680486e-08,120fs,P2_TR_T2,1558232.0104696276,777.5
0.021169761162300425,2.9802322387695088e-08,120fs,P2_TR_T2,2094590.2771362932,780.0
0.021342520057041868,2.229966413613205e-08,120fs,P2_TR_T2,2822153.355265203,782.5
0.02151519350397078,1.6645670463565637e-08,120fs,P2_TR_T2,3811335.6499614744,785.0
0.02168778090443918,1.23953564489389e-08,120fs,P2_TR_T2,5159282.759170408,787.5
0.021860281660142367,9.2081313276983e-09,120fs,P2_TR_T2,7000313.3753528055,790.0
0.022032695173119825,6.8239957250840725e-09,120fs,P2_TR_T2,9520551.643488804,792.5
0.022205020845756374,5.0449950506421775e-09,120fs,P2_TR_T2,12978475.27347,795.0
0.022377258080783544,3.7208100529394286e-09,120fs,P2_TR_T2,17733832.581368368,797.5
0.022549406281281107,2.737593822694539e-09,120fs,P2_TR_T2,24288423.828009937,800.0
0.02272146485067876,2.009348567122817e-09,120fs,P2_TR_T2,33343737.528972626,802.5
0.022893433192757887,1.4712833077729758e-09,120fs,P2_TR_T2,45882582.23730007,805.0
0.023065310711653388,1.074711982303251e-09,120fs,P2_TR_T2,63284951.51086675,807.5
0.02323709681185556,7.831458144390163e-10,120fs,P2_TR_T2,87492831.0691377,810.0
0.02340879089821209,5.693088411580083e-10,120fs,P2_TR_T2,121245125.47344337,812.5
0.02358039237592992,4.1286491882156547e-10,120fs,P2_TR_T2,168413258.34895453,815.0
0.023751900650577345,2.9869145156786954e-10,120fs,P2_TR_T2,234481621.07380825,817.5
0.023923315128085883,2.1557200520468977e-10,120fs,P2_TR_T2,327236872.1719708,820.0
0.024094635214752445,1.552089233893768e-10,120fs,P2_TR_T2,457759011.36374325,822.5
0.024265860317241254,1.1147969410505251e-10,120fs,P2_TR_T2,641849427.6733844,825.0
0.024436989842585875,7.987844599585711e-11,120fs,P2_TR_T2,902093044.7896851,827.5
0.024608023198191328,5.7097645922849885e-11,120fs,P2_TR_T2,1270842580.5333567,830.0
0.024778959791836044,4.0715667201971284e-11,120fs,P2_TR_T2,1794546633.0270464,832.5
0.02494979903167393,2.8964075153470983e-11,120fs,P2_TR_T2,2540040371.7978263,835.0
0.025120540326236486,2.055476578078545e-11,120fs,P2_TR_T2,3603708693.7137566,837.5
0.025291183084434683,1.4551915228366858e-11,120fs,P2_TR_T2,5124862558.298037,840.0
0.025461726715561156,1.027738289039278e-11,120fs,P2_TR_T2,7305308303.898086,842.5
0.025632170629292187,7.2410187883676675e-12,120fs,P2_TR_T2,10438039702.453701,845.0
0.025802514235689713,5.0894584002464904e-12,120fs,P2_TR_T2,14949397532.190018,847.5
0.02597275694520341,3.568602870178091e-12,120fs,P2_TR_T2,21461153669.415737,850.0
0.02614289816867272,2.496201437370547e-12,120fs,P2_TR_T2,30882136316.15963,852.5
0.026312937317328883,1.7418702203914384e-12,120fs,P2_TR_T2,44543749380.85907,855.0
0.026482873802796934,1.212569713979499e-12,120fs,P2_TR_T2,64400854165.866104,857.5
0.0266527070370978,8.420781453308188e-13,120fs,P2_TR_T2,93330192759.40962,860.0
0.026822436432650348,5.833817413434957e-13,120fs,P2_TR_T2,135574691719.28197,862.5
0.02699206140227325,4.0318839728668326e-13,120fs,P2_TR_T2,197406414632.48007,865.0
0.027161581359187274,2.7798283259668494e-13,120fs,P2_TR_T2,288117944986.9147,867.5
0.027330995717017057,1.911977086032739e-13,120fs,P2_TR_T2,421508177142.04346,870.0
0.027500303889793295,1.3119042752725332e-13,120fs,P2_TR_T2,618113998128.2999,872.5
0.027669505291954718,8.980000657794063e-14,120fs,P2_TR_T2,908569720601.5084,875.0
0.02783859933835007,6.132045187752653e-14,120fs,P2_TR_T2,1338675352557.947,877.5
0.028007585444240216,4.177236667929939e-14,120fs,P2_TR_T2,1977059871510.9202,880.0
0.028176463025300087,2.8387527869715803e-14,120fs,P2_TR_T2,2926793859451.411,882.5
0.028345231497620728,1.9245128824776616e-14,120fs,P2_TR_T2,4343025897025.647,885.0
0.028513890277711333,1.3015738916557359e-14,120fs,P2_TR_T2,6459826874884.833,887.5
0.02868243878250122,8.78155834932151e-15,120fs,P2_TR_T2,9631140474913.518,890.0
0.028850876429341844,5.910566544026804e-15,120fs,P2_TR_T2,14393391315324.662,892.5
0.029019202636008885,3.968637100116144e-15,120fs,P2_TR_T2,21561418066614.953,895.0
0.02918741682070415,2.6583271188893376e-15,120fs,P2_TR_T2,32375797261505.23,897.5
0.02935551840205765,1.7763568394002396e-15,120fs,P2_TR_T2,48729591986311.44,900.0
0.029523506799129583,1.1841501113081035e-15,120fs,P2_TR_T2,73518123738147.1,902.5
0.029691381431412363,7.874773384505512e-16,120fs,P2_TR_T2,111179719179352.83,905.0
0.02985914171883258,5.224252104919578e-16,120fs,P2_TR_T2,168533572560028.5,907.5
0.030026787081753027,3.457521942246996e-16,120fs,P2_TR_T2,256080879569938.8,910.0
0.030194316940974745,2.2827614007092416e-16,120fs,P2_TR_T2,390029918525291.8,912.5
0.030361730717738917,1.5035256894356482e-16,120fs,P2_TR_T2,595454942676386.5,915.0
0.030529027833728968,9.879067261837052e-17,120fs,P2_TR_T2,911234734456971.4,917.5000000000001
0.03069620771107249,6.475536993156416e-17,120fs,P2_TR_T2,1397790773658968.2,919.9999999999999
0.03086326977234327,4.234385483205378e-17,120fs,P2_TR_T2,2149239314530747.2,922.5
0.03103021344056329,2.762229457232535e-17,120fs,P2_TR_T2,3312517976562696.0,925.0
0.031197038139204686,1.7975619629006492e-17,120fs,P2_TR_T2,5117557458740886.0,927.5
0.03136374329219175,1.1669782019242654e-17,120fs,P2_TR_T2,7924983742812871.0,930.0000000000001
0.031530328323902915,7.557817053998129e-18,120fs,P2_TR_T2,1.2301706219321442e+16,932.4999999999999
0.031696792659172766,4.882977951005986e-18,120fs,P2_TR_T2,1.9140963233642804e+16,935.0
0.031863135723293974,3.1472258401824996e-18,120fs,P2_TR_T2,2.9853402641185984e+16,937.5
0.032029356942019326,2.023605310361347e-18,120fs,P2_TR_T2,4.667191730385481e+16,940.0
0.03219545574156366,1.2980112885201668e-18,120fs,P2_TR_T2,7.313905437643514e+16,942.5000000000001
0.0323614315486059,8.305884458501221e-19,120fs,P2_TR_T2,1.148881067758083e+17,944.9999999999999
0.032527283790290955,5.302101756986332e-19,120fs,P2_TR_T2,1.8089767026649805e+17,947.5
0.03269301189423178,3.376486271725567e-19,120fs,P2_TR_T2,2.8551121850379613e+17,950.0
0.03285861528851126,2.1450463219768147e-19,120fs,P2_TR_T2,4.516955539774046e+17,952.5
0.03302409340168427,1.3594496241433342e-19,120fs,P2_TR_T2,7.163100068165322e+17,955.0000000000001
0.033189445662779586,8.594969101555631e-20,120fs,P2_TR_T2,1.1386464916566612e+18,957.4999999999999
0.0,5.42101086242753e-20,120fs,P3_fR_total_assumption,0.0,0.0
7.088867549272156e-24,8.594969101555631e-20,120fs,P3_fR_total_assumption,0.00024320123471810632,2.5
2.495273029225203e-23,1.3594496241433633e-19,120fs,P3_fR_total_assumption,0.0005412378831517648,5.0
5.940526693801103e-23,2.1450463219768604e-19,120fs,P3_fR_total_assumption,0.0008166228163644463,7.5
1.195869010913373e-22,3.376486271725567e-19,120fs,P3_fR_total_assumption,0.0010443639135525712,10.0
2.198268091299068e-22,5.302101756986332e-19,120fs,P3_fR_total_assumption,0.0012225477506851664,12.5
3.8252689073885643e-22,8.305884458501221e-19,120fs,P3_fR_total_assumption,0.001358029857295263,15.0
6.426174581343148e-22,1.2980112885201853e-18,120fs,P3_fR_total_assumption,0.001459846805431455,17.5
1.0544239989754292e-21,2.0236053103613757e-18,120fs,P3_fR_total_assumption,0.0015364651176876796,20.0
1.7022232171829743e-21,3.1472258401824996e-18,120fs,P3_fR_total_assumption,0.0015948573150189904,22.5
2.716429830657125e-21,4.882977951005986e-18,120fs,P3_fR_total_assumption,0.0016403894259734088,25.0
4.298355444076944e-21,7.557817053998021e-18,120fs,P3_fR_total_assumption,0.0016770236375613801,27.5
6.757984040057512e-21,1.1669782019242902e-17,120fs,P3_fR_total_assumption,0.0017076059178489993,30.0
1.0571462734639721e-20,1.7975619629006874e-17,120fs,P3_fR_total_assumption,0.0017341411619287415,32.5
1.6468377590980374e-20,2.762229457232574e-17,120fs,P3_fR_total_assumption,0.0017580219652512232,35.0
2.5563912744058406e-20,4.234385483205378e-17,120fs,P3_fR_total_assumption,0.0017802056200797811,37.5
3.9558471811795327e-20,6.47553699315637e-17,120fs,P3_fR_total_assumption,0.0018013452162897272,40.0
6.103844003779682e-20,9.879067261837262e-17,120fs,P3_fR_total_assumption,0.001821883978829424,42.5
9.392819076437633e-20,1.5035256894356697e-16,120fs,P3_fR_total_assumption,0.0018421217804497673,45.0
1.4416768156346787e-19,2.2827614007092416e-16,120fs,P3_fR_total_assumption,0.001862261338916858,47.5
2.2072566849604356e-19,3.457521942246996e-16,120fs,P3_fR_total_assumption,0.0018824399419836162,50.0
3.3711095189568854e-19,5.224252104919653e-16,120fs,P3_fR_total_assumption,0.0019027510437869613,52.5
5.1362076640604635e-19,7.874773384505568e-16,120fs,P3_fR_total_assumption,0.0019232588657290865,55.0
7.8067742778520275e-19,1.1841501113081202e-15,120fs,P3_fR_total_assumption,0.001944008214402979,57.49999999999999
1.1837674592711058e-18,1.7763568394002524e-15,120fs,P3_fR_total_assumption,0.0019650310550438027,60.0
1.790734329679244e-18,2.6583271188893376e-15,120fs,P3_fR_total_assumption,0.0019863508978220697,62.5
2.7025191123301845e-18,3.968637100116201e-15,120fs,P3_fR_total_assumption,0.002007985717073497,65.0
4.068939151538109e-18,5.910566544026846e-15,120fs,P3_fR_total_assumption,0.0020299498904224013,67.5
6.111809133603458e-18,8.781558349321698e-15,120fs,P3_fR_total_assumption,0.0020522554852450375,70.0
9.158735357437181e-18,1.3015738916557498e-14,120fs,P3_fR_total_assumption,0.002074913111669546,72.5
1.36923848619679e-17,1.9245128824776616e-14,120fs,P3_fR_total_assumption,0.002097932488311485,75.0
2.04221331654022e-17,2.8387527869716207e-14,120fs,P3_fR_total_assumption,0.002121322817974977,77.5
3.038799047443869e-17,4.1772366679299685e-14,120fs,P3_fR_total_assumption,0.002145093037829995,80.0
4.5110964961568447e-17,6.13204518775274e-14,120fs,P3_fR_total_assumption,0.0021692519867896162,82.5
6.681005874549664e-17,8.980000657794159e-14,120fs,P3_fR_total_assumption,0.0021938085183407815,85.0
9.871462679678687e-17,1.3119042752725332e-13,120fs,P3_fR_total_assumption,0.002218771577493414,87.5
1.4551286146065184e-16,1.9119770860327527e-13,120fs,P3_fR_total_assumption,0.0022441502541677544,90.0
2.1399408286614e-16,2.7798283259668595e-13,120fs,P3_fR_total_assumption,0.0022699538211495506,92.5
3.1396623633545537e-16,4.0318839728668326e-13,120fs,P3_fR_total_assumption,0.002296191761975479,95.0
4.595631665806102e-16,5.833817413434999e-13,120fs,P3_fR_total_assumption,0.00232287379228757,97.5
6.711024903510913e-16,8.420781453308188e-13,120fs,P3_fR_total_assumption,0.0023500098769932446,100.0
9.777192069913446e-16,1.2125697139795163e-12,120fs,P3_fR_total_assumption,0.0023776102447750557,102.5
1.421089379338129e-15,1.741870220391457e-12,120fs,P3_fR_total_assumption,0.0024056854009738273,105.0
2.060681563333385e-15,2.496201437370547e-12,120fs,P3_fR_total_assumption,0.0024342461395239203,107.5
2.9811437672965132e-15,3.568602870178129e-12,120fs,P3_fR_total_assumption,0.002463303554395529,110.0
4.3026676515706645e-15,5.0894584002464904e-12,120fs,P3_fR_total_assumption,0.0024928690508483294,112.5
6.195492487518287e-15,7.24101878836777e-12,120fs,P3_fR_total_assumption,0.0025229543567046077,114.99999999999999
8.900150115112213e-15,1.0277382890392816e-11,120fs,P3_fR_total_assumption,0.0025535715337849417,117.5
1.2755650423973244e-14,1.4551915228366858e-11,120fs,P3_fR_total_assumption,0.0025847329896081903,120.0
1.823862047077008e-14,2.05547657807856e-11,120fs,P3_fR_total_assumption,0.0026164514894296627,122.50000000000001
2.6017513591237745e-14,2.8964075153470983e-11,120fs,P3_fR_total_assumption,0.002648740168674165,125.0
3.702749665401024e-14,4.0715667201971865e-11,120fs,P3_fR_total_assumption,0.0026816125458085584,127.50000000000001
5.257363504083876e-14,5.7097645922850286e-11,120fs,P3_fR_total_assumption,0.002715082535692207,130.0
7.447269930377286e-14,7.987844599585711e-11,120fs,P3_fR_total_assumption,0.0027491644634386006,132.5
1.0524754305138413e-13,1.114796941050537e-10,120fs,P3_fR_total_assumption,0.0027838730788194055,135.0
1.4839284831449742e-13,1.552089233893768e-10,120fs,P3_fR_total_assumption,0.002819223571241444,137.5
2.0873749503237536e-13,2.1557200520469207e-10,120fs,P3_fR_total_assumption,0.0028552315853254953,140.0
2.9293739775238703e-13,2.986914515678727e-10,120fs,P3_fR_total_assumption,0.0028919132371182394,142.5
4.101440316893336e-13,4.1286491882156547e-10,120fs,P3_fR_total_assumption,0.0029292851309669324,145.0
5.729089062414499e-13,5.693088411580144e-10,120fs,P3_fR_total_assumption,0.0029673643770897376,147.5
7.984040539871522e-13,7.831458144390163e-10,120fs,P3_fR_total_assumption,0.0030061686098743967,150.0
1.1100646261452118e-12,1.0747119823032625e-09,120fs,P3_fR_total_assumption,0.003045716006940001,152.5
1.5397937691764013e-12,1.4712833077729864e-09,120fs,P3_fR_total_assumption,0.0030860253089985347,155.0
2.130914466124497e-12,2.009348567122817e-09,120fs,P3_fR_total_assumption,0.003127115840553893,157.5
2.9421109760672407e-12,2.7375938226945685e-09,120fs,P3_fR_total_assumption,0.00316900753147903,160.0
4.052677728696213e-12,3.7208100529394286e-09,120fs,P3_fR_total_assumption,0.003211720939512994,162.5
5.569490883839505e-12,5.0449950506422494e-09,120fs,P3_fR_total_assumption,0.0032552772737225663,165.0
7.636243376530605e-12,6.8239957250841204e-09,120fs,P3_fR_total_assumption,0.0032996984189753104,167.5
1.044564584642685e-11,9.2081313276983e-09,120fs,P3_fR_total_assumption,0.0033450069614731643,170.0
1.4255503059263214e-11,1.2395356448939078e-08,120fs,P3_fR_total_assumption,0.0033912262153986622,172.5
1.9409840336526786e-11,1.6645670463565696e-08,120fs,P3_fR_total_assumption,0.0034383802507289307,175.0
2.6366592136487126e-11,2.229966413613229e-08,120fs,P3_fR_total_assumption,0.003486493922274377,177.5
3.5733793896221554e-11,2.98023223876953e-08,120fs,P3_fR_total_assumption,0.0035355929000043564,180.0
4.831676155173401e-11,3.9733484387680486e-08,120fs,P3_fR_total_assumption,0.003585703700722947,182.5
6.517942910643391e-11,5.2846709609160506e-08,120fs,P3_fR_total_assumption,0.0036368537211636603,185.0
8.772387791434975e-11,7.011872480215313e-08,120fs,P3_fR_total_assumption,0.003689071272574571,187.5
1.177931743510691e-10,9.281214791970836e-08,120fs,P3_fR_total_assumption,0.0037423856168692753,190.0
1.5780398679080485e-10,1.2255481950771666e-07,120fs,P3_fR_total_assumption,0.0037968270044247223,192.5
2.1091714070865792e-10,1.6143984162055177e-07,120fs,P3_fR_total_assumption,0.0038524267136094276,195.0
2.812563675769234e-10,2.12151354022876e-07,120fs,P3_fR_total_assumption,0.003909217092132535,197.5
3.7418809946896756e-10,2.7812219609644966e-07,120fs,P3_fR_total_assumption,0.003967231600307671,200.0
4.966783651032321e-10,3.637309433804842e-07,120fs,P3_fR_total_assumption,0.004026504856332131,202.5
6.577467832732737e-10,4.745474073144734e-07,120fs,P3_fR_total_assumption,0.0040870726836868395,205.0
8.690424789226163e-10,6.176375874553556e-07,120fs,P3_fR_total_assumption,0.004148972160770067,207.5
1.1455726457135147e-09,8.019413139855534e-07,120fs,P3_fR_total_assumption,0.0042122416728820646,210.0
1.506621658382129e-09,1.0387384664343275e-06,120fs,P3_fR_total_assumption,0.004276920966688262,212.5
1.9769073456856116e-09,1.3422227588262222e-06,120fs,P3_fR_total_assumption,0.004343051207292371,215.0
2.5880315577126303e-09,1.7302057032589052e-06,120fs,P3_fR_total_assumption,0.0044106750380615055,217.5
3.3802948320489317e-09,2.224977568771578e-06,120fs,P3_fR_total_assumption,0.004479836643352921,220.0
4.404960163876007e-09,2.85435700942494e-06,120fs,P3_fR_total_assumption,0.004550581814299956,222.5
5.7270690523800545e-09,3.6529666164343784e-06,120fs,P3_fR_total_assumption,0.004622958017827133,225.0
7.428934626243409e-09,4.663778026766443e-06,120fs,P3_fR_total_assumption,0.004697014469070749,227.5
9.614462304896601e-09,5.939977466861306e-06,120fs,P3_fR_total_assumption,0.004772802207396439,229.99999999999997
1.2414478758022645e-08,7.547210794021455e-06,120fs,P3_fR_total_assumption,0.0048503741762131874,232.50000000000003
1.599328558302462e-08,9.566276282376603e-06,120fs,P3_fR_total_assumption,0.004929785306798662,235.0
2.0556695901342465e-08,1.2096343638445947e-05,120fs,P3_fR_total_assumption,0.005011092606361563,237.5
2.6361860825613287e-08,1.5258789062500007e-05,120fs,P3_fR_total_assumption,0.0050943552505833345,240.0
3.3729249388467164e-08,1.9201748616637855e-05,120fs,P3_fR_total_assumption,0.005179634680894584,242.49999999999997
4.305721103556703e-08,2.4105505714552724e-05,120fs,P3_fR_total_assumption,0.005266994706759623,245.00000000000003
5.48396252159093e-08,3.0188843176085772e-05,120fs,P3_fR_total_assumption,0.005356501613258694,247.5
6.968722904612181e-08,3.7716505918252275e-05,120fs,P3_fR_total_assumption,0.005448224274276575,250.0
8.835331261086459e-08,4.7007936863681684e-05,120fs,P3_fR_total_assumption,0.00554223427162635,252.49999999999997
1.117645833297281e-07,5.8447465862950184e-05,120fs,P3_fR_total_assumption,0.005638606020458133,255.00000000000003
1.4105812709988496e-07,7.249614911126299e-05,120fs,P3_fR_total_assumption,0.005737416901325426,257.5
1.7762553569407943e-07,8.970547438205574e-05,120fs,P3_fR_total_assumption,0.005838747399306376,260.0
2.2316542814904317e-07,0.0001107331650085692,120fs,P3_fR_total_assumption,0.005942681250603515,262.5
2.797457694783533e-07,0.00013636133243752986,120fs,P3_fR_total_assumption,0.006049305597073386,265.0
3.4987758365218024e-07,0.00016751724277710463,120fs,P3_fR_total_assumption,0.006158711149168076,267.5
4.3660186981281936e-07,0.00020529697638030183,120fs,P3_fR_total_assumption,0.006270992357802717,270.0
5.435917612160298e-07,0.00025099227035180443,120fs,P3_fR_total_assumption,0.006386247595697661,272.5
6.752722150657575e-07,0.00030612084103605086,120fs,P3_fR_total_assumption,0.006504579348782171,275.0
8.369597873993898e-07,0.0003724604860216158,120fs,P3_fR_total_assumption,0.006626094418285517,277.5
1.0350253290327536e-06,0.0004520872618590304,120fs,P3_fR_total_assumption,0.006750904134185169,280.0
1.2770827341292437e-06,0.0005474180233157039,120fs,P3_fR_total_assumption,0.006879124580728185,282.5
1.572207179236892e-06,0.0006612575912777795,120fs,P3_fR_total_assumption,0.007010876834790942,285.0
1.9311866037313524e-06,0.0007968507879846803,120fs,P3_fR_total_assumption,0.007146287217897279,287.5
2.366810497560834e-06,0.000957939538739173,120fs,P3_fR_total_assumption,0.007285487562771894,290.0
2.894200372913002e-06,0.0011488251871584814,120fs,P3_fR_total_assumption,0.0074286154953681835,292.5
3.531186595571282e-06,0.001374436105038054,120fs,P3_fR_total_assumption,0.007575814733377496,295.0
4.298736530628491e-06,0.0016404005966875227,120fs,P3_fR_total_assumption,0.007727235402297492,297.5
5.221439205816521e-06,0.001953125,120fs,P3_fR_total_assumption,0.007883034370217352,300.0
6.3280519024975495e-06,0.0023198767715604186,120fs,P3_fR_total_assumption,0.008043375602559378,302.5
7.652114236411921e-06,0.002748872210076113,120fs,P3_fR_total_assumption,0.008208430538109011,305.0
9.232635373249064e-06,0.0032493683209506618,120fs,P3_fR_total_assumption,0.008378378487761814,307.5
1.1114860022328786e-05,0.003831758154956703,120fs,P3_fR_total_assumption,0.008553407057523131,310.0
1.3351118748275817e-05,0.0045076687662224954,120fs,P3_fR_total_assumption,0.008733712597409248,312.5
1.6001767917652493e-05,0.005290060730222247,120fs,P3_fR_total_assumption,0.008919500678023145,315.0
1.9136224236431728e-05,0.006193327942884307,120fs,P3_fR_total_assumption,0.009110986596711487,317.5
2.2834098315855757e-05,0.007233396189744457,120fs,P3_fR_total_assumption,0.009308395915353955,320.0
2.7186431009502052e-05,0.008427818732477502,120fs,P3_fR_total_assumption,0.009511965031992925,322.5
3.229703537456092e-05,0.009795866913153616,120fs,P3_fR_total_assumption,0.009721941788681064,325.0
3.828394600768734e-05,0.011358613529034766,120fs,P3_fR_total_assumption,0.009938586118107814,327.5
4.5280976174182856e-05,0.013139006488339312,120fs,P3_fR_total_assumption,0.010162170731765806,330.0
5.343938157482819e-05,0.015161930026670533,120fs,P3_fR_total_assumption,0.010392981852633324,332.5
6.292962776658289e-05,0.017454250552003846,120fs,P3_fR_total_assumption,0.01063131999558462,335.0
7.394325616456038e-05,0.020044844001230914,120fs,P3_fR_total_assumption,0.01087750079899345,337.5
8.669484120077808e-05,0.022964601441806284,120fs,P3_fR_total_assumption,0.01113185591127243,340.0
0.00010142402860322981,0.02624640954700041,120fs,P3_fR_total_assumption,0.011394733936391156,342.5
0.00011839764189618028,0.029925102521830435,120fs,P3_fR_total_assumption,0.011666501442742333,345.0
0.00013791184112564976,0.03403738206811994,120fs,P3_fR_total_assumption,0.011947544040081453,347.5
0.0001602943145070326,0.038621702060290364,120fs,P3_fR_total_assumption,0.012238267529651521,350.0
0.0001859064802072828,0.04371811476682228,120fs,P3_fR_total_assumption,0.01253909913302601,352.5
0.00021514567185357812,0.049368075703403846,120fs,P3_fR_total_assumption,0.012850488805661241,355.0
0.0002484472776545577,0.055614204548972715,120fs,P3_fR_total_assumption,0.013172910641650784,357.5
0.0002862867992891387,0.0625,120fs,P3_fR_total_assumption,0.01350686437671834,360.0
0.00032918179303082553,0.07006950698441004,120fs,P3_fR_total_assumption,0.013852876997081171,362.5
0.0003776936520104484,0.07836693530522905,120fs,P3_fR_total_assumption,0.014211504462465914,365.0
0.0004324291851637027,0.0874362295336445,120fs,P3_fR_total_assumption,0.014583333552266667,367.5
0.0004940419453552638,0.0973205908170559,120fs,P3_fR_total_assumption,0.014968983844611936,370.0
0.0005632332565180679,0.10806195220235423,120fs,P3_fR_total_assumption,0.015369109838953149,372.5
0.0006407528874983706,0.11970041008732188,120fs,P3_fR_total_assumption,0.01578440323371469,375.0
0.0007273993187605781,0.13227361548971017,120fs,P3_fR_total_assumption,0.01621559537156056,377.5
0.000824019547286836,0.14581612994701473,120fs,P3_fR_total_assumption,0.01666345986594247,380.0
0.0009315083750088484,0.16035875200984728,120fs,P3_fR_total_assumption,0.017128815423813032,382.5
0.0010508071270320086,0.17592782144487065,120fs,P3_fR_total_assumption,0.01761252888072051,385.0
0.0011829017478451856,0.1925445093936403,120fs,P3_fR_total_assumption,0.018115518465966405,387.5
0.001328820226732662,0.21022410381342882,120fs,P3_fR_total_assumption,0.01863875731711293,390.0
0.001489629307782569,0.22897530052562515,120fs,P3_fR_total_assumption,0.019183277264890764,392.5
0.0016664304452660504,0.2487995110860885,120fs,P3_fR_total_assumption,0.019750172911496534,395.0
0.0018603549717699903,0.2696901994392803,120fs,P3_fR_total_assumption,0.02034060602739818,397.5
0.002072558454306967,0.29163225989402947,120fs,P3_fR_total_assumption,0.02095581029411074,400.0
0.002304214222676647,0.3146014493349948,120fs,P3_fR_total_assumption,0.021597096422982114,402.5
0.0025565060645630546,0.33856388673422333,120fs,P3_fR_total_assumption,0.022265857682869504,405.0
0.0028306200931423114,0.3634756329291118,120fs,P3_fR_total_assumption,0.022963575872714012,407.5
0.003127735805235842,0.3892823632682238,120fs,P3_fR_total_assumption,0.02369182777847041,410.0
0.00344901636113431,0.41591914508168437,120fs,P3_fR_total_assumption,0.024452292157652992,412.5
0.0037955981309675613,0.44331033100107886,120fs,P3_fR_total_assumption,0.025246757298956587,415.0
0.004168579566706796,0.47136957793428325,120fs,P3_fR_total_assumption,0.026077129209049046,417.5
0.004569009473332156,0.5,120fs,P3_fR_total_assumption,0.026945440483753743,420.0
0.004997874767133583,0.5290944619588405,120fs,P3_fR_total_assumption,0.0278538599265055,422.5
0.0054560878232676815,0.5585360176641231,120fs,P3_fR_total_assumption,0.02880470298322944,425.0
0.005944473528286317,0.5881984958251408,120fs,P3_fR_total_assumption,0.029800443069727706,427.5
0.006463756166092503,0.6179472329646448,120fs,P3_fR_total_assumption,0.030843723875342222,430.0
0.007014546277371458,0.6476399509035883,120fs,P3_fR_total_assumption,0.031937372735174316,432.5
0.007597327642698697,0.6771277734684469,120fs,P3_fR_total_assumption,0.033084415172582766,435.0
0.008212444547962019,0.7062563744433112,120fs,P3_fR_total_assumption,0.03428809072415702,437.5
0.008860089497187541,0.7348672461377996,120fs,P3_fR_total_assumption,0.03555187017099038,440.0
0.009540291542092268,0.7627990753722692,120fs,P3_fR_total_assumption,0.03687947431299706,442.5
0.010252905399490966,0.7898892112544614,120fs,P3_fR_total_assumption,0.03827489443737534,445.0
0.010997601526892845,0.8159752068963134,120fs,P3_fR_total_assumption,0.03974241464828919,447.5
0.011773857323109321,0.8408964152537148,120fs,P3_fR_total_assumption,0.041286636242612224,450.0
0.012580949614380426,0.8644956176188342,120fs,P3_fR_total_assumption,0.04291250433636842,452.5
0.013417948577390697,0.8866206620021574,120fs,P3_fR_total_assumption,0.044625336968551435,455.0
0.014283713238618255,0.9071260877501998,120fs,P3_fR_total_assumption,0.0464308569335868,457.5
0.015176888674831903,0.9258747122872903,120fs,P3_fR_total_assumption,0.04833522662112059,459.99999999999994
0.016095905022369607,0.9427391558685664,120fs,P3_fR_total_assumption,0.05034508617242337,462.5
0.01703897838330105,0.957603280698574,120fs,P3_fR_total_assumption,0.05246759529687957,465.00000000000006
0.018004113694957177,0.970363521706913,120fs,P3_fR_total_assumption,0.054710479130226204,467.5
0.018989109605909858,0.9809300876689151,120fs,P3_fR_total_assumption,0.057082078558913396,470.0
0.01999156537666002,0.9892280131939755,120fs,P3_fR_total_assumption,0.05959140548273821,472.49999999999994
0.02100888979743593,0.9951980443443538,120fs,P3_fR_total_assumption,0.06224820354138609,475.0
0.022038312089039894,0.9987973432501812,120fs,P3_fR_total_assumption,0.06506301489042123,477.50000000000006
0.023076894726056698,1.0,120fs,P3_fR_total_assumption,0.06804725367939796,480.0
0.02412154809541219,0.9987973432501811,120fs,P3_fR_total_assumption,0.07121328696004446,482.5
0.025169046877705888,0.9951980443443538,120fs,P3_fR_total_assumption,0.07457452383692062,484.99999999999994
0.02621604801439486,0.9892280131939755,120fs,P3_fR_total_assumption,0.07814551376775392,487.5
0.027259110101214942,0.9809300876689148,120fs,P3_fR_total_assumption,0.08194205502712752,490.00000000000006
0.028294714027600826,0.970363521706913,120fs,P3_fR_total_assumption,0.08598131446683555,492.49999999999994
0.02931928466368521,0.9576032806985735,120fs,P3_fR_total_assumption,0.09028195984072954,495.0
0.030329213381048548,0.9427391558685664,120fs,P3_fR_total_assumption,0.09486430611317773,497.49999999999994
0.031320881181035064,0.9258747122872903,120fs,P3_fR_total_assumption,0.09975047734052701,500.0
0.032290682195366884,0.9071260877501989,120fs,P3_fR_total_assumption,0.104964585906657,502.50000000000006
0.033235047318135806,0.8866206620021574,120fs,P3_fR_total_assumption,0.11053293110965073,504.99999999999994
0.03415046772612141,0.8644956176188338,120fs,P3_fR_total_assumption,0.1164842193399378,507.5
0.03503351804579947,0.8408964152537138,120fs,P3_fR_total_assumption,0.1228498083645824,510.00000000000006
0.03588087893032212,0.8159752068963129,120fs,P3_fR_total_assumption,0.12966397854176592,512.5
0.03668935881805897,0.7898892112544604,120fs,P3_fR_total_assumption,0.1369642341385413,515.0
0.03745591465581465,0.7627990753722692,120fs,P3_fR_total_assumption,0.14479163831884154,517.5
0.03817767138434965,0.7348672461377991,120fs,P3_fR_total_assumption,0.15319118581341404,520.0
0.03885194000104223,0.70625637444331,120fs,P3_fR_total_assumption,0.16221221778548617,522.5
0.03947623403411058,0.6771277734684462,120fs,P3_fR_total_assumption,0.17190888397313187,525.0
0.04004828428439656,0.6476399509035877,120fs,P3_fR_total_assumption,0.18234065783001546,527.5
0.04056605171389754,0.6179472329646448,120fs,P3_fR_total_assumption,0.19357291111008823,530.0
0.04102773838460457,0.5881984958251403,120fs,P3_fR_total_assumption,0.205677555159802,532.5
0.04143179637633413,0.558536017664122,120fs,P3_fR_total_assumption,0.2187337571056905,535.0
0.041776934637696876,0.52909446195884,120fs,P3_fR_total_assumption,0.23282874016960808,537.5
0.04206212374971048,0.4999999999999994,120fs,P3_fR_total_assumption,0.2480586785239339,540.0
0.04228659860642479,0.47136957793428325,120fs,P3_fR_total_assumption,0.26452969843204477,542.5
0.042449859040908804,0.4433103310010782,120fs,P3_fR_total_assumption,0.28235899892477406,545.0
0.04255166844769482,0.41591914508168343,120fs,P3_fR_total_assumption,0.30167610696297953,547.5
0.0425920504739755,0.38928236326822335,120fs,P3_fR_total_assumption,0.32262428395395093,550.0
0.04257128387122834,0.3634756329291112,120fs,P3_fR_total_assumption,0.34536210265170714,552.5
0.04248989561627579,0.33856388673422333,120fs,P3_fR_total_assumption,0.3700652159077415,555.0
0.04234865242589477,0.3146014493349943,120fs,P3_fR_total_assumption,0.39692834148162204,557.5
0.042148550801842405,0.2916322598940286,120fs,P3_fR_total_assumption,0.42616749020497446,560.0
0.04189080575347747,0.26969019943927997,120fs,P3_fR_total_assumption,0.45802246825564485,562.5
0.0415768383530033,0.2487995110860881,120fs,P3_fR_total_assumption,0.4927596881813199,565.0
0.04120826228374715,0.22897530052562515,120fs,P3_fR_total_assumption,0.5306753276559778,567.5
0.04078686954488087,0.21022410381342846,120fs,P3_fR_total_assumption,0.5720988798018379,570.0
0.04031461547667375,0.19254450939363957,120fs,P3_fR_total_assumption,0.6173971443075447,572.5
0.0397936032688812,0.17592782144487065,120fs,P3_fR_total_assumption,0.6669787145626728,575.0
0.03922606811137217,0.16035875200984706,120fs,P3_fR_total_assumption,0.7212990226472529,577.5
0.03861436114076926,0.14581612994701473,120fs,P3_fR_total_assumption,0.78086601129407,580.0
0.03796093332992239,0.1322736154897099,120fs,P3_fR_total_assumption,0.8462465099000454,582.5
0.037268319458677576,0.1197004100873214,120fs,P3_fR_total_assumption,0.9180734003015488,585.0
0.03653912229486185,0.10806195220235423,120fs,P3_fR_total_assumption,0.9970536673213276,587.5
0.035775997103916525,0.09732059081705573,120fs,P3_fR_total_assumption,1.0839774389769938,590.0
0.034981636594395814,0.0874362295336445,120fs,P3_fR_total_assumption,1.179728131594835,592.5
0.034158756394836606,0.07836693530522887,120fs,P3_fR_total_assumption,1.2852938257063382,595.0
0.033310081145501415,0.0700695069844097,120fs,P3_fR_total_assumption,1.401780009224919,597.5
0.032438331276407384,0.0625,120fs,P3_fR_total_assumption,1.5304238345792203,600.0
0.031546210531057835,0.05561420454897255,120fs,P3_fR_total_assumption,1.672610045605407,602.5
0.03063639428355787,0.04936807570340361,120fs,P3_fR_total_assumption,1.8298887372209005,605.0
0.029711518685466776,0.043718114766822164,120fs,P3_fR_total_assumption,2.0039951150407984,607.5
0.028774170667944205,0.03862170206029014,120fs,P3_fR_total_assumption,2.196871421554413,610.0
0.02782687881458779,0.03403738206811994,120fs,P3_fR_total_assumption,2.4106911880930832,612.5
0.026872105110922688,0.029925102521830397,120fs,P3_fR_total_assumption,2.647885954696685,615.0
0.025912237567850965,0.026246409547000246,120fs,P3_fR_total_assumption,2.9111745692659317,617.5
0.024949583708545456,0.022964601441806214,120fs,P3_fR_total_assumption,3.2035951279563126,620.0
0.02398636490130501,0.02004484400123085,120fs,P3_fR_total_assumption,3.528539543866403,622.5
0.023024711514784347,0.017454250552003846,120fs,P3_fR_total_assumption,3.889790621798018,625.0
0.022066658866767265,0.015161930026670491,120fs,P3_fR_total_assumption,4.29156136152948,627.5
0.021114143933246357,0.01313900648833923,120fs,P3_fR_total_assumption,4.738535995322987,630.0
0.020169002780976095,0.011358613529034736,120fs,P3_fR_total_assumption,5.235911967246981,632.5
0.01923296868383811,0.009795866913153579,120fs,P3_fR_total_assumption,5.789441656155187,635.0
0.01830767088125045,0.008427818732477502,120fs,P3_fR_total_assumption,6.405472096680297,637.5
0.017394633935412903,0.007233396189744438,120fs,P3_fR_total_assumption,7.090980218870404,640.0
0.01649527764334947,0.006193327942884274,120fs,P3_fR_total_assumption,7.8536001491596386,642.5
0.015610917459427855,0.005290060730222238,120fs,P3_fR_total_assumption,8.701637817801666,645.0
0.014742765384241232,0.00450766876622248,120fs,P3_fR_total_assumption,9.644066402572088,647.5
0.013891931276369434,0.003831758154956703,120fs,P3_fR_total_assumption,10.69049387785531,650.0
0.013059424544534431,0.003249368320950653,120fs,P3_fR_total_assumption,11.85109096623744,652.5
0.01224615617897051,0.002748872210076091,120fs,P3_fR_total_assumption,13.136463890671001,655.0
0.011452941082388046,0.0023198767715604104,120fs,P3_fR_total_assumption,14.557451218640033,657.5
0.010680500662669696,0.0019531249999999933,120fs,P3_fR_total_assumption,16.124817410717792,660.0
0.009929465651351693,0.0016404005966875227,120fs,P3_fR_total_assumption,17.848806959984568,662.5
0.009200379113966864,0.001374436105038049,120fs,P3_fR_total_assumption,19.738511618634178,665.0
0.008493699620422205,0.0011488251871584712,120fs,P3_fR_total_assumption,21.800988350286715,667.5
0.007809804545716604,0.000957939538739173,120fs,P3_fR_total_assumption,24.04004627499134,670.0
0.007148993473444553,0.0007968507879846781,120fs,P3_fR_total_assumption,26.454595626024226,672.5
0.006511491676653233,0.0006612575912777795,120fs,P3_fR_total_assumption,29.036418837586087,675.0
0.005897453652701473,0.0005474180233157014,120fs,P3_fR_total_assumption,31.767181014835014,677.5
0.005306966690792228,0.0004520872618590264,120fs,P3_fR_total_assumption,34.614441181196256,680.0
0.004740054452800786,0.0003724604860216158,120fs,P3_fR_total_assumption,37.5263529083806,682.5
0.004196680549887962,0.00030612084103604924,120fs,P3_fR_total_assumption,40.42464805927038,685.0
0.0036767520991629193,0.00025099227035180216,120fs,P3_fR_total_assumption,43.1953736766151,687.5
0.0031801232463382896,0.0002052969763803011,120fs,P3_fR_total_assumption,45.67669071872744,690.0
0.002706598641897662,0.00016751724277710314,120fs,P3_fR_total_assumption,47.64283283935551,692.5
0.0022559368597707317,0.00013636133243752986,120fs,P3_fR_total_assumption,48.783048615543905,695.0
0.0018278537488847994,0.0001107331650085688,120fs,P3_fR_total_assumption,48.67399172191024,697.5
0.0014220257092342188,8.97054743820551e-05,120fs,P3_fR_total_assumption,46.743554518185796,700.0
0.0010380928852845566,7.24961491112626e-05,120fs,P3_fR_total_assumption,42.22352719145228,702.5
0.0006756622706090717,5.8447465862949764e-05,120fs,P3_fR_total_assumption,34.08766206028873,705.0
0.000334310718645688,4.7007936863681684e-05,120fs,P3_fR_total_assumption,20.97067181182665,707.5
1.3587855367561734e-05,3.771650591825214e-05,120fs,P3_fR_total_assumption,1.0623134893183017,710.0
-0.00028698110951560655,3.018884317608545e-05,120fs,P3_fR_total_assumption,-28.031095581761527,712.5
-0.0005678926754601223,2.4105505714552595e-05,120fs,P3_fR_total_assumption,-69.46775333834974,715.0
-0.0008296624500518605,1.9201748616637754e-05,120fs,P3_fR_total_assumption,-127.40717560094816,717.5
-0.0010728226553762894,1.5258789062500007e-05,120fs,P3_fR_total_assumption,-207.31995224141426,720.0
-0.001297919742589564,1.2096343638445882e-05,120fs,P3_fR_total_assumption,-316.39306515774047,722.5
-0.0015055121149905896,9.566276282376483e-06,120fs,P3_fR_total_assumption,-464.0604624459206,725.0
-0.0016961679594508677,7.547210794021428e-06,120fs,P3_fR_total_assumption,-662.6979214672338,727.5
-0.0018704631856632204,5.939977466861275e-06,120fs,P3_fR_total_assumption,-928.533550632424,730.0
-0.002028979472318081,4.663778026766443e-06,120fs,P3_fR_total_assumption,-1282.841540327926,732.5
-0.0021723024190032966,3.652966616434359e-06,120fs,P3_fR_total_assumption,-1753.5082593256273,735.0
-0.00230101980234675,2.8543570094249043e-06,120fs,P3_fR_total_assumption,-2377.088209054249,737.5
-0.0024157199346774533,2.224977568771578e-06,120fs,P3_fR_total_assumption,-3201.504963662154,740.0
-0.0025169901232671506,1.7302057032588867e-06,120fs,P3_fR_total_assumption,-4289.602062485589,742.5
-0.0026054152280281747,1.3422227588262222e-06,120fs,P3_fR_total_assumption,-5723.8149153932045,745.0
-0.0026815763153819295,1.03873846643432e-06,120fs,P3_fR_total_assumption,-7612.322511908838,747.5
-0.0027460494058737382,8.019413139855491e-07,120fs,P3_fR_total_assumption,-10097.15428043412,750.0
-0.002799404312991695,6.176375874553556e-07,120fs,P3_fR_total_assumption,-13364.882434448207,752.5
-0.0028422035705480595,4.745474073144675e-07,120fs,P3_fR_total_assumption,-17660.736426343126,755.0
-0.0028750014458996734,3.637309433804842e-07,120fs,P3_fR_total_assumption,-23307.250923786214,757.5
-0.0028983430362175826,2.7812219609644717e-07,120fs,P3_fR_total_assumption,-30728.925099788674,760.0
-0.0029127634449639785,2.1215135402287335e-07,120fs,P3_fR_total_assumption,-40484.85992509284,762.5
-0.0029187870356956456,1.6143984162055177e-07,120fs,P3_fR_total_assumption,-53311.99308823746,765.0
-0.002916926760286046,1.225548195077158e-07,120fs,P3_fR_total_assumption,-70182.42389569714,767.5
-0.0029076835586420617,9.281214791970836e-08,120fs,P3_fR_total_assumption,-92379.48793058025,770.0
-0.00289154582698527,7.011872480215288e-08,120fs,P3_fR_total_assumption,-121598.80408022142,772.5
-0.0028689889517705745,5.2846709609159943e-08,120fs,P3_fR_total_assumption,-160082.61023867113,775.0
-0.002840474906326296,3.9733484387680486e-08,120fs,P3_fR_total_assumption,-210798.51083395592,777.5
-0.002806451907318719,2.9802322387695088e-08,120fs,P3_fR_total_assumption,-277677.52471335005,780.0
-0.00276735412816983,2.229966413613205e-08,120fs,P3_fR_total_assumption,-365931.3762924006,782.5
-0.0027236014665891245,1.6645670463565637e-08,120fs,P3_fR_total_assumption,-482475.76132572,785.0
-0.0026755993634181253,1.23953564489389e-08,120fs,P3_fR_total_assumption,-636495.4407716714,787.5
-0.0026237386700292313,9.2081313276983e-09,120fs,P3_fR_total_assumption,-840199.2797157945,790.0
-0.0025683955615681954,6.8239957250840725e-09,120fs,P3_fR_total_assumption,-1109829.8411830184,792.5
-0.0025099314933813384,5.0449950506421775e-09,120fs,P3_fR_total_assumption,-1467014.3320842138,795.0
-0.0024486931980242477,3.7208100529394286e-09,120fs,P3_fR_total_assumption,-1940573.5528513412,797.5
-0.00238501272030764,2.737593822694539e-09,120fs,P3_fR_total_assumption,-2568945.6770360605,800.0
-0.0023192074878979453,2.009348567122817e-09,120fs,P3_fR_total_assumption,-3403435.749407104,802.5
-0.0022515804150546885,1.4712833077729758e-09,120fs,P3_fR_total_assumption,-4512574.531211926,805.0
-0.0021824200371534097,1.074711982303251e-09,120fs,P3_fR_total_assumption,-5987968.163715974,807.5
-0.002112000673711493,7.831458144390163e-10,120fs,P3_fR_total_assumption,-7952151.6676157005,810.0
-0.002040582617704498,5.693088411580083e-10,120fs,P3_fR_total_assumption,-10569136.0394614,812.5
-0.0019684123490320694,4.1286491882156547e-10,120fs,P3_fR_total_assumption,-14058575.963867394,815.0
-0.0018957227700650732,2.9869145156786954e-10,120fs,P3_fR_total_assumption,-18714803.281251673,817.5
-0.0018227334612789317,2.1557200520468977e-10,120fs,P3_fR_total_assumption,-24932397.265120637,820.0
-0.0017496509550519452,1.552089233893768e-10,120fs,P3_fR_total_assumption,-33240531.93906951,822.5
-0.0016766690257815993,1.1147969410505251e-10,120fs,P3_fR_total_assumption,-44349099.53845635,825.0
-0.0016039689945460572,7.987844599585711e-11,120fs,P3_fR_total_assumption,-59210618.13909529,827.5
-0.0015317200466122105,5.7097645922849885e-11,120fs,P3_fR_total_assumption,-79103268.10950044,830.0
-0.0014600795601655086,4.0715667201971284e-11,120fs,P3_fR_total_assumption,-105742165.15375672,832.5
-0.0013891934447101434,2.8964075153470983e-11,120fs,P3_fR_total_assumption,-141428290.8379769,835.0
-0.0013191964876609725,2.055476578078545e-11,120fs,P3_fR_total_assumption,-189247515.76045159,837.5
-0.001250212707720506,1.4551915228366858e-11,120fs,P3_fR_total_assumption,-253336044.98907304,840.0
-0.0011823557137053753,1.027738289039278e-11,120fs,P3_fR_total_assumption,-339233592.0491346,842.5
-0.001115729067556739,7.2410187883676675e-12,120fs,P3_fR_total_assumption,-454351856.2189162,845.0
-0.0010504266503379512,5.0894584002464904e-12,120fs,P3_fR_total_assumption,-608593621.1823987,847.5
-0.0009865330300904609,3.568602870178091e-12,120fs,P3_fR_total_assumption,-815167100.0269281,850.0
-0.0009241238304851684,2.496201437370547e-12,120fs,P3_fR_total_assumption,-1091650892.028988,852.5
-0.000863266099271314,1.7418702203914384e-12,120fs,P3_fR_total_assumption,-1461376520.2719955,855.0
-0.0008040186755882867,1.212569713979499e-12,120fs,P3_fR_total_assumption,-1955206593.4674156,857.5
-0.0007464325552674828,8.420781453308188e-13,120fs,P3_fR_total_assumption,-2613794319.955824,860.0
-0.0006905512533114544,5.833817413434957e-13,120fs,P3_fR_total_assumption,-3490408990.9632945,862.5
-0.0006364111627959723,4.0318839728668326e-13,120fs,P3_fR_total_assumption,-4654392415.877502,865.0
-0.0005840419094973207,2.7798283259668494e-13,120fs,P3_fR_total_assumption,-6195256179.135685,867.5
-0.0005334667016020347,1.911977086032739e-13,120fs,P3_fR_total_assumption,-8227310094.606157,870.0
-0.00048470267390936987,1.3119042752725332e-13,120fs,P3_fR_total_assumption,-10894479889.176603,872.5
-0.0004377612259880965,8.980000657794063e-14,120fs,P3_fR_total_assumption,-14374546656.66993,875.0
-0.000392648353798608,6.132045187752653e-14,120fs,P3_fR_total_assumption,-18881290220.96849,877.5
-0.00034936497433893257,4.177236667929939e-14,120fs,P3_fR_total_assumption,-24661728611.060696,880.0
-0.0003079072429189393,2.8387527869715803e-14,120fs,P3_fR_total_assumption,-31983468863.589474,882.5
-0.00026826686271089455,1.9245128824776616e-14,120fs,P3_fR_total_assumption,-41103560299.552864,885.0
-0.0002304313862665205,1.3015738916557359e-14,120fs,P3_fR_total_assumption,-52204271227.94256,887.5
-0.00019438450873086885,8.78155834932151e-15,120fs,P3_fR_total_assumption,-65271454911.15706,890.0
-0.00016010635252163862,5.910566544026804e-15,120fs,P3_fR_total_assumption,-79875333754.83777,892.5
-0.00012757374327907394,3.968637100116144e-15,120fs,P3_fR_total_assumption,-94787952917.42146,895.0
-9.676047692628719e-05,2.6583271188893376e-15,120fs,P3_fR_total_assumption,-107330415813.6339,897.5
-6.763757771278556e-05,1.7763568394002396e-15,120fs,P3_fR_total_assumption,-112277068990.73004,900.0
-4.0173547145172705e-05,1.1841501113081035e-15,120fs,P3_fR_total_assumption,-100038380606.81084,902.5
-1.4334603738468854e-05,7.874773384505512e-16,120fs,P3_fR_total_assumption,-53676088526.62462,905.0
9.915086450715602e-06,5.224252104919578e-16,120fs,P3_fR_total_assumption,55963595923.679695,907.5
3.261318852177678e-05,3.457521942246996e-16,120fs,P3_fR_total_assumption,278138782531.0162,910.0
5.37989866465799e-05,2.2827614007092416e-16,120fs,P3_fR_total_assumption,694939197317.4219,912.5
7.351318116992884e-05,1.5035256894356482e-16,120fs,P3_fR_total_assumption,1441742155163.8967,915.0
9.17976948377637e-05,9.879067261837052e-17,120fs,P3_fR_total_assumption,2739990560290.1196,917.5000000000001
0.00010869548807688002,6.475536993156416e-17,120fs,P3_fR_total_assumption,4949586991406.011,919.9999999999999
0.00012425038323148603,4.234385483205378e-17,120fs,P3_fR_total_assumption,8652479483101.332,922.5
0.00013850689764484256,2.762229457232535e-17,120fs,P3_fR_total_assumption,14785801883228.736,925.0
0.000151510085458523,1.7975619629006492e-17,120fs,P3_fR_total_assumption,24853691701532.152,927.5
0.00016330538798743383,1.1669782019242654e-17,120fs,P3_fR_total_assumption,41263969445775.97,930.0000000000001
0.0001739384925156179,7.557817053998129e-18,120fs,P3_fR_total_assumption,67862922744659.49,932.4999999999999
0.00018345519934596192,4.882977951005986e-18,120fs,P3_fR_total_assumption,110784370628915.02,935.0
0.00019190129692620941,3.1472258401824996e-18,120fs,P3_fR_total_assumption,179797328619973.88,937.5
0.00019932244486409233,2.023605310361347e-18,120fs,P3_fR_total_assumption,290444815371699.9,940.0
0.00020576406463589033,1.2980112885201668e-18,120fs,P3_fR_total_assumption,467438300390084.1,942.5000000000001
0.0002112712377852588,8.305884458501221e-19,120fs,P3_fR_total_assumption,750045698345369.9,944.9999999999999
0.00021588861140269585,5.302101756986332e-19,120fs,P3_fR_total_assumption,1200645805275450.8,947.5
0.0002196603106704888,3.376486271725567e-19,120fs,P3_fR_total_assumption,1918314628194869.0,950.0
0.0002226298582533564,2.1450463219768147e-19,120fs,P3_fR_total_assumption,3060412505904385.0,952.5
0.00022484010031123054,1.3594496241433342e-19,120fs,P3_fR_total_assumption,4876900383837738.0,955.0000000000001
0.00022633313890766684,8.594969101555631e-20,120fs,P3_fR_total_assumption,7764921330152501.0,957.4999999999999
