[threads] using 8 threads

=== Simulation Summary ===========================================
Backend(后端)        : cupy [NVIDIA GeForce RTX 5090] | dtype=fp32  # 计算设备与精度
Grid(网格)           : Nx=512, Ny=512, Nt=384 | Lx=8.000e-03 m, Ly=8.000e-03 m, Twin=9.600e-13 s  # 时空采样规模
Steps(z步进)         : z_max=1.3 m, dz=1.000e-04 m | AutoSubstep=ON  (dz_min=2.500e-05 m, grow×1.5)  # 传播步长控制
Safety(稳定性)       : mode=ON | precheck_kerr=OFF max_iter=0  # 数值安全设置
FocusWin(焦区加密)   : ON  center=0.950 m halfwidth=0.1 m dz_focus=5.000e-05 m  # 焦点附近细步长
Thresholds(阈值)      : lin_phase≤0.8, alpha·dz≤0.2, kerr_phase≤0.3, Imax_growth≤50%  # 自适应/回退判据
Linear(线性传播)      : model=bk_nee | factorize=OFF | chunk_t=8  # 线性算子设置
Lens(透镜)           : thin-lens (center ω) | f=0.950 m | lens_chunk_t=0  # 聚焦模型
Beam(入射光束)       : λ0=8.000e-07 m n0=1.00027 w0=1.979e-03 m τ_FWHM=1.200e-13 s  # 初始脉冲参数
Profile(横向轮廓)    : flat_top_cosine | radius=1.979e-03 m
  Edge start         : 0.900 R
  Input P0/I0/Aeff   : 1.700e+10 W / 1.530e+15 W/m^2 / 1.111e-05 m^2
  Moment/r50/r90     : 1.883e-03 m / 1.330e-03 m / 1.784e-03 m
  Boundary I fraction: 0
Energy(能量)         : config=0 J | actual(after norm)=2.172e-03 J | E0_peak=0 V/m  # 目标与归一化
P0_peak(峰值功率)    : 1.700e+10 W  # 与 energy_J 二选一
Repetition(重频)      : f_rep=1.000e+03 Hz | pulses=1  # 脉冲序列
Kerr(克尔效应)       : ON   n2=7.800e-24 m^2/W | P_cr≈1.214e+10 W  # 自聚焦关键参数
Self-steep.(自陡峭)   : ON   method=tdiff  chunk_px=65536  # 脉冲前沿陡化
Raman       : ON  f_R=0.15  n_R=2.300e-23 m^2/W  model=rot_sinexp  T2=8.000e-11 s  T_R=8.400e-12 s  method=iir  chunk_px=65536
  Note       : rot_sinexp uses explicit n_R for phase/absorption; f_R is ignored in phase channel.
  Absorption(吸收)   : ON   scheme=conv_deriv  # 拉曼吸收模型
FinalEffective(最终生效参数):
  - ionization.time_mode=full  integrator=rk4
  - propagation.auto_substep=True  dz=1.000e-04 m  dz_focus=5.000e-05 m
  - beam.energy_J=null  P0_peak=1.700e+10 W  norm_source=P0_peak
  - nonlinear switches: electronic_kerr=ON  raman_phase=OFF plasma_phase=ON  ionization_loss=ON 
  - nonlinear switches: raman_absorption=ON  self_steepening=ON  ionization_solver=ON  raman_convolution=ON 
Ionization(电离)      : SPECIES(2)  caps: W≤1.000e+19 s^-1, I≤1.000e+19 W/m^2  expects=—  # 电离输入域
  Species(组分)      :
    - N2     rate=PPT_TALEBPOUR_I_LUT fraction=0.800, expects=—
    - O2     rate=PPT_TALEBPOUR_I_LUT fraction=0.200, expects=—
  TimeMode(时间近似) : FULL  integrator=RK4  # 全时域积分
  Drude ν_ei(碰撞频) : 0 s^-1
  Drude/IB(等离子体) : β_rec=0 m^3/s  σ_ib=0 m^2  # 复合与吸收
EnergyGuard(能量守护): ON  every=50 skip-first=5× | blowup×50  # 异常能量监测
Diagnostics(诊断输出): extra=ON   # 扩展诊断开关
===================================================================

[waist] measured w_in=1.883e-03 m  -> z_R=1.392e+01 m  -> z_focus_pred≈0.9456 m (thin-lens)
[focus-step] focus_center_m(local)=0.95, focus_halfwidth_m=1.0000e-01, dz_base=1.0000e-04, dz_focus=5.0000e-05
[Raman] model=rot_sinexp uses explicit n_R=2.300e-23 m^2/W for phase/absorption; f_R=0.15 ignored in phase channel.
[U] z=0.000 m  U= 2.172e-03 J  Δrel=0.00%
[U] z=0.002 m  U= 2.171e-03 J  Δrel=-0.00%
[NL] z=0.002 m  Ipk=1.545e+15 W/m^2  Δn_e=1.205e-08  Δn_R=2.974e-08  IR=1.293e+15 W/m^2  Δn_p,min=-4.425e-24  |φ_K|=9.463e-06 rad  |φ_p|=3.477e-21 rad  α_ion(raw/appl)=4.232e-16/4.232e-16  α_IB=0.000e+00  α_R(raw/appl)=1.101e-04/1.101e-04 m^-1  Edep=2.392e-11 J
[z=0.002 m] PPT_i cap-hit = 0.000% (cap=1.00e+19)
[U] z=0.005 m  U= 2.171e-03 J  Δrel=-0.01%
[NL] z=0.005 m  Ipk=1.559e+15 W/m^2  Δn_e=1.216e-08  Δn_R=3.002e-08  IR=1.305e+15 W/m^2  Δn_p,min=-4.772e-24  |φ_K|=9.554e-06 rad  |φ_p|=3.749e-21 rad  α_ion(raw/appl)=4.521e-16/4.521e-16  α_IB=0.000e+00  α_R(raw/appl)=1.107e-04/1.107e-04 m^-1  Edep=2.404e-11 J
[z=0.005 m] PPT_i cap-hit = 0.000% (cap=1.00e+19)
[U] z=0.008 m  U= 2.171e-03 J  Δrel=-0.01%
[NL] z=0.008 m  Ipk=1.577e+15 W/m^2  Δn_e=1.230e-08  Δn_R=3.037e-08  IR=1.320e+15 W/m^2  Δn_p,min=-5.224e-24  |φ_K|=9.664e-06 rad  |φ_p|=4.104e-21 rad  α_ion(raw/appl)=4.894e-16/4.894e-16  α_IB=0.000e+00  α_R(raw/appl)=1.113e-04/1.113e-04 m^-1  Edep=2.417e-11 J
[z=0.007 m] PPT_i cap-hit = 0.000% (cap=1.00e+19)
[U] z=0.010 m  U= 2.171e-03 J  Δrel=-0.01%
[NL] z=0.010 m  Ipk=1.593e+15 W/m^2  Δn_e=1.242e-08  Δn_R=3.066e-08  IR=1.333e+15 W/m^2  Δn_p,min=-5.638e-24  |φ_K|=9.758e-06 rad  |φ_p|=4.429e-21 rad  α_ion(raw/appl)=5.231e-16/5.231e-16  α_IB=0.000e+00  α_R(raw/appl)=1.119e-04/1.119e-04 m^-1  Edep=2.430e-11 J
[z=0.010 m] PPT_i cap-hit = 0.000% (cap=1.00e+19)
[U] z=0.012 m  U= 2.171e-03 J  Δrel=-0.01%
[NL] z=0.012 m  Ipk=1.617e+15 W/m^2  Δn_e=1.261e-08  Δn_R=3.112e-08  IR=1.353e+15 W/m^2  Δn_p,min=-6.342e-24  |φ_K|=9.904e-06 rad  |φ_p|=4.982e-21 rad  α_ion(raw/appl)=5.798e-16/5.798e-16  α_IB=0.000e+00  α_R(raw/appl)=1.125e-04/1.125e-04 m^-1  Edep=2.443e-11 J
[z=0.012 m] PPT_i cap-hit = 0.000% (cap=1.00e+19)
[U] z=0.015 m  U= 2.171e-03 J  Δrel=-0.02%
[NL] z=0.015 m  Ipk=1.624e+15 W/m^2  Δn_e=1.267e-08  Δn_R=3.127e-08  IR=1.359e+15 W/m^2  Δn_p,min=-6.578e-24  |φ_K|=9.950e-06 rad  |φ_p|=5.168e-21 rad  α_ion(raw/appl)=5.987e-16/5.987e-16  α_IB=0.000e+00  α_R(raw/appl)=1.131e-04/1.131e-04 m^-1  Edep=2.456e-11 J
[z=0.015 m] PPT_i cap-hit = 0.000% (cap=1.00e+19)
[U] z=0.017 m  U= 2.171e-03 J  Δrel=-0.02%
[NL] z=0.017 m  Ipk=1.652e+15 W/m^2  Δn_e=1.288e-08  Δn_R=3.180e-08  IR=1.383e+15 W/m^2  Δn_p,min=-7.515e-24  |φ_K|=1.012e-05 rad  |φ_p|=5.904e-21 rad  α_ion(raw/appl)=6.727e-16/6.727e-16  α_IB=0.000e+00  α_R(raw/appl)=1.137e-04/1.137e-04 m^-1  Edep=2.469e-11 J
[z=0.017 m] PPT_i cap-hit = 0.000% (cap=1.00e+19)
[U] z=0.020 m  U= 2.171e-03 J  Δrel=-0.02%
[NL] z=0.020 m  Ipk=1.675e+15 W/m^2  Δn_e=1.306e-08  Δn_R=3.225e-08  IR=1.402e+15 W/m^2  Δn_p,min=-8.396e-24  |φ_K|=1.026e-05 rad  |φ_p|=6.596e-21 rad  α_ion(raw/appl)=7.412e-16/7.412e-16  α_IB=0.000e+00  α_R(raw/appl)=1.143e-04/1.143e-04 m^-1  Edep=2.482e-11 J
[z=0.020 m] PPT_i cap-hit = 0.000% (cap=1.00e+19)
[U] z=0.022 m  U= 2.171e-03 J  Δrel=-0.02%
[NL] z=0.022 m  Ipk=1.691e+15 W/m^2  Δn_e=1.319e-08  Δn_R=3.256e-08  IR=1.416e+15 W/m^2  Δn_p,min=-9.059e-24  |φ_K|=1.036e-05 rad  |φ_p|=7.117e-21 rad  α_ion(raw/appl)=7.921e-16/7.921e-16  α_IB=0.000e+00  α_R(raw/appl)=1.149e-04/1.149e-04 m^-1  Edep=2.495e-11 J
[z=0.022 m] PPT_i cap-hit = 0.000% (cap=1.00e+19)
[U] z=0.025 m  U= 2.171e-03 J  Δrel=-0.03%
[NL] z=0.025 m  Ipk=1.702e+15 W/m^2  Δn_e=1.327e-08  Δn_R=3.277e-08  IR=1.425e+15 W/m^2  Δn_p,min=-9.529e-24  |φ_K|=1.043e-05 rad  |φ_p|=7.486e-21 rad  α_ion(raw/appl)=8.280e-16/8.280e-16  α_IB=0.000e+00  α_R(raw/appl)=1.156e-04/1.156e-04 m^-1  Edep=2.509e-11 J
[z=0.025 m] PPT_i cap-hit = 0.000% (cap=1.00e+19)
[z] 0.025/1.300 m (  1.92%)  elapsed  127.2s  ETA 6487.8s
[U] z=0.027 m  U= 2.171e-03 J  Δrel=-0.03%
[NL] z=0.027 m  Ipk=1.709e+15 W/m^2  Δn_e=1.333e-08  Δn_R=3.291e-08  IR=1.431e+15 W/m^2  Δn_p,min=-9.870e-24  |φ_K|=1.048e-05 rad  |φ_p|=7.754e-21 rad  α_ion(raw/appl)=8.538e-16/8.538e-16  α_IB=0.000e+00  α_R(raw/appl)=1.162e-04/1.162e-04 m^-1  Edep=2.522e-11 J
[z=0.027 m] PPT_i cap-hit = 0.000% (cap=1.00e+19)
[U] z=0.030 m  U= 2.171e-03 J  Δrel=-0.03%
[NL] z=0.030 m  Ipk=1.714e+15 W/m^2  Δn_e=1.337e-08  Δn_R=3.301e-08  IR=1.435e+15 W/m^2  Δn_p,min=-1.011e-23  |φ_K|=1.051e-05 rad  |φ_p|=7.939e-21 rad  α_ion(raw/appl)=8.717e-16/8.717e-16  α_IB=0.000e+00  α_R(raw/appl)=1.168e-04/1.168e-04 m^-1  Edep=2.536e-11 J
[z=0.030 m] PPT_i cap-hit = 0.000% (cap=1.00e+19)
[U] z=0.032 m  U= 2.171e-03 J  Δrel=-0.03%
[NL] z=0.032 m  Ipk=1.717e+15 W/m^2  Δn_e=1.339e-08  Δn_R=3.306e-08  IR=1.437e+15 W/m^2  Δn_p,min=-1.022e-23  |φ_K|=1.052e-05 rad  |φ_p|=8.031e-21 rad  α_ion(raw/appl)=8.806e-16/8.806e-16  α_IB=0.000e+00  α_R(raw/appl)=1.174e-04/1.174e-04 m^-1  Edep=2.549e-11 J
[z=0.032 m] PPT_i cap-hit = 0.000% (cap=1.00e+19)
[U] z=0.035 m  U= 2.171e-03 J  Δrel=-0.04%
[NL] z=0.035 m  Ipk=1.754e+15 W/m^2  Δn_e=1.367e-08  Δn_R=3.374e-08  IR=1.467e+15 W/m^2  Δn_p,min=-1.202e-23  |φ_K|=1.074e-05 rad  |φ_p|=9.440e-21 rad  α_ion(raw/appl)=1.014e-15/1.014e-15  α_IB=0.000e+00  α_R(raw/appl)=1.181e-04/1.181e-04 m^-1  Edep=2.563e-11 J
[z=0.035 m] PPT_i cap-hit = 0.000% (cap=1.00e+19)
[U] z=0.038 m  U= 2.171e-03 J  Δrel=-0.04%
[NL] z=0.038 m  Ipk=1.788e+15 W/m^2  Δn_e=1.394e-08  Δn_R=3.441e-08  IR=1.496e+15 W/m^2  Δn_p,min=-1.404e-23  |φ_K|=1.095e-05 rad  |φ_p|=1.103e-20 rad  α_ion(raw/appl)=1.162e-15/1.162e-15  α_IB=0.000e+00  α_R(raw/appl)=1.187e-04/1.187e-04 m^-1  Edep=2.577e-11 J
[z=0.037 m] PPT_i cap-hit = 0.000% (cap=1.00e+19)
[U] z=0.040 m  U= 2.171e-03 J  Δrel=-0.04%
[NL] z=0.040 m  Ipk=1.821e+15 W/m^2  Δn_e=1.420e-08  Δn_R=3.505e-08  IR=1.524e+15 W/m^2  Δn_p,min=-1.623e-23  |φ_K|=1.116e-05 rad  |φ_p|=1.275e-20 rad  α_ion(raw/appl)=1.319e-15/1.319e-15  α_IB=0.000e+00  α_R(raw/appl)=1.194e-04/1.194e-04 m^-1  Edep=2.591e-11 J
[z=0.040 m] PPT_i cap-hit = 0.000% (cap=1.00e+19)
[U] z=0.043 m  U= 2.171e-03 J  Δrel=-0.04%
[NL] z=0.043 m  Ipk=1.853e+15 W/m^2  Δn_e=1.445e-08  Δn_R=3.567e-08  IR=1.551e+15 W/m^2  Δn_p,min=-1.863e-23  |φ_K|=1.135e-05 rad  |φ_p|=1.464e-20 rad  α_ion(raw/appl)=1.489e-15/1.489e-15  α_IB=0.000e+00  α_R(raw/appl)=1.200e-04/1.200e-04 m^-1  Edep=2.605e-11 J
[z=0.042 m] PPT_i cap-hit = 0.000% (cap=1.00e+19)
[U] z=0.045 m  U= 2.171e-03 J  Δrel=-0.05%
[NL] z=0.045 m  Ipk=1.884e+15 W/m^2  Δn_e=1.469e-08  Δn_R=3.626e-08  IR=1.576e+15 W/m^2  Δn_p,min=-2.121e-23  |φ_K|=1.154e-05 rad  |φ_p|=1.666e-20 rad  α_ion(raw/appl)=1.667e-15/1.667e-15  α_IB=0.000e+00  α_R(raw/appl)=1.207e-04/1.207e-04 m^-1  Edep=2.619e-11 J
[z=0.045 m] PPT_i cap-hit = 0.000% (cap=1.00e+19)
[U] z=0.048 m  U= 2.170e-03 J  Δrel=-0.05%
[NL] z=0.048 m  Ipk=1.914e+15 W/m^2  Δn_e=1.492e-08  Δn_R=3.683e-08  IR=1.601e+15 W/m^2  Δn_p,min=-2.399e-23  |φ_K|=1.172e-05 rad  |φ_p|=1.885e-20 rad  α_ion(raw/appl)=1.857e-15/1.857e-15  α_IB=0.000e+00  α_R(raw/appl)=1.214e-04/1.214e-04 m^-1  Edep=2.634e-11 J
[z=0.047 m] PPT_i cap-hit = 0.000% (cap=1.00e+19)
[U] z=0.050 m  U= 2.170e-03 J  Δrel=-0.05%
[NL] z=0.050 m  Ipk=1.942e+15 W/m^2  Δn_e=1.514e-08  Δn_R=3.737e-08  IR=1.625e+15 W/m^2  Δn_p,min=-2.692e-23  |φ_K|=1.190e-05 rad  |φ_p|=2.115e-20 rad  α_ion(raw/appl)=2.054e-15/2.054e-15  α_IB=0.000e+00  α_R(raw/appl)=1.220e-04/1.220e-04 m^-1  Edep=2.648e-11 J
[z=0.050 m] PPT_i cap-hit = 0.000% (cap=1.00e+19)
[z] 0.050/1.300 m (  3.85%)  elapsed  254.2s  ETA 6355.1s
[U] z=0.053 m  U= 2.170e-03 J  Δrel=-0.05%
[NL] z=0.053 m  Ipk=1.970e+15 W/m^2  Δn_e=1.536e-08  Δn_R=3.792e-08  IR=1.649e+15 W/m^2  Δn_p,min=-3.019e-23  |φ_K|=1.207e-05 rad  |φ_p|=2.372e-20 rad  α_ion(raw/appl)=2.270e-15/2.270e-15  α_IB=0.000e+00  α_R(raw/appl)=1.227e-04/1.227e-04 m^-1  Edep=2.663e-11 J
[z=0.052 m] PPT_i cap-hit = 0.000% (cap=1.00e+19)
[U] z=0.055 m  U= 2.170e-03 J  Δrel=-0.06%
[NL] z=0.055 m  Ipk=1.996e+15 W/m^2  Δn_e=1.556e-08  Δn_R=3.841e-08  IR=1.670e+15 W/m^2  Δn_p,min=-3.343e-23  |φ_K|=1.223e-05 rad  |φ_p|=2.626e-20 rad  α_ion(raw/appl)=2.482e-15/2.482e-15  α_IB=0.000e+00  α_R(raw/appl)=1.234e-04/1.234e-04 m^-1  Edep=2.678e-11 J
[z=0.055 m] PPT_i cap-hit = 0.000% (cap=1.00e+19)
[U] z=0.058 m  U= 2.170e-03 J  Δrel=-0.06%
[NL] z=0.058 m  Ipk=2.021e+15 W/m^2  Δn_e=1.576e-08  Δn_R=3.890e-08  IR=1.691e+15 W/m^2  Δn_p,min=-3.696e-23  |φ_K|=1.238e-05 rad  |φ_p|=2.904e-20 rad  α_ion(raw/appl)=2.710e-15/2.710e-15  α_IB=0.000e+00  α_R(raw/appl)=1.241e-04/1.241e-04 m^-1  Edep=2.693e-11 J
[z=0.057 m] PPT_i cap-hit = 0.000% (cap=1.00e+19)
[U] z=0.060 m  U= 2.170e-03 J  Δrel=-0.06%
[NL] z=0.060 m  Ipk=2.048e+15 W/m^2  Δn_e=1.597e-08  Δn_R=3.942e-08  IR=1.714e+15 W/m^2  Δn_p,min=-4.104e-23  |φ_K|=1.255e-05 rad  |φ_p|=3.224e-20 rad  α_ion(raw/appl)=2.969e-15/2.969e-15  α_IB=0.000e+00  α_R(raw/appl)=1.248e-04/1.248e-04 m^-1  Edep=2.708e-11 J
[z=0.060 m] PPT_i cap-hit = 0.000% (cap=1.00e+19)
[U] z=0.063 m  U= 2.170e-03 J  Δrel=-0.06%
[NL] z=0.063 m  Ipk=2.073e+15 W/m^2  Δn_e=1.616e-08  Δn_R=3.988e-08  IR=1.734e+15 W/m^2  Δn_p,min=-4.499e-23  |φ_K|=1.270e-05 rad  |φ_p|=3.535e-20 rad  α_ion(raw/appl)=3.218e-15/3.218e-15  α_IB=0.000e+00  α_R(raw/appl)=1.255e-04/1.255e-04 m^-1  Edep=2.723e-11 J
[z=0.062 m] PPT_i cap-hit = 0.000% (cap=1.00e+19)
[U] z=0.065 m  U= 2.170e-03 J  Δrel=-0.07%
[NL] z=0.065 m  Ipk=2.097e+15 W/m^2  Δn_e=1.635e-08  Δn_R=4.036e-08  IR=1.755e+15 W/m^2  Δn_p,min=-4.940e-23  |φ_K|=1.285e-05 rad  |φ_p|=3.881e-20 rad  α_ion(raw/appl)=3.492e-15/3.492e-15  α_IB=0.000e+00  α_R(raw/appl)=1.262e-04/1.262e-04 m^-1  Edep=2.738e-11 J
[z=0.065 m] PPT_i cap-hit = 0.000% (cap=1.00e+19)
[U] z=0.068 m  U= 2.170e-03 J  Δrel=-0.07%
[NL] z=0.068 m  Ipk=2.121e+15 W/m^2  Δn_e=1.654e-08  Δn_R=4.082e-08  IR=1.775e+15 W/m^2  Δn_p,min=-5.406e-23  |φ_K|=1.300e-05 rad  |φ_p|=4.247e-20 rad  α_ion(raw/appl)=3.778e-15/3.778e-15  α_IB=0.000e+00  α_R(raw/appl)=1.269e-04/1.269e-04 m^-1  Edep=2.754e-11 J
[z=0.067 m] PPT_i cap-hit = 0.000% (cap=1.00e+19)
[U] z=0.070 m  U= 2.170e-03 J  Δrel=-0.07%
[NL] z=0.070 m  Ipk=2.145e+15 W/m^2  Δn_e=1.673e-08  Δn_R=4.129e-08  IR=1.795e+15 W/m^2  Δn_p,min=-5.916e-23  |φ_K|=1.315e-05 rad  |φ_p|=4.648e-20 rad  α_ion(raw/appl)=4.088e-15/4.088e-15  α_IB=0.000e+00  α_R(raw/appl)=1.276e-04/1.276e-04 m^-1  Edep=2.770e-11 J
[z=0.070 m] PPT_i cap-hit = 0.000% (cap=1.00e+19)
[U] z=0.073 m  U= 2.170e-03 J  Δrel=-0.07%
[NL] z=0.073 m  Ipk=2.168e+15 W/m^2  Δn_e=1.691e-08  Δn_R=4.172e-08  IR=1.814e+15 W/m^2  Δn_p,min=-6.426e-23  |φ_K|=1.328e-05 rad  |φ_p|=5.048e-20 rad  α_ion(raw/appl)=4.395e-15/4.395e-15  α_IB=0.000e+00  α_R(raw/appl)=1.284e-04/1.284e-04 m^-1  Edep=2.785e-11 J
[z=0.072 m] PPT_i cap-hit = 0.000% (cap=1.00e+19)
[U] z=0.075 m  U= 2.170e-03 J  Δrel=-0.08%
[NL] z=0.075 m  Ipk=2.192e+15 W/m^2  Δn_e=1.709e-08  Δn_R=4.218e-08  IR=1.834e+15 W/m^2  Δn_p,min=-6.999e-23  |φ_K|=1.343e-05 rad  |φ_p|=5.498e-20 rad  α_ion(raw/appl)=4.735e-15/4.735e-15  α_IB=0.000e+00  α_R(raw/appl)=1.291e-04/1.291e-04 m^-1  Edep=2.801e-11 J
[z=0.075 m] PPT_i cap-hit = 0.000% (cap=1.00e+19)
[z] 0.075/1.300 m (  5.77%)  elapsed  381.0s  ETA 6222.9s
[U] z=0.078 m  U= 2.170e-03 J  Δrel=-0.08%
[NL] z=0.078 m  Ipk=2.214e+15 W/m^2  Δn_e=1.727e-08  Δn_R=4.262e-08  IR=1.853e+15 W/m^2  Δn_p,min=-7.594e-23  |φ_K|=1.357e-05 rad  |φ_p|=5.966e-20 rad  α_ion(raw/appl)=5.085e-15/5.085e-15  α_IB=0.000e+00  α_R(raw/appl)=1.298e-04/1.298e-04 m^-1  Edep=2.817e-11 J
[z=0.077 m] PPT_i cap-hit = 0.000% (cap=1.00e+19)
[U] z=0.080 m  U= 2.170e-03 J  Δrel=-0.08%
[NL] z=0.080 m  Ipk=2.237e+15 W/m^2  Δn_e=1.745e-08  Δn_R=4.305e-08  IR=1.872e+15 W/m^2  Δn_p,min=-8.227e-23  |φ_K|=1.371e-05 rad  |φ_p|=6.463e-20 rad  α_ion(raw/appl)=5.455e-15/5.455e-15  α_IB=0.000e+00  α_R(raw/appl)=1.306e-04/1.306e-04 m^-1  Edep=2.834e-11 J
[z=0.080 m] PPT_i cap-hit = 0.000% (cap=1.00e+19)
[U] z=0.083 m  U= 2.170e-03 J  Δrel=-0.08%
[NL] z=0.083 m  Ipk=2.259e+15 W/m^2  Δn_e=1.762e-08  Δn_R=4.348e-08  IR=1.890e+15 W/m^2  Δn_p,min=-8.891e-23  |φ_K|=1.384e-05 rad  |φ_p|=6.985e-20 rad  α_ion(raw/appl)=5.838e-15/5.838e-15  α_IB=0.000e+00  α_R(raw/appl)=1.314e-04/1.314e-04 m^-1  Edep=2.850e-11 J
[z=0.082 m] PPT_i cap-hit = 0.000% (cap=1.00e+19)
[U] z=0.085 m  U= 2.170e-03 J  Δrel=-0.09%
[NL] z=0.085 m  Ipk=2.281e+15 W/m^2  Δn_e=1.779e-08  Δn_R=4.390e-08  IR=1.909e+15 W/m^2  Δn_p,min=-9.589e-23  |φ_K|=1.398e-05 rad  |φ_p|=7.533e-20 rad  α_ion(raw/appl)=6.237e-15/6.237e-15  α_IB=0.000e+00  α_R(raw/appl)=1.321e-04/1.321e-04 m^-1  Edep=2.866e-11 J
[z=0.085 m] PPT_i cap-hit = 0.000% (cap=1.00e+19)
[U] z=0.088 m  U= 2.170e-03 J  Δrel=-0.09%
[NL] z=0.088 m  Ipk=2.303e+15 W/m^2  Δn_e=1.796e-08  Δn_R=4.433e-08  IR=1.927e+15 W/m^2  Δn_p,min=-1.035e-22  |φ_K|=1.411e-05 rad  |φ_p|=8.135e-20 rad  α_ion(raw/appl)=6.670e-15/6.670e-15  α_IB=0.000e+00  α_R(raw/appl)=1.329e-04/1.329e-04 m^-1  Edep=2.883e-11 J
[z=0.087 m] PPT_i cap-hit = 0.000% (cap=1.00e+19)
[U] z=0.090 m  U= 2.170e-03 J  Δrel=-0.09%
[NL] z=0.090 m  Ipk=2.325e+15 W/m^2  Δn_e=1.813e-08  Δn_R=4.473e-08  IR=1.945e+15 W/m^2  Δn_p,min=-1.113e-22  |φ_K|=1.424e-05 rad  |φ_p|=8.747e-20 rad  α_ion(raw/appl)=7.107e-15/7.107e-15  α_IB=0.000e+00  α_R(raw/appl)=1.337e-04/1.337e-04 m^-1  Edep=2.900e-11 J
[z=0.090 m] PPT_i cap-hit = 0.000% (cap=1.00e+19)
[U] z=0.093 m  U= 2.169e-03 J  Δrel=-0.09%
[NL] z=0.093 m  Ipk=2.346e+15 W/m^2  Δn_e=1.830e-08  Δn_R=4.515e-08  IR=1.963e+15 W/m^2  Δn_p,min=-1.198e-22  |φ_K|=1.438e-05 rad  |φ_p|=9.413e-20 rad  α_ion(raw/appl)=7.578e-15/7.578e-15  α_IB=0.000e+00  α_R(raw/appl)=1.344e-04/1.344e-04 m^-1  Edep=2.917e-11 J
[z=0.092 m] PPT_i cap-hit = 0.000% (cap=1.00e+19)
[U] z=0.095 m  U= 2.169e-03 J  Δrel=-0.10%
[NL] z=0.095 m  Ipk=2.369e+15 W/m^2  Δn_e=1.847e-08  Δn_R=4.559e-08  IR=1.982e+15 W/m^2  Δn_p,min=-1.292e-22  |φ_K|=1.451e-05 rad  |φ_p|=1.015e-19 rad  α_ion(raw/appl)=8.094e-15/8.094e-15  α_IB=0.000e+00  α_R(raw/appl)=1.352e-04/1.352e-04 m^-1  Edep=2.934e-11 J
[z=0.095 m] PPT_i cap-hit = 0.000% (cap=1.00e+19)
[U] z=0.098 m  U= 2.169e-03 J  Δrel=-0.10%
[NL] z=0.098 m  Ipk=2.390e+15 W/m^2  Δn_e=1.864e-08  Δn_R=4.599e-08  IR=2.000e+15 W/m^2  Δn_p,min=-1.386e-22  |φ_K|=1.465e-05 rad  |φ_p|=1.089e-19 rad  α_ion(raw/appl)=8.608e-15/8.608e-15  α_IB=0.000e+00  α_R(raw/appl)=1.360e-04/1.360e-04 m^-1  Edep=2.951e-11 J
[z=0.097 m] PPT_i cap-hit = 0.000% (cap=1.00e+19)
[U] z=0.100 m  U= 2.169e-03 J  Δrel=-0.10%
[NL] z=0.100 m  Ipk=2.411e+15 W/m^2  Δn_e=1.880e-08  Δn_R=4.640e-08  IR=2.017e+15 W/m^2  Δn_p,min=-1.485e-22  |φ_K|=1.477e-05 rad  |φ_p|=1.166e-19 rad  α_ion(raw/appl)=9.141e-15/9.141e-15  α_IB=0.000e+00  α_R(raw/appl)=1.368e-04/1.368e-04 m^-1  Edep=2.969e-11 J
[z=0.100 m] PPT_i cap-hit = 0.000% (cap=1.00e+19)
[z] 0.100/1.300 m (  7.69%)  elapsed  508.0s  ETA 6096.1s
[U] z=0.103 m  U= 2.169e-03 J  Δrel=-0.10%
[NL] z=0.103 m  Ipk=2.433e+15 W/m^2  Δn_e=1.898e-08  Δn_R=4.683e-08  IR=2.036e+15 W/m^2  Δn_p,min=-1.598e-22  |φ_K|=1.491e-05 rad  |φ_p|=1.255e-19 rad  α_ion(raw/appl)=9.744e-15/9.744e-15  α_IB=0.000e+00  α_R(raw/appl)=1.377e-04/1.377e-04 m^-1  Edep=2.986e-11 J
[z=0.102 m] PPT_i cap-hit = 0.000% (cap=1.00e+19)
[U] z=0.105 m  U= 2.169e-03 J  Δrel=-0.11%
[NL] z=0.105 m  Ipk=2.455e+15 W/m^2  Δn_e=1.914e-08  Δn_R=4.724e-08  IR=2.054e+15 W/m^2  Δn_p,min=-1.711e-22  |φ_K|=1.504e-05 rad  |φ_p|=1.344e-19 rad  α_ion(raw/appl)=1.034e-14/1.034e-14  α_IB=0.000e+00  α_R(raw/appl)=1.385e-04/1.385e-04 m^-1  Edep=3.004e-11 J
[z=0.105 m] PPT_i cap-hit = 0.000% (cap=1.00e+19)
[U] z=0.108 m  U= 2.169e-03 J  Δrel=-0.11%
[NL] z=0.108 m  Ipk=2.476e+15 W/m^2  Δn_e=1.931e-08  Δn_R=4.765e-08  IR=2.072e+15 W/m^2  Δn_p,min=-1.832e-22  |φ_K|=1.517e-05 rad  |φ_p|=1.439e-19 rad  α_ion(raw/appl)=1.098e-14/1.098e-14  α_IB=0.000e+00  α_R(raw/appl)=1.393e-04/1.393e-04 m^-1  Edep=3.022e-11 J
[z=0.107 m] PPT_i cap-hit = 0.000% (cap=1.00e+19)
[U] z=0.110 m  U= 2.169e-03 J  Δrel=-0.11%
[NL] z=0.110 m  Ipk=2.497e+15 W/m^2  Δn_e=1.948e-08  Δn_R=4.806e-08  IR=2.090e+15 W/m^2  Δn_p,min=-1.960e-22  |φ_K|=1.530e-05 rad  |φ_p|=1.540e-19 rad  α_ion(raw/appl)=1.165e-14/1.165e-14  α_IB=0.000e+00  α_R(raw/appl)=1.401e-04/1.401e-04 m^-1  Edep=3.040e-11 J
[z=0.110 m] PPT_i cap-hit = 0.000% (cap=1.00e+19)
[U] z=0.113 m  U= 2.169e-03 J  Δrel=-0.12%
[NL] z=0.113 m  Ipk=2.519e+15 W/m^2  Δn_e=1.964e-08  Δn_R=4.847e-08  IR=2.107e+15 W/m^2  Δn_p,min=-2.095e-22  |φ_K|=1.543e-05 rad  |φ_p|=1.646e-19 rad  α_ion(raw/appl)=1.235e-14/1.235e-14  α_IB=0.000e+00  α_R(raw/appl)=1.410e-04/1.410e-04 m^-1  Edep=3.058e-11 J
[z=0.112 m] PPT_i cap-hit = 0.000% (cap=1.00e+19)
[U] z=0.115 m  U= 2.169e-03 J  Δrel=-0.12%
[NL] z=0.115 m  Ipk=2.540e+15 W/m^2  Δn_e=1.981e-08  Δn_R=4.888e-08  IR=2.125e+15 W/m^2  Δn_p,min=-2.241e-22  |φ_K|=1.557e-05 rad  |φ_p|=1.761e-19 rad  α_ion(raw/appl)=1.310e-14/1.310e-14  α_IB=0.000e+00  α_R(raw/appl)=1.418e-04/1.418e-04 m^-1  Edep=3.076e-11 J
[z=0.115 m] PPT_i cap-hit = 0.000% (cap=1.00e+19)
[U] z=0.118 m  U= 2.169e-03 J  Δrel=-0.12%
[NL] z=0.118 m  Ipk=2.561e+15 W/m^2  Δn_e=1.997e-08  Δn_R=4.928e-08  IR=2.143e+15 W/m^2  Δn_p,min=-2.389e-22  |φ_K|=1.569e-05 rad  |φ_p|=1.876e-19 rad  α_ion(raw/appl)=1.385e-14/1.385e-14  α_IB=0.000e+00  α_R(raw/appl)=1.427e-04/1.427e-04 m^-1  Edep=3.095e-11 J
[z=0.117 m] PPT_i cap-hit = 0.000% (cap=1.00e+19)
[U] z=0.120 m  U= 2.169e-03 J  Δrel=-0.12%
[NL] z=0.120 m  Ipk=2.582e+15 W/m^2  Δn_e=2.014e-08  Δn_R=4.970e-08  IR=2.161e+15 W/m^2  Δn_p,min=-2.552e-22  |φ_K|=1.582e-05 rad  |φ_p|=2.005e-19 rad  α_ion(raw/appl)=1.468e-14/1.468e-14  α_IB=0.000e+00  α_R(raw/appl)=1.436e-04/1.436e-04 m^-1  Edep=3.114e-11 J
[z=0.120 m] PPT_i cap-hit = 0.000% (cap=1.00e+19)
[U] z=0.123 m  U= 2.169e-03 J  Δrel=-0.13%
[NL] z=0.123 m  Ipk=2.604e+15 W/m^2  Δn_e=2.031e-08  Δn_R=5.010e-08  IR=2.178e+15 W/m^2  Δn_p,min=-2.722e-22  |φ_K|=1.595e-05 rad  |φ_p|=2.139e-19 rad  α_ion(raw/appl)=1.553e-14/1.553e-14  α_IB=0.000e+00  α_R(raw/appl)=1.444e-04/1.444e-04 m^-1  Edep=3.133e-11 J
[z=0.122 m] PPT_i cap-hit = 0.000% (cap=1.00e+19)
[U] z=0.125 m  U= 2.169e-03 J  Δrel=-0.13%
[NL] z=0.125 m  Ipk=2.625e+15 W/m^2  Δn_e=2.047e-08  Δn_R=5.052e-08  IR=2.196e+15 W/m^2  Δn_p,min=-2.905e-22  |φ_K|=1.609e-05 rad  |φ_p|=2.282e-19 rad  α_ion(raw/appl)=1.644e-14/1.644e-14  α_IB=0.000e+00  α_R(raw/appl)=1.453e-04/1.453e-04 m^-1  Edep=3.152e-11 J
[z=0.125 m] PPT_i cap-hit = 0.000% (cap=1.00e+19)
[z] 0.125/1.300 m (  9.62%)  elapsed  634.1s  ETA 5960.3s
[U] z=0.128 m  U= 2.169e-03 J  Δrel=-0.13%
[NL] z=0.128 m  Ipk=2.648e+15 W/m^2  Δn_e=2.065e-08  Δn_R=5.095e-08  IR=2.215e+15 W/m^2  Δn_p,min=-3.105e-22  |φ_K|=1.622e-05 rad  |φ_p|=2.440e-19 rad  α_ion(raw/appl)=1.742e-14/1.742e-14  α_IB=0.000e+00  α_R(raw/appl)=1.462e-04/1.462e-04 m^-1  Edep=3.171e-11 J
[z=0.127 m] PPT_i cap-hit = 0.000% (cap=1.00e+19)
[U] z=0.130 m  U= 2.169e-03 J  Δrel=-0.13%
[NL] z=0.130 m  Ipk=2.668e+15 W/m^2  Δn_e=2.081e-08  Δn_R=5.135e-08  IR=2.232e+15 W/m^2  Δn_p,min=-3.303e-22  |φ_K|=1.635e-05 rad  |φ_p|=2.595e-19 rad  α_ion(raw/appl)=1.839e-14/1.839e-14  α_IB=0.000e+00  α_R(raw/appl)=1.471e-04/1.471e-04 m^-1  Edep=3.190e-11 J
[z=0.130 m] PPT_i cap-hit = 0.000% (cap=1.00e+19)
[U] z=0.133 m  U= 2.169e-03 J  Δrel=-0.14%
[NL] z=0.133 m  Ipk=2.690e+15 W/m^2  Δn_e=2.098e-08  Δn_R=5.175e-08  IR=2.250e+15 W/m^2  Δn_p,min=-3.514e-22  |φ_K|=1.648e-05 rad  |φ_p|=2.761e-19 rad  α_ion(raw/appl)=1.942e-14/1.942e-14  α_IB=0.000e+00  α_R(raw/appl)=1.480e-04/1.480e-04 m^-1  Edep=3.210e-11 J
[z=0.132 m] PPT_i cap-hit = 0.000% (cap=1.00e+19)
[U] z=0.135 m  U= 2.169e-03 J  Δrel=-0.14%
[NL] z=0.135 m  Ipk=2.712e+15 W/m^2  Δn_e=2.115e-08  Δn_R=5.219e-08  IR=2.269e+15 W/m^2  Δn_p,min=-3.756e-22  |φ_K|=1.662e-05 rad  |φ_p|=2.951e-19 rad  α_ion(raw/appl)=2.058e-14/2.058e-14  α_IB=0.000e+00  α_R(raw/appl)=1.489e-04/1.489e-04 m^-1  Edep=3.230e-11 J
[z=0.135 m] PPT_i cap-hit = 0.000% (cap=1.00e+19)
[U] z=0.138 m  U= 2.168e-03 J  Δrel=-0.14%
[NL] z=0.138 m  Ipk=2.734e+15 W/m^2  Δn_e=2.132e-08  Δn_R=5.261e-08  IR=2.288e+15 W/m^2  Δn_p,min=-4.002e-22  |φ_K|=1.675e-05 rad  |φ_p|=3.144e-19 rad  α_ion(raw/appl)=2.174e-14/2.174e-14  α_IB=0.000e+00  α_R(raw/appl)=1.499e-04/1.499e-04 m^-1  Edep=3.250e-11 J
[z=0.137 m] PPT_i cap-hit = 0.000% (cap=1.00e+19)
[U] z=0.140 m  U= 2.168e-03 J  Δrel=-0.14%
[NL] z=0.140 m  Ipk=2.757e+15 W/m^2  Δn_e=2.150e-08  Δn_R=5.305e-08  IR=2.306e+15 W/m^2  Δn_p,min=-4.269e-22  |φ_K|=1.689e-05 rad  |φ_p|=3.354e-19 rad  α_ion(raw/appl)=2.301e-14/2.301e-14  α_IB=0.000e+00  α_R(raw/appl)=1.508e-04/1.508e-04 m^-1  Edep=3.270e-11 J
[z=0.140 m] PPT_i cap-hit = 0.000% (cap=1.00e+19)
[U] z=0.143 m  U= 2.168e-03 J  Δrel=-0.15%
[NL] z=0.143 m  Ipk=2.779e+15 W/m^2  Δn_e=2.167e-08  Δn_R=5.348e-08  IR=2.325e+15 W/m^2  Δn_p,min=-4.548e-22  |φ_K|=1.703e-05 rad  |φ_p|=3.573e-19 rad  α_ion(raw/appl)=2.431e-14/2.431e-14  α_IB=0.000e+00  α_R(raw/appl)=1.518e-04/1.518e-04 m^-1  Edep=3.290e-11 J
[z=0.142 m] PPT_i cap-hit = 0.000% (cap=1.00e+19)
[U] z=0.145 m  U= 2.168e-03 J  Δrel=-0.15%
[NL] z=0.145 m  Ipk=2.800e+15 W/m^2  Δn_e=2.184e-08  Δn_R=5.389e-08  IR=2.343e+15 W/m^2  Δn_p,min=-4.835e-22  |φ_K|=1.716e-05 rad  |φ_p|=3.799e-19 rad  α_ion(raw/appl)=2.566e-14/2.566e-14  α_IB=0.000e+00  α_R(raw/appl)=1.527e-04/1.527e-04 m^-1  Edep=3.311e-11 J
[z=0.145 m] PPT_i cap-hit = 0.000% (cap=1.00e+19)
[U] z=0.148 m  U= 2.168e-03 J  Δrel=-0.15%
[NL] z=0.148 m  Ipk=2.823e+15 W/m^2  Δn_e=2.201e-08  Δn_R=5.432e-08  IR=2.362e+15 W/m^2  Δn_p,min=-5.145e-22  |φ_K|=1.730e-05 rad  |φ_p|=4.042e-19 rad  α_ion(raw/appl)=2.709e-14/2.709e-14  α_IB=0.000e+00  α_R(raw/appl)=1.537e-04/1.537e-04 m^-1  Edep=3.332e-11 J
[z=0.147 m] PPT_i cap-hit = 0.000% (cap=1.00e+19)
[U] z=0.150 m  U= 2.168e-03 J  Δrel=-0.15%
[NL] z=0.150 m  Ipk=2.845e+15 W/m^2  Δn_e=2.219e-08  Δn_R=5.476e-08  IR=2.381e+15 W/m^2  Δn_p,min=-5.481e-22  |φ_K|=1.744e-05 rad  |φ_p|=4.306e-19 rad  α_ion(raw/appl)=2.862e-14/2.862e-14  α_IB=0.000e+00  α_R(raw/appl)=1.546e-04/1.546e-04 m^-1  Edep=3.353e-11 J
[z=0.150 m] PPT_i cap-hit = 0.000% (cap=1.00e+19)
[z] 0.150/1.300 m ( 11.54%)  elapsed  759.7s  ETA 5824.7s
[U] z=0.152 m  U= 2.168e-03 J  Δrel=-0.16%
[NL] z=0.152 m  Ipk=2.867e+15 W/m^2  Δn_e=2.236e-08  Δn_R=5.518e-08  IR=2.399e+15 W/m^2  Δn_p,min=-5.823e-22  |φ_K|=1.757e-05 rad  |φ_p|=4.575e-19 rad  α_ion(raw/appl)=3.019e-14/3.019e-14  α_IB=0.000e+00  α_R(raw/appl)=1.556e-04/1.556e-04 m^-1  Edep=3.374e-11 J
[z=0.152 m] PPT_i cap-hit = 0.000% (cap=1.00e+19)
[U] z=0.155 m  U= 2.168e-03 J  Δrel=-0.16%
[NL] z=0.155 m  Ipk=2.890e+15 W/m^2  Δn_e=2.254e-08  Δn_R=5.562e-08  IR=2.418e+15 W/m^2  Δn_p,min=-6.198e-22  |φ_K|=1.771e-05 rad  |φ_p|=4.869e-19 rad  α_ion(raw/appl)=3.187e-14/3.187e-14  α_IB=0.000e+00  α_R(raw/appl)=1.566e-04/1.566e-04 m^-1  Edep=3.395e-11 J
[z=0.155 m] PPT_i cap-hit = 0.000% (cap=1.00e+19)
[U] z=0.157 m  U= 2.168e-03 J  Δrel=-0.16%
[NL] z=0.157 m  Ipk=2.913e+15 W/m^2  Δn_e=2.272e-08  Δn_R=5.606e-08  IR=2.437e+15 W/m^2  Δn_p,min=-6.594e-22  |φ_K|=1.785e-05 rad  |φ_p|=5.181e-19 rad  α_ion(raw/appl)=3.364e-14/3.364e-14  α_IB=0.000e+00  α_R(raw/appl)=1.576e-04/1.576e-04 m^-1  Edep=3.417e-11 J
[z=0.157 m] PPT_i cap-hit = 0.000% (cap=1.00e+19)
[U] z=0.160 m  U= 2.168e-03 J  Δrel=-0.16%
[NL] z=0.160 m  Ipk=2.936e+15 W/m^2  Δn_e=2.289e-08  Δn_R=5.649e-08  IR=2.456e+15 W/m^2  Δn_p,min=-7.003e-22  |φ_K|=1.799e-05 rad  |φ_p|=5.502e-19 rad  α_ion(raw/appl)=3.546e-14/3.546e-14  α_IB=0.000e+00  α_R(raw/appl)=1.586e-04/1.586e-04 m^-1  Edep=3.439e-11 J
[z=0.160 m] PPT_i cap-hit = 0.000% (cap=1.00e+19)
[U] z=0.162 m  U= 2.168e-03 J  Δrel=-0.17%
[NL] z=0.162 m  Ipk=2.958e+15 W/m^2  Δn_e=2.306e-08  Δn_R=5.690e-08  IR=2.474e+15 W/m^2  Δn_p,min=-7.424e-22  |φ_K|=1.812e-05 rad  |φ_p|=5.832e-19 rad  α_ion(raw/appl)=3.733e-14/3.733e-14  α_IB=0.000e+00  α_R(raw/appl)=1.596e-04/1.596e-04 m^-1  Edep=3.461e-11 J
[z=0.162 m] PPT_i cap-hit = 0.000% (cap=1.00e+19)
[U] z=0.165 m  U= 2.168e-03 J  Δrel=-0.17%
[NL] z=0.165 m  Ipk=2.979e+15 W/m^2  Δn_e=2.323e-08  Δn_R=5.730e-08  IR=2.491e+15 W/m^2  Δn_p,min=-7.857e-22  |φ_K|=1.825e-05 rad  |φ_p|=6.172e-19 rad  α_ion(raw/appl)=3.924e-14/3.924e-14  α_IB=0.000e+00  α_R(raw/appl)=1.607e-04/1.607e-04 m^-1  Edep=3.483e-11 J
[z=0.165 m] PPT_i cap-hit = 0.000% (cap=1.00e+19)
[U] z=0.167 m  U= 2.168e-03 J  Δrel=-0.17%
[NL] z=0.167 m  Ipk=3.004e+15 W/m^2  Δn_e=2.343e-08  Δn_R=5.780e-08  IR=2.513e+15 W/m^2  Δn_p,min=-8.399e-22  |φ_K|=1.841e-05 rad  |φ_p|=6.599e-19 rad  α_ion(raw/appl)=4.158e-14/4.158e-14  α_IB=0.000e+00  α_R(raw/appl)=1.617e-04/1.617e-04 m^-1  Edep=3.505e-11 J
[z=0.167 m] PPT_i cap-hit = 0.000% (cap=1.00e+19)
[U] z=0.170 m  U= 2.168e-03 J  Δrel=-0.17%
[NL] z=0.170 m  Ipk=3.029e+15 W/m^2  Δn_e=2.362e-08  Δn_R=5.828e-08  IR=2.534e+15 W/m^2  Δn_p,min=-8.968e-22  |φ_K|=1.856e-05 rad  |φ_p|=7.045e-19 rad  α_ion(raw/appl)=4.401e-14/4.401e-14  α_IB=0.000e+00  α_R(raw/appl)=1.627e-04/1.627e-04 m^-1  Edep=3.528e-11 J
[z=0.170 m] PPT_i cap-hit = 0.000% (cap=1.00e+19)
[U] z=0.172 m  U= 2.168e-03 J  Δrel=-0.18%
[NL] z=0.172 m  Ipk=3.051e+15 W/m^2  Δn_e=2.380e-08  Δn_R=5.871e-08  IR=2.553e+15 W/m^2  Δn_p,min=-9.498e-22  |φ_K|=1.870e-05 rad  |φ_p|=7.462e-19 rad  α_ion(raw/appl)=4.628e-14/4.628e-14  α_IB=0.000e+00  α_R(raw/appl)=1.638e-04/1.638e-04 m^-1  Edep=3.551e-11 J
[z=0.172 m] PPT_i cap-hit = 0.000% (cap=1.00e+19)
[U] z=0.175 m  U= 2.168e-03 J  Δrel=-0.18%
[NL] z=0.175 m  Ipk=3.072e+15 W/m^2  Δn_e=2.396e-08  Δn_R=5.910e-08  IR=2.569e+15 W/m^2  Δn_p,min=-1.002e-21  |φ_K|=1.883e-05 rad  |φ_p|=7.870e-19 rad  α_ion(raw/appl)=4.853e-14/4.853e-14  α_IB=0.000e+00  α_R(raw/appl)=1.649e-04/1.649e-04 m^-1  Edep=3.574e-11 J
[z=0.175 m] PPT_i cap-hit = 0.000% (cap=1.00e+19)
[z] 0.175/1.300 m ( 13.46%)  elapsed  885.3s  ETA 5691.3s
[U] z=0.177 m  U= 2.168e-03 J  Δrel=-0.18%
[NL] z=0.177 m  Ipk=3.101e+15 W/m^2  Δn_e=2.419e-08  Δn_R=5.968e-08  IR=2.595e+15 W/m^2  Δn_p,min=-1.080e-21  |φ_K|=1.901e-05 rad  |φ_p|=8.486e-19 rad  α_ion(raw/appl)=5.178e-14/5.178e-14  α_IB=0.000e+00  α_R(raw/appl)=1.660e-04/1.660e-04 m^-1  Edep=3.597e-11 J
[z=0.177 m] PPT_i cap-hit = 0.000% (cap=1.00e+19)
[U] z=0.180 m  U= 2.168e-03 J  Δrel=-0.18%
[NL] z=0.180 m  Ipk=3.126e+15 W/m^2  Δn_e=2.437e-08  Δn_R=6.014e-08  IR=2.615e+15 W/m^2  Δn_p,min=-1.148e-21  |φ_K|=1.915e-05 rad  |φ_p|=9.018e-19 rad  α_ion(raw/appl)=5.461e-14/5.461e-14  α_IB=0.000e+00  α_R(raw/appl)=1.670e-04/1.670e-04 m^-1  Edep=3.621e-11 J
[z=0.180 m] PPT_i cap-hit = 0.000% (cap=1.00e+19)
[U] z=0.182 m  U= 2.167e-03 J  Δrel=-0.19%
[NL] z=0.182 m  Ipk=3.144e+15 W/m^2  Δn_e=2.452e-08  Δn_R=6.048e-08  IR=2.629e+15 W/m^2  Δn_p,min=-1.202e-21  |φ_K|=1.927e-05 rad  |φ_p|=9.444e-19 rad  α_ion(raw/appl)=5.692e-14/5.692e-14  α_IB=0.000e+00  α_R(raw/appl)=1.681e-04/1.681e-04 m^-1  Edep=3.645e-11 J
[z=0.182 m] PPT_i cap-hit = 0.000% (cap=1.00e+19)
[U] z=0.185 m  U= 2.167e-03 J  Δrel=-0.19%
[NL] z=0.185 m  Ipk=3.176e+15 W/m^2  Δn_e=2.477e-08  Δn_R=6.111e-08  IR=2.657e+15 W/m^2  Δn_p,min=-1.303e-21  |φ_K|=1.946e-05 rad  |φ_p|=1.023e-18 rad  α_ion(raw/appl)=6.099e-14/6.099e-14  α_IB=0.000e+00  α_R(raw/appl)=1.693e-04/1.693e-04 m^-1  Edep=3.669e-11 J
[z=0.185 m] PPT_i cap-hit = 0.000% (cap=1.00e+19)
[U] z=0.187 m  U= 2.167e-03 J  Δrel=-0.19%
[NL] z=0.187 m  Ipk=3.197e+15 W/m^2  Δn_e=2.493e-08  Δn_R=6.151e-08  IR=2.674e+15 W/m^2  Δn_p,min=-1.371e-21  |φ_K|=1.959e-05 rad  |φ_p|=1.077e-18 rad  α_ion(raw/appl)=6.377e-14/6.377e-14  α_IB=0.000e+00  α_R(raw/appl)=1.704e-04/1.704e-04 m^-1  Edep=3.693e-11 J
[z=0.187 m] PPT_i cap-hit = 0.000% (cap=1.00e+19)
[U] z=0.190 m  U= 2.167e-03 J  Δrel=-0.19%
[NL] z=0.190 m  Ipk=3.222e+15 W/m^2  Δn_e=2.513e-08  Δn_R=6.198e-08  IR=2.695e+15 W/m^2  Δn_p,min=-1.458e-21  |φ_K|=1.974e-05 rad  |φ_p|=1.145e-18 rad  α_ion(raw/appl)=6.732e-14/6.732e-14  α_IB=0.000e+00  α_R(raw/appl)=1.715e-04/1.715e-04 m^-1  Edep=3.717e-11 J
[z=0.190 m] PPT_i cap-hit = 0.000% (cap=1.00e+19)
[U] z=0.192 m  U= 2.167e-03 J  Δrel=-0.20%
[NL] z=0.192 m  Ipk=3.252e+15 W/m^2  Δn_e=2.536e-08  Δn_R=6.258e-08  IR=2.721e+15 W/m^2  Δn_p,min=-1.569e-21  |φ_K|=1.993e-05 rad  |φ_p|=1.233e-18 rad  α_ion(raw/appl)=7.177e-14/7.177e-14  α_IB=0.000e+00  α_R(raw/appl)=1.727e-04/1.727e-04 m^-1  Edep=3.742e-11 J
[z=0.192 m] PPT_i cap-hit = 0.000% (cap=1.00e+19)
[U] z=0.195 m  U= 2.167e-03 J  Δrel=-0.20%
[NL] z=0.195 m  Ipk=3.270e+15 W/m^2  Δn_e=2.550e-08  Δn_R=6.289e-08  IR=2.734e+15 W/m^2  Δn_p,min=-1.636e-21  |φ_K|=2.004e-05 rad  |φ_p|=1.285e-18 rad  α_ion(raw/appl)=7.450e-14/7.450e-14  α_IB=0.000e+00  α_R(raw/appl)=1.738e-04/1.738e-04 m^-1  Edep=3.767e-11 J
[z=0.195 m] PPT_i cap-hit = 0.000% (cap=1.00e+19)
[U] z=0.197 m  U= 2.167e-03 J  Δrel=-0.20%
[NL] z=0.197 m  Ipk=3.304e+15 W/m^2  Δn_e=2.576e-08  Δn_R=6.357e-08  IR=2.764e+15 W/m^2  Δn_p,min=-1.777e-21  |φ_K|=2.024e-05 rad  |φ_p|=1.396e-18 rad  α_ion(raw/appl)=7.998e-14/7.998e-14  α_IB=0.000e+00  α_R(raw/appl)=1.750e-04/1.750e-04 m^-1  Edep=3.792e-11 J
[z=0.197 m] PPT_i cap-hit = 0.000% (cap=1.00e+19)
[U] z=0.200 m  U= 2.167e-03 J  Δrel=-0.21%
[NL] z=0.200 m  Ipk=3.322e+15 W/m^2  Δn_e=2.591e-08  Δn_R=6.389e-08  IR=2.778e+15 W/m^2  Δn_p,min=-1.852e-21  |φ_K|=2.036e-05 rad  |φ_p|=1.455e-18 rad  α_ion(raw/appl)=8.305e-14/8.305e-14  α_IB=0.000e+00  α_R(raw/appl)=1.762e-04/1.762e-04 m^-1  Edep=3.818e-11 J
[z=0.200 m] PPT_i cap-hit = 0.000% (cap=1.00e+19)
[z] 0.200/1.300 m ( 15.38%)  elapsed 1010.9s  ETA 5559.9s
[U] z=0.202 m  U= 2.167e-03 J  Δrel=-0.21%
[NL] z=0.202 m  Ipk=3.355e+15 W/m^2  Δn_e=2.617e-08  Δn_R=6.455e-08  IR=2.807e+15 W/m^2  Δn_p,min=-2.007e-21  |φ_K|=2.056e-05 rad  |φ_p|=1.577e-18 rad  α_ion(raw/appl)=8.898e-14/8.898e-14  α_IB=0.000e+00  α_R(raw/appl)=1.774e-04/1.774e-04 m^-1  Edep=3.843e-11 J
[z=0.202 m] PPT_i cap-hit = 0.000% (cap=1.00e+19)
[U] z=0.205 m  U= 2.167e-03 J  Δrel=-0.21%
[NL] z=0.205 m  Ipk=3.375e+15 W/m^2  Δn_e=2.632e-08  Δn_R=6.491e-08  IR=2.822e+15 W/m^2  Δn_p,min=-2.098e-21  |φ_K|=2.068e-05 rad  |φ_p|=1.648e-18 rad  α_ion(raw/appl)=9.257e-14/9.257e-14  α_IB=0.000e+00  α_R(raw/appl)=1.786e-04/1.786e-04 m^-1  Edep=3.870e-11 J
[z=0.205 m] PPT_i cap-hit = 0.000% (cap=1.00e+19)
[U] z=0.207 m  U= 2.167e-03 J  Δrel=-0.21%
[NL] z=0.207 m  Ipk=3.409e+15 W/m^2  Δn_e=2.659e-08  Δn_R=6.559e-08  IR=2.852e+15 W/m^2  Δn_p,min=-2.275e-21  |φ_K|=2.089e-05 rad  |φ_p|=1.787e-18 rad  α_ion(raw/appl)=9.929e-14/9.929e-14  α_IB=0.000e+00  α_R(raw/appl)=1.798e-04/1.798e-04 m^-1  Edep=3.896e-11 J
[z=0.207 m] PPT_i cap-hit = 0.000% (cap=1.00e+19)
[U] z=0.210 m  U= 2.167e-03 J  Δrel=-0.22%
[NL] z=0.210 m  Ipk=3.429e+15 W/m^2  Δn_e=2.674e-08  Δn_R=6.594e-08  IR=2.867e+15 W/m^2  Δn_p,min=-2.375e-21  |φ_K|=2.101e-05 rad  |φ_p|=1.866e-18 rad  α_ion(raw/appl)=1.032e-13/1.032e-13  α_IB=0.000e+00  α_R(raw/appl)=1.810e-04/1.810e-04 m^-1  Edep=3.922e-11 J
[z=0.210 m] PPT_i cap-hit = 0.000% (cap=1.00e+19)
[U] z=0.212 m  U= 2.167e-03 J  Δrel=-0.22%
[NL] z=0.212 m  Ipk=3.463e+15 W/m^2  Δn_e=2.701e-08  Δn_R=6.664e-08  IR=2.897e+15 W/m^2  Δn_p,min=-2.578e-21  |φ_K|=2.123e-05 rad  |φ_p|=2.025e-18 rad  α_ion(raw/appl)=1.107e-13/1.107e-13  α_IB=0.000e+00  α_R(raw/appl)=1.823e-04/1.823e-04 m^-1  Edep=3.949e-11 J
[z=0.212 m] PPT_i cap-hit = 0.000% (cap=1.00e+19)
[U] z=0.215 m  U= 2.167e-03 J  Δrel=-0.22%
[NL] z=0.215 m  Ipk=3.479e+15 W/m^2  Δn_e=2.713e-08  Δn_R=6.690e-08  IR=2.909e+15 W/m^2  Δn_p,min=-2.664e-21  |φ_K|=2.132e-05 rad  |φ_p|=2.093e-18 rad  α_ion(raw/appl)=1.141e-13/1.141e-13  α_IB=0.000e+00  α_R(raw/appl)=1.835e-04/1.835e-04 m^-1  Edep=3.976e-11 J
[z=0.215 m] PPT_i cap-hit = 0.000% (cap=1.00e+19)
[U] z=0.217 m  U= 2.167e-03 J  Δrel=-0.22%
[NL] z=0.217 m  Ipk=3.520e+15 W/m^2  Δn_e=2.745e-08  Δn_R=6.772e-08  IR=2.944e+15 W/m^2  Δn_p,min=-2.925e-21  |φ_K|=2.157e-05 rad  |φ_p|=2.298e-18 rad  α_ion(raw/appl)=1.237e-13/1.237e-13  α_IB=0.000e+00  α_R(raw/appl)=1.848e-04/1.848e-04 m^-1  Edep=4.004e-11 J
[z=0.217 m] PPT_i cap-hit = 0.000% (cap=1.00e+19)
[U] z=0.220 m  U= 2.167e-03 J  Δrel=-0.23%
[NL] z=0.220 m  Ipk=3.533e+15 W/m^2  Δn_e=2.756e-08  Δn_R=6.795e-08  IR=2.954e+15 W/m^2  Δn_p,min=-3.013e-21  |φ_K|=2.165e-05 rad  |φ_p|=2.367e-18 rad  α_ion(raw/appl)=1.271e-13/1.271e-13  α_IB=0.000e+00  α_R(raw/appl)=1.861e-04/1.861e-04 m^-1  Edep=4.031e-11 J
[z=0.220 m] PPT_i cap-hit = 0.000% (cap=1.00e+19)
[U] z=0.222 m  U= 2.167e-03 J  Δrel=-0.23%
[NL] z=0.222 m  Ipk=3.574e+15 W/m^2  Δn_e=2.787e-08  Δn_R=6.877e-08  IR=2.990e+15 W/m^2  Δn_p,min=-3.301e-21  |φ_K|=2.190e-05 rad  |φ_p|=2.593e-18 rad  α_ion(raw/appl)=1.374e-13/1.374e-13  α_IB=0.000e+00  α_R(raw/appl)=1.874e-04/1.874e-04 m^-1  Edep=4.059e-11 J
[z=0.222 m] PPT_i cap-hit = 0.000% (cap=1.00e+19)
[U] z=0.225 m  U= 2.166e-03 J  Δrel=-0.23%
[NL] z=0.225 m  Ipk=3.597e+15 W/m^2  Δn_e=2.805e-08  Δn_R=6.919e-08  IR=3.008e+15 W/m^2  Δn_p,min=-3.469e-21  |φ_K|=2.204e-05 rad  |φ_p|=2.726e-18 rad  α_ion(raw/appl)=1.436e-13/1.436e-13  α_IB=0.000e+00  α_R(raw/appl)=1.887e-04/1.887e-04 m^-1  Edep=4.088e-11 J
[z=0.225 m] PPT_i cap-hit = 0.000% (cap=1.00e+19)
[z] 0.225/1.300 m ( 17.31%)  elapsed 1136.2s  ETA 5428.7s
[U] z=0.227 m  U= 2.166e-03 J  Δrel=-0.23%
[NL] z=0.227 m  Ipk=3.625e+15 W/m^2  Δn_e=2.826e-08  Δn_R=6.972e-08  IR=3.031e+15 W/m^2  Δn_p,min=-3.680e-21  |φ_K|=2.221e-05 rad  |φ_p|=2.891e-18 rad  α_ion(raw/appl)=1.512e-13/1.512e-13  α_IB=0.000e+00  α_R(raw/appl)=1.900e-04/1.900e-04 m^-1  Edep=4.116e-11 J
[z=0.227 m] PPT_i cap-hit = 0.000% (cap=1.00e+19)
[U] z=0.230 m  U= 2.166e-03 J  Δrel=-0.24%
[NL] z=0.230 m  Ipk=3.662e+15 W/m^2  Δn_e=2.856e-08  Δn_R=7.045e-08  IR=3.063e+15 W/m^2  Δn_p,min=-3.995e-21  |φ_K|=2.244e-05 rad  |φ_p|=3.138e-18 rad  α_ion(raw/appl)=1.623e-13/1.623e-13  α_IB=0.000e+00  α_R(raw/appl)=1.913e-04/1.913e-04 m^-1  Edep=4.145e-11 J
[z=0.230 m] PPT_i cap-hit = 0.000% (cap=1.00e+19)
[U] z=0.232 m  U= 2.166e-03 J  Δrel=-0.24%
[NL] z=0.232 m  Ipk=3.672e+15 W/m^2  Δn_e=2.864e-08  Δn_R=7.060e-08  IR=3.070e+15 W/m^2  Δn_p,min=-4.075e-21  |φ_K|=2.250e-05 rad  |φ_p|=3.201e-18 rad  α_ion(raw/appl)=1.655e-13/1.655e-13  α_IB=0.000e+00  α_R(raw/appl)=1.927e-04/1.927e-04 m^-1  Edep=4.174e-11 J
[z=0.232 m] PPT_i cap-hit = 0.000% (cap=1.00e+19)
[U] z=0.235 m  U= 2.166e-03 J  Δrel=-0.24%
[NL] z=0.235 m  Ipk=3.719e+15 W/m^2  Δn_e=2.900e-08  Δn_R=7.155e-08  IR=3.111e+15 W/m^2  Δn_p,min=-4.513e-21  |φ_K|=2.279e-05 rad  |φ_p|=3.545e-18 rad  α_ion(raw/appl)=1.806e-13/1.806e-13  α_IB=0.000e+00  α_R(raw/appl)=1.940e-04/1.940e-04 m^-1  Edep=4.204e-11 J
[z=0.235 m] PPT_i cap-hit = 0.000% (cap=1.00e+19)
[U] z=0.237 m  U= 2.166e-03 J  Δrel=-0.24%
[NL] z=0.237 m  Ipk=3.744e+15 W/m^2  Δn_e=2.920e-08  Δn_R=7.203e-08  IR=3.132e+15 W/m^2  Δn_p,min=-4.762e-21  |φ_K|=2.295e-05 rad  |φ_p|=3.741e-18 rad  α_ion(raw/appl)=1.893e-13/1.893e-13  α_IB=0.000e+00  α_R(raw/appl)=1.954e-04/1.954e-04 m^-1  Edep=4.233e-11 J
[z=0.237 m] PPT_i cap-hit = 0.000% (cap=1.00e+19)
[U] z=0.240 m  U= 2.166e-03 J  Δrel=-0.25%
[NL] z=0.240 m  Ipk=3.764e+15 W/m^2  Δn_e=2.935e-08  Δn_R=7.239e-08  IR=3.147e+15 W/m^2  Δn_p,min=-4.953e-21  |φ_K|=2.307e-05 rad  |φ_p|=3.891e-18 rad  α_ion(raw/appl)=1.961e-13/1.961e-13  α_IB=0.000e+00  α_R(raw/appl)=1.968e-04/1.968e-04 m^-1  Edep=4.264e-11 J
[z=0.240 m] PPT_i cap-hit = 0.000% (cap=1.00e+19)
[U] z=0.242 m  U= 2.166e-03 J  Δrel=-0.25%
[NL] z=0.242 m  Ipk=3.812e+15 W/m^2  Δn_e=2.972e-08  Δn_R=7.333e-08  IR=3.188e+15 W/m^2  Δn_p,min=-5.475e-21  |φ_K|=2.336e-05 rad  |φ_p|=4.301e-18 rad  α_ion(raw/appl)=2.138e-13/2.138e-13  α_IB=0.000e+00  α_R(raw/appl)=1.982e-04/1.982e-04 m^-1  Edep=4.294e-11 J
[z=0.242 m] PPT_i cap-hit = 0.000% (cap=1.00e+19)
[U] z=0.245 m  U= 2.166e-03 J  Δrel=-0.25%
[NL] z=0.245 m  Ipk=3.830e+15 W/m^2  Δn_e=2.987e-08  Δn_R=7.367e-08  IR=3.203e+15 W/m^2  Δn_p,min=-5.685e-21  |φ_K|=2.347e-05 rad  |φ_p|=4.466e-18 rad  α_ion(raw/appl)=2.211e-13/2.211e-13  α_IB=0.000e+00  α_R(raw/appl)=1.996e-04/1.996e-04 m^-1  Edep=4.324e-11 J
[z=0.245 m] PPT_i cap-hit = 0.000% (cap=1.00e+19)
[U] z=0.247 m  U= 2.166e-03 J  Δrel=-0.25%
[NL] z=0.247 m  Ipk=3.859e+15 W/m^2  Δn_e=3.009e-08  Δn_R=7.421e-08  IR=3.227e+15 W/m^2  Δn_p,min=-6.023e-21  |φ_K|=2.364e-05 rad  |φ_p|=4.732e-18 rad  α_ion(raw/appl)=2.326e-13/2.326e-13  α_IB=0.000e+00  α_R(raw/appl)=2.011e-04/2.011e-04 m^-1  Edep=4.356e-11 J
[z=0.247 m] PPT_i cap-hit = 0.000% (cap=1.00e+19)
[U] z=0.250 m  U= 2.166e-03 J  Δrel=-0.26%
[NL] z=0.250 m  Ipk=3.905e+15 W/m^2  Δn_e=3.045e-08  Δn_R=7.512e-08  IR=3.266e+15 W/m^2  Δn_p,min=-6.623e-21  |φ_K|=2.393e-05 rad  |φ_p|=5.203e-18 rad  α_ion(raw/appl)=2.525e-13/2.525e-13  α_IB=0.000e+00  α_R(raw/appl)=2.026e-04/2.026e-04 m^-1  Edep=4.387e-11 J
[z=0.250 m] PPT_i cap-hit = 0.000% (cap=1.00e+19)
[z] 0.250/1.300 m ( 19.23%)  elapsed 1261.5s  ETA 5298.5s
[U] z=0.252 m  U= 2.166e-03 J  Δrel=-0.26%
[NL] z=0.252 m  Ipk=3.921e+15 W/m^2  Δn_e=3.059e-08  Δn_R=7.542e-08  IR=3.279e+15 W/m^2  Δn_p,min=-6.847e-21  |φ_K|=2.403e-05 rad  |φ_p|=5.379e-18 rad  α_ion(raw/appl)=2.601e-13/2.601e-13  α_IB=0.000e+00  α_R(raw/appl)=2.040e-04/2.040e-04 m^-1  Edep=4.419e-11 J
[z=0.252 m] PPT_i cap-hit = 0.000% (cap=1.00e+19)
[U] z=0.255 m  U= 2.166e-03 J  Δrel=-0.26%
[NL] z=0.255 m  Ipk=3.953e+15 W/m^2  Δn_e=3.082e-08  Δn_R=7.602e-08  IR=3.305e+15 W/m^2  Δn_p,min=-7.276e-21  |φ_K|=2.422e-05 rad  |φ_p|=5.716e-18 rad  α_ion(raw/appl)=2.743e-13/2.743e-13  α_IB=0.000e+00  α_R(raw/appl)=2.055e-04/2.055e-04 m^-1  Edep=4.451e-11 J
[z=0.255 m] PPT_i cap-hit = 0.000% (cap=1.00e+19)
[U] z=0.257 m  U= 2.166e-03 J  Δrel=-0.26%
[NL] z=0.257 m  Ipk=4.000e+15 W/m^2  Δn_e=3.119e-08  Δn_R=7.695e-08  IR=3.346e+15 W/m^2  Δn_p,min=-8.004e-21  |φ_K|=2.451e-05 rad  |φ_p|=6.288e-18 rad  α_ion(raw/appl)=2.979e-13/2.979e-13  α_IB=0.000e+00  α_R(raw/appl)=2.070e-04/2.070e-04 m^-1  Edep=4.483e-11 J
[z=0.257 m] PPT_i cap-hit = 0.000% (cap=1.00e+19)
[U] z=0.260 m  U= 2.166e-03 J  Δrel=-0.27%
[NL] z=0.260 m  Ipk=4.020e+15 W/m^2  Δn_e=3.135e-08  Δn_R=7.732e-08  IR=3.362e+15 W/m^2  Δn_p,min=-8.322e-21  |φ_K|=2.464e-05 rad  |φ_p|=6.538e-18 rad  α_ion(raw/appl)=3.084e-13/3.084e-13  α_IB=0.000e+00  α_R(raw/appl)=2.085e-04/2.085e-04 m^-1  Edep=4.516e-11 J
[z=0.260 m] PPT_i cap-hit = 0.000% (cap=1.00e+19)
[U] z=0.262 m  U= 2.166e-03 J  Δrel=-0.27%
[NL] z=0.262 m  Ipk=4.046e+15 W/m^2  Δn_e=3.155e-08  Δn_R=7.779e-08  IR=3.382e+15 W/m^2  Δn_p,min=-8.731e-21  |φ_K|=2.479e-05 rad  |φ_p|=6.859e-18 rad  α_ion(raw/appl)=3.217e-13/3.217e-13  α_IB=0.000e+00  α_R(raw/appl)=2.101e-04/2.101e-04 m^-1  Edep=4.550e-11 J
[z=0.262 m] PPT_i cap-hit = 0.000% (cap=1.00e+19)
[U] z=0.265 m  U= 2.166e-03 J  Δrel=-0.27%
[NL] z=0.265 m  Ipk=4.099e+15 W/m^2  Δn_e=3.196e-08  Δn_R=7.884e-08  IR=3.428e+15 W/m^2  Δn_p,min=-9.693e-21  |φ_K|=2.512e-05 rad  |φ_p|=7.615e-18 rad  α_ion(raw/appl)=3.522e-13/3.522e-13  α_IB=0.000e+00  α_R(raw/appl)=2.116e-04/2.116e-04 m^-1  Edep=4.583e-11 J
[z=0.265 m] PPT_i cap-hit = 0.000% (cap=1.00e+19)
[U] z=0.267 m  U= 2.166e-03 J  Δrel=-0.28%
[NL] z=0.267 m  Ipk=4.126e+15 W/m^2  Δn_e=3.218e-08  Δn_R=7.937e-08  IR=3.451e+15 W/m^2  Δn_p,min=-1.022e-20  |φ_K|=2.529e-05 rad  |φ_p|=8.031e-18 rad  α_ion(raw/appl)=3.690e-13/3.690e-13  α_IB=0.000e+00  α_R(raw/appl)=2.132e-04/2.132e-04 m^-1  Edep=4.617e-11 J
[z=0.267 m] PPT_i cap-hit = 0.000% (cap=1.00e+19)
[U] z=0.270 m  U= 2.165e-03 J  Δrel=-0.28%
[NL] z=0.270 m  Ipk=4.138e+15 W/m^2  Δn_e=3.227e-08  Δn_R=7.955e-08  IR=3.459e+15 W/m^2  Δn_p,min=-1.042e-20  |φ_K|=2.536e-05 rad  |φ_p|=8.188e-18 rad  α_ion(raw/appl)=3.759e-13/3.759e-13  α_IB=0.000e+00  α_R(raw/appl)=2.148e-04/2.148e-04 m^-1  Edep=4.651e-11 J
[z=0.270 m] PPT_i cap-hit = 0.000% (cap=1.00e+19)
[U] z=0.272 m  U= 2.165e-03 J  Δrel=-0.28%
[NL] z=0.272 m  Ipk=4.197e+15 W/m^2  Δn_e=3.273e-08  Δn_R=8.072e-08  IR=3.510e+15 W/m^2  Δn_p,min=-1.167e-20  |φ_K|=2.572e-05 rad  |φ_p|=9.167e-18 rad  α_ion(raw/appl)=4.142e-13/4.142e-13  α_IB=0.000e+00  α_R(raw/appl)=2.164e-04/2.164e-04 m^-1  Edep=4.686e-11 J
[z=0.272 m] PPT_i cap-hit = 0.000% (cap=1.00e+19)
[U] z=0.275 m  U= 2.165e-03 J  Δrel=-0.28%
[NL] z=0.275 m  Ipk=4.238e+15 W/m^2  Δn_e=3.305e-08  Δn_R=8.152e-08  IR=3.544e+15 W/m^2  Δn_p,min=-1.261e-20  |φ_K|=2.597e-05 rad  |φ_p|=9.910e-18 rad  α_ion(raw/appl)=4.433e-13/4.433e-13  α_IB=0.000e+00  α_R(raw/appl)=2.180e-04/2.180e-04 m^-1  Edep=4.721e-11 J
[z=0.275 m] PPT_i cap-hit = 0.000% (cap=1.00e+19)
[z] 0.275/1.300 m ( 21.15%)  elapsed 1386.7s  ETA 5168.4s
[U] z=0.277 m  U= 2.165e-03 J  Δrel=-0.29%
[NL] z=0.277 m  Ipk=4.253e+15 W/m^2  Δn_e=3.317e-08  Δn_R=8.180e-08  IR=3.556e+15 W/m^2  Δn_p,min=-1.297e-20  |φ_K|=2.607e-05 rad  |φ_p|=1.019e-17 rad  α_ion(raw/appl)=4.543e-13/4.543e-13  α_IB=0.000e+00  α_R(raw/appl)=2.197e-04/2.197e-04 m^-1  Edep=4.757e-11 J
[z=0.277 m] PPT_i cap-hit = 0.000% (cap=1.00e+19)
[U] z=0.280 m  U= 2.165e-03 J  Δrel=-0.29%
[NL] z=0.280 m  Ipk=4.285e+15 W/m^2  Δn_e=3.341e-08  Δn_R=8.239e-08  IR=3.582e+15 W/m^2  Δn_p,min=-1.373e-20  |φ_K|=2.626e-05 rad  |φ_p|=1.078e-17 rad  α_ion(raw/appl)=4.778e-13/4.778e-13  α_IB=0.000e+00  α_R(raw/appl)=2.213e-04/2.213e-04 m^-1  Edep=4.792e-11 J
[z=0.280 m] PPT_i cap-hit = 0.000% (cap=1.00e+19)
[U] z=0.282 m  U= 2.165e-03 J  Δrel=-0.29%
[NL] z=0.282 m  Ipk=4.347e+15 W/m^2  Δn_e=3.390e-08  Δn_R=8.360e-08  IR=3.635e+15 W/m^2  Δn_p,min=-1.538e-20  |φ_K|=2.664e-05 rad  |φ_p|=1.208e-17 rad  α_ion(raw/appl)=5.271e-13/5.271e-13  α_IB=0.000e+00  α_R(raw/appl)=2.230e-04/2.230e-04 m^-1  Edep=4.829e-11 J
[z=0.282 m] PPT_i cap-hit = 0.000% (cap=1.00e+19)
[U] z=0.285 m  U= 2.165e-03 J  Δrel=-0.29%
[NL] z=0.285 m  Ipk=4.383e+15 W/m^2  Δn_e=3.418e-08  Δn_R=8.430e-08  IR=3.665e+15 W/m^2  Δn_p,min=-1.643e-20  |φ_K|=2.686e-05 rad  |φ_p|=1.291e-17 rad  α_ion(raw/appl)=5.583e-13/5.583e-13  α_IB=0.000e+00  α_R(raw/appl)=2.247e-04/2.247e-04 m^-1  Edep=4.865e-11 J
[z=0.285 m] PPT_i cap-hit = 0.000% (cap=1.00e+19)
[U] z=0.287 m  U= 2.165e-03 J  Δrel=-0.30%
[NL] z=0.287 m  Ipk=4.392e+15 W/m^2  Δn_e=3.426e-08  Δn_R=8.447e-08  IR=3.673e+15 W/m^2  Δn_p,min=-1.671e-20  |φ_K|=2.692e-05 rad  |φ_p|=1.313e-17 rad  α_ion(raw/appl)=5.672e-13/5.672e-13  α_IB=0.000e+00  α_R(raw/appl)=2.264e-04/2.264e-04 m^-1  Edep=4.902e-11 J
[z=0.287 m] PPT_i cap-hit = 0.000% (cap=1.00e+19)
[U] z=0.290 m  U= 2.165e-03 J  Δrel=-0.30%
[NL] z=0.290 m  Ipk=4.435e+15 W/m^2  Δn_e=3.458e-08  Δn_R=8.528e-08  IR=3.708e+15 W/m^2  Δn_p,min=-1.797e-20  |φ_K|=2.717e-05 rad  |φ_p|=1.412e-17 rad  α_ion(raw/appl)=6.042e-13/6.042e-13  α_IB=0.000e+00  α_R(raw/appl)=2.282e-04/2.282e-04 m^-1  Edep=4.940e-11 J
[z=0.290 m] PPT_i cap-hit = 0.000% (cap=1.00e+19)
[U] z=0.292 m  U= 2.165e-03 J  Δrel=-0.30%
[NL] z=0.292 m  Ipk=4.501e+15 W/m^2  Δn_e=3.510e-08  Δn_R=8.661e-08  IR=3.766e+15 W/m^2  Δn_p,min=-2.022e-20  |φ_K|=2.758e-05 rad  |φ_p|=1.589e-17 rad  α_ion(raw/appl)=6.692e-13/6.692e-13  α_IB=0.000e+00  α_R(raw/appl)=2.299e-04/2.299e-04 m^-1  Edep=4.978e-11 J
[z=0.292 m] PPT_i cap-hit = 0.000% (cap=1.00e+19)
[U] z=0.295 m  U= 2.165e-03 J  Δrel=-0.30%
[NL] z=0.295 m  Ipk=4.538e+15 W/m^2  Δn_e=3.539e-08  Δn_R=8.730e-08  IR=3.796e+15 W/m^2  Δn_p,min=-2.162e-20  |φ_K|=2.781e-05 rad  |φ_p|=1.698e-17 rad  α_ion(raw/appl)=7.093e-13/7.093e-13  α_IB=0.000e+00  α_R(raw/appl)=2.317e-04/2.317e-04 m^-1  Edep=5.017e-11 J
[z=0.295 m] PPT_i cap-hit = 0.000% (cap=1.00e+19)
[U] z=0.297 m  U= 2.165e-03 J  Δrel=-0.31%
[NL] z=0.297 m  Ipk=4.550e+15 W/m^2  Δn_e=3.549e-08  Δn_R=8.751e-08  IR=3.805e+15 W/m^2  Δn_p,min=-2.207e-20  |φ_K|=2.789e-05 rad  |φ_p|=1.734e-17 rad  α_ion(raw/appl)=7.228e-13/7.228e-13  α_IB=0.000e+00  α_R(raw/appl)=2.335e-04/2.335e-04 m^-1  Edep=5.056e-11 J
[z=0.297 m] PPT_i cap-hit = 0.000% (cap=1.00e+19)
[U] z=0.300 m  U= 2.165e-03 J  Δrel=-0.31%
[NL] z=0.300 m  Ipk=4.576e+15 W/m^2  Δn_e=3.568e-08  Δn_R=8.796e-08  IR=3.824e+15 W/m^2  Δn_p,min=-2.297e-20  |φ_K|=2.804e-05 rad  |φ_p|=1.804e-17 rad  α_ion(raw/appl)=7.491e-13/7.491e-13  α_IB=0.000e+00  α_R(raw/appl)=2.353e-04/2.353e-04 m^-1  Edep=5.095e-11 J
[z=0.300 m] PPT_i cap-hit = 0.000% (cap=1.00e+19)
[z] 0.300/1.300 m ( 23.08%)  elapsed 1511.4s  ETA 5038.0s
[U] z=0.302 m  U= 2.165e-03 J  Δrel=-0.31%
[NL] z=0.302 m  Ipk=4.652e+15 W/m^2  Δn_e=3.628e-08  Δn_R=8.948e-08  IR=3.890e+15 W/m^2  Δn_p,min=-2.623e-20  |φ_K|=2.851e-05 rad  |φ_p|=2.060e-17 rad  α_ion(raw/appl)=8.397e-13/8.397e-13  α_IB=0.000e+00  α_R(raw/appl)=2.372e-04/2.372e-04 m^-1  Edep=5.134e-11 J
[z=0.302 m] PPT_i cap-hit = 0.000% (cap=1.00e+19)
[U] z=0.305 m  U= 2.165e-03 J  Δrel=-0.31%
[NL] z=0.305 m  Ipk=4.706e+15 W/m^2  Δn_e=3.670e-08  Δn_R=9.051e-08  IR=3.935e+15 W/m^2  Δn_p,min=-2.873e-20  |φ_K|=2.884e-05 rad  |φ_p|=2.257e-17 rad  α_ion(raw/appl)=9.093e-13/9.093e-13  α_IB=0.000e+00  α_R(raw/appl)=2.390e-04/2.390e-04 m^-1  Edep=5.174e-11 J
[z=0.305 m] PPT_i cap-hit = 0.000% (cap=1.00e+19)
[U] z=0.307 m  U= 2.165e-03 J  Δrel=-0.32%
[NL] z=0.307 m  Ipk=4.731e+15 W/m^2  Δn_e=3.690e-08  Δn_R=9.100e-08  IR=3.956e+15 W/m^2  Δn_p,min=-2.999e-20  |φ_K|=2.900e-05 rad  |φ_p|=2.356e-17 rad  α_ion(raw/appl)=9.442e-13/9.442e-13  α_IB=0.000e+00  α_R(raw/appl)=2.409e-04/2.409e-04 m^-1  Edep=5.215e-11 J
[z=0.307 m] PPT_i cap-hit = 0.000% (cap=1.00e+19)
[U] z=0.310 m  U= 2.165e-03 J  Δrel=-0.32%
[NL] z=0.310 m  Ipk=4.731e+15 W/m^2  Δn_e=3.690e-08  Δn_R=9.096e-08  IR=3.955e+15 W/m^2  Δn_p,min=-2.994e-20  |φ_K|=2.900e-05 rad  |φ_p|=2.352e-17 rad  α_ion(raw/appl)=9.440e-13/9.440e-13  α_IB=0.000e+00  α_R(raw/appl)=2.429e-04/2.429e-04 m^-1  Edep=5.257e-11 J
[z=0.310 m] PPT_i cap-hit = 0.000% (cap=1.00e+19)
[U] z=0.312 m  U= 2.165e-03 J  Δrel=-0.32%
[NL] z=0.312 m  Ipk=4.792e+15 W/m^2  Δn_e=3.736e-08  Δn_R=9.215e-08  IR=4.007e+15 W/m^2  Δn_p,min=-3.306e-20  |φ_K|=2.936e-05 rad  |φ_p|=2.598e-17 rad  α_ion(raw/appl)=1.028e-12/1.028e-12  α_IB=0.000e+00  α_R(raw/appl)=2.448e-04/2.448e-04 m^-1  Edep=5.299e-11 J
[z=0.312 m] PPT_i cap-hit = 0.000% (cap=1.00e+19)
[U] z=0.315 m  U= 2.164e-03 J  Δrel=-0.32%
[NL] z=0.315 m  Ipk=4.867e+15 W/m^2  Δn_e=3.795e-08  Δn_R=9.360e-08  IR=4.070e+15 W/m^2  Δn_p,min=-3.739e-20  |φ_K|=2.982e-05 rad  |φ_p|=2.937e-17 rad  α_ion(raw/appl)=1.145e-12/1.145e-12  α_IB=0.000e+00  α_R(raw/appl)=2.468e-04/2.468e-04 m^-1  Edep=5.341e-11 J
[z=0.315 m] PPT_i cap-hit = 0.000% (cap=1.00e+19)
[U] z=0.317 m  U= 2.164e-03 J  Δrel=-0.33%
[NL] z=0.317 m  Ipk=4.918e+15 W/m^2  Δn_e=3.836e-08  Δn_R=9.459e-08  IR=4.113e+15 W/m^2  Δn_p,min=-4.064e-20  |φ_K|=3.014e-05 rad  |φ_p|=3.193e-17 rad  α_ion(raw/appl)=1.231e-12/1.231e-12  α_IB=0.000e+00  α_R(raw/appl)=2.487e-04/2.487e-04 m^-1  Edep=5.383e-11 J
[z=0.317 m] PPT_i cap-hit = 0.000% (cap=1.00e+19)
[U] z=0.320 m  U= 2.164e-03 J  Δrel=-0.33%
[NL] z=0.320 m  Ipk=4.939e+15 W/m^2  Δn_e=3.852e-08  Δn_R=9.497e-08  IR=4.129e+15 W/m^2  Δn_p,min=-4.200e-20  |φ_K|=3.027e-05 rad  |φ_p|=3.299e-17 rad  α_ion(raw/appl)=1.267e-12/1.267e-12  α_IB=0.000e+00  α_R(raw/appl)=2.507e-04/2.507e-04 m^-1  Edep=5.426e-11 J
[z=0.320 m] PPT_i cap-hit = 0.000% (cap=1.00e+19)
[U] z=0.322 m  U= 2.164e-03 J  Δrel=-0.33%
[NL] z=0.322 m  Ipk=4.937e+15 W/m^2  Δn_e=3.851e-08  Δn_R=9.492e-08  IR=4.127e+15 W/m^2  Δn_p,min=-4.189e-20  |φ_K|=3.026e-05 rad  |φ_p|=3.291e-17 rad  α_ion(raw/appl)=1.266e-12/1.266e-12  α_IB=0.000e+00  α_R(raw/appl)=2.527e-04/2.527e-04 m^-1  Edep=5.469e-11 J
[z=0.322 m] PPT_i cap-hit = 0.000% (cap=1.00e+19)
[U] z=0.325 m  U= 2.164e-03 J  Δrel=-0.33%
[NL] z=0.325 m  Ipk=5.003e+15 W/m^2  Δn_e=3.901e-08  Δn_R=9.621e-08  IR=4.183e+15 W/m^2  Δn_p,min=-4.640e-20  |φ_K|=3.066e-05 rad  |φ_p|=3.645e-17 rad  α_ion(raw/appl)=1.383e-12/1.383e-12  α_IB=0.000e+00  α_R(raw/appl)=2.548e-04/2.548e-04 m^-1  Edep=5.514e-11 J
[z=0.325 m] PPT_i cap-hit = 0.000% (cap=1.00e+19)
[z] 0.325/1.300 m ( 25.00%)  elapsed 1637.0s  ETA 4911.0s
[U] z=0.327 m  U= 2.164e-03 J  Δrel=-0.34%
[NL] z=0.327 m  Ipk=5.569e+15 W/m^2  Δn_e=4.334e-08  Δn_R=1.076e-07  IR=4.677e+15 W/m^2  Δn_p,min=-1.090e-19  |φ_K|=3.405e-05 rad  |φ_p|=8.561e-17 rad  α_ion(raw/appl)=2.845e-12/2.845e-12  α_IB=0.000e+00  α_R(raw/appl)=2.569e-04/2.569e-04 m^-1  Edep=5.559e-11 J
[z=0.327 m] PPT_i cap-hit = 0.000% (cap=1.00e+19)
[U] z=0.330 m  U= 2.164e-03 J  Δrel=-0.34%
[NL] z=0.330 m  Ipk=6.080e+15 W/m^2  Δn_e=4.736e-08  Δn_R=1.174e-07  IR=5.106e+15 W/m^2  Δn_p,min=-2.180e-19  |φ_K|=3.720e-05 rad  |φ_p|=1.713e-16 rad  α_ion(raw/appl)=5.223e-12/5.223e-12  α_IB=0.000e+00  α_R(raw/appl)=2.590e-04/2.590e-04 m^-1  Edep=5.605e-11 J
[z=0.330 m] PPT_i cap-hit = 0.000% (cap=1.00e+19)
[U] z=0.332 m  U= 2.164e-03 J  Δrel=-0.34%
[NL] z=0.332 m  Ipk=6.360e+15 W/m^2  Δn_e=4.959e-08  Δn_R=1.228e-07  IR=5.341e+15 W/m^2  Δn_p,min=-3.115e-19  |φ_K|=3.895e-05 rad  |φ_p|=2.447e-16 rad  α_ion(raw/appl)=7.150e-12/7.150e-12  α_IB=0.000e+00  α_R(raw/appl)=2.612e-04/2.612e-04 m^-1  Edep=5.652e-11 J
[z=0.332 m] PPT_i cap-hit = 0.000% (cap=1.00e+19)
[U] z=0.335 m  U= 2.164e-03 J  Δrel=-0.35%
[NL] z=0.335 m  Ipk=6.374e+15 W/m^2  Δn_e=4.973e-08  Δn_R=1.231e-07  IR=5.351e+15 W/m^2  Δn_p,min=-3.179e-19  |φ_K|=3.907e-05 rad  |φ_p|=2.498e-16 rad  α_ion(raw/appl)=7.297e-12/7.297e-12  α_IB=0.000e+00  α_R(raw/appl)=2.634e-04/2.634e-04 m^-1  Edep=5.699e-11 J
[z=0.335 m] PPT_i cap-hit = 0.000% (cap=1.00e+19)
[U] z=0.337 m  U= 2.164e-03 J  Δrel=-0.35%
[NL] z=0.337 m  Ipk=6.121e+15 W/m^2  Δn_e=4.781e-08  Δn_R=1.182e-07  IR=5.140e+15 W/m^2  Δn_p,min=-2.326e-19  |φ_K|=3.756e-05 rad  |φ_p|=1.827e-16 rad  α_ion(raw/appl)=5.567e-12/5.567e-12  α_IB=0.000e+00  α_R(raw/appl)=2.655e-04/2.655e-04 m^-1  Edep=5.746e-11 J
[z=0.337 m] PPT_i cap-hit = 0.000% (cap=1.00e+19)
[U] z=0.340 m  U= 2.164e-03 J  Δrel=-0.35%
[NL] z=0.340 m  Ipk=5.629e+15 W/m^2  Δn_e=4.400e-08  Δn_R=1.087e-07  IR=4.726e+15 W/m^2  Δn_p,min=-1.210e-19  |φ_K|=3.456e-05 rad  |φ_p|=9.503e-17 rad  α_ion(raw/appl)=3.153e-12/3.153e-12  α_IB=0.000e+00  α_R(raw/appl)=2.677e-04/2.677e-04 m^-1  Edep=5.793e-11 J
[z=0.340 m] PPT_i cap-hit = 0.000% (cap=1.00e+19)
[U] z=0.342 m  U= 2.164e-03 J  Δrel=-0.35%
[NL] z=0.342 m  Ipk=5.375e+15 W/m^2  Δn_e=4.192e-08  Δn_R=1.034e-07  IR=4.494e+15 W/m^2  Δn_p,min=-8.160e-20  |φ_K|=3.294e-05 rad  |φ_p|=6.410e-17 rad  α_ion(raw/appl)=2.262e-12/2.262e-12  α_IB=0.000e+00  α_R(raw/appl)=2.699e-04/2.699e-04 m^-1  Edep=5.840e-11 J
[z=0.342 m] PPT_i cap-hit = 0.000% (cap=1.00e+19)
[U] z=0.345 m  U= 2.164e-03 J  Δrel=-0.36%
[NL] z=0.345 m  Ipk=5.425e+15 W/m^2  Δn_e=4.231e-08  Δn_R=1.043e-07  IR=4.535e+15 W/m^2  Δn_p,min=-8.778e-20  |φ_K|=3.325e-05 rad  |φ_p|=6.896e-17 rad  α_ion(raw/appl)=2.411e-12/2.411e-12  α_IB=0.000e+00  α_R(raw/appl)=2.721e-04/2.721e-04 m^-1  Edep=5.887e-11 J
[z=0.345 m] PPT_i cap-hit = 0.000% (cap=1.00e+19)
[U] z=0.347 m  U= 2.164e-03 J  Δrel=-0.36%
[NL] z=0.347 m  Ipk=5.449e+15 W/m^2  Δn_e=4.250e-08  Δn_R=1.048e-07  IR=4.555e+15 W/m^2  Δn_p,min=-9.091e-20  |φ_K|=3.340e-05 rad  |φ_p|=7.142e-17 rad  α_ion(raw/appl)=2.488e-12/2.488e-12  α_IB=0.000e+00  α_R(raw/appl)=2.744e-04/2.744e-04 m^-1  Edep=5.936e-11 J
[z=0.347 m] PPT_i cap-hit = 0.000% (cap=1.00e+19)
[U] z=0.350 m  U= 2.164e-03 J  Δrel=-0.36%
[NL] z=0.350 m  Ipk=5.455e+15 W/m^2  Δn_e=4.255e-08  Δn_R=1.048e-07  IR=4.559e+15 W/m^2  Δn_p,min=-9.157e-20  |φ_K|=3.343e-05 rad  |φ_p|=7.193e-17 rad  α_ion(raw/appl)=2.506e-12/2.506e-12  α_IB=0.000e+00  α_R(raw/appl)=2.767e-04/2.767e-04 m^-1  Edep=5.987e-11 J
[z=0.350 m] PPT_i cap-hit = 0.000% (cap=1.00e+19)
[z] 0.350/1.300 m ( 26.92%)  elapsed 1760.9s  ETA 4779.6s
[U] z=0.352 m  U= 2.164e-03 J  Δrel=-0.36%
[NL] z=0.352 m  Ipk=5.497e+15 W/m^2  Δn_e=4.286e-08  Δn_R=1.057e-07  IR=4.594e+15 W/m^2  Δn_p,min=-9.708e-20  |φ_K|=3.368e-05 rad  |φ_p|=7.626e-17 rad  α_ion(raw/appl)=2.636e-12/2.636e-12  α_IB=0.000e+00  α_R(raw/appl)=2.791e-04/2.791e-04 m^-1  Edep=6.038e-11 J
[z=0.352 m] PPT_i cap-hit = 0.000% (cap=1.00e+19)
[U] z=0.355 m  U= 2.164e-03 J  Δrel=-0.37%
[NL] z=0.355 m  Ipk=5.595e+15 W/m^2  Δn_e=4.363e-08  Δn_R=1.076e-07  IR=4.677e+15 W/m^2  Δn_p,min=-1.117e-19  |φ_K|=3.429e-05 rad  |φ_p|=8.774e-17 rad  α_ion(raw/appl)=2.977e-12/2.977e-12  α_IB=0.000e+00  α_R(raw/appl)=2.815e-04/2.815e-04 m^-1  Edep=6.092e-11 J
[z=0.355 m] PPT_i cap-hit = 0.000% (cap=1.00e+19)
[U] z=0.357 m  U= 2.164e-03 J  Δrel=-0.37%
[NL] z=0.357 m  Ipk=5.676e+15 W/m^2  Δn_e=4.426e-08  Δn_R=1.091e-07  IR=4.745e+15 W/m^2  Δn_p,min=-1.250e-19  |φ_K|=3.478e-05 rad  |φ_p|=9.824e-17 rad  α_ion(raw/appl)=3.285e-12/3.285e-12  α_IB=0.000e+00  α_R(raw/appl)=2.840e-04/2.840e-04 m^-1  Edep=6.145e-11 J
[z=0.357 m] PPT_i cap-hit = 0.000% (cap=1.00e+19)
[U] z=0.360 m  U= 2.163e-03 J  Δrel=-0.37%
[NL] z=0.360 m  Ipk=5.732e+15 W/m^2  Δn_e=4.470e-08  Δn_R=1.102e-07  IR=4.791e+15 W/m^2  Δn_p,min=-1.352e-19  |φ_K|=3.513e-05 rad  |φ_p|=1.062e-16 rad  α_ion(raw/appl)=3.516e-12/3.516e-12  α_IB=0.000e+00  α_R(raw/appl)=2.865e-04/2.865e-04 m^-1  Edep=6.199e-11 J
[z=0.360 m] PPT_i cap-hit = 0.000% (cap=1.00e+19)
[U] z=0.362 m  U= 2.163e-03 J  Δrel=-0.37%
[NL] z=0.362 m  Ipk=5.764e+15 W/m^2  Δn_e=4.496e-08  Δn_R=1.108e-07  IR=4.818e+15 W/m^2  Δn_p,min=-1.413e-19  |φ_K|=3.533e-05 rad  |φ_p|=1.110e-16 rad  α_ion(raw/appl)=3.655e-12/3.655e-12  α_IB=0.000e+00  α_R(raw/appl)=2.890e-04/2.890e-04 m^-1  Edep=6.253e-11 J
[z=0.362 m] PPT_i cap-hit = 0.000% (cap=1.00e+19)
[U] z=0.365 m  U= 2.163e-03 J  Δrel=-0.38%
[NL] z=0.365 m  Ipk=5.777e+15 W/m^2  Δn_e=4.506e-08  Δn_R=1.110e-07  IR=4.828e+15 W/m^2  Δn_p,min=-1.438e-19  |φ_K|=3.541e-05 rad  |φ_p|=1.130e-16 rad  α_ion(raw/appl)=3.715e-12/3.715e-12  α_IB=0.000e+00  α_R(raw/appl)=2.915e-04/2.915e-04 m^-1  Edep=6.306e-11 J
[z=0.365 m] PPT_i cap-hit = 0.000% (cap=1.00e+19)
[U] z=0.367 m  U= 2.163e-03 J  Δrel=-0.38%
[NL] z=0.367 m  Ipk=5.789e+15 W/m^2  Δn_e=4.514e-08  Δn_R=1.112e-07  IR=4.837e+15 W/m^2  Δn_p,min=-1.455e-19  |φ_K|=3.547e-05 rad  |φ_p|=1.143e-16 rad  α_ion(raw/appl)=3.759e-12/3.759e-12  α_IB=0.000e+00  α_R(raw/appl)=2.940e-04/2.940e-04 m^-1  Edep=6.359e-11 J
[z=0.367 m] PPT_i cap-hit = 0.000% (cap=1.00e+19)
[U] z=0.370 m  U= 2.163e-03 J  Δrel=-0.38%
[NL] z=0.370 m  Ipk=5.893e+15 W/m^2  Δn_e=4.595e-08  Δn_R=1.133e-07  IR=4.925e+15 W/m^2  Δn_p,min=-1.677e-19  |φ_K|=3.611e-05 rad  |φ_p|=1.317e-16 rad  α_ion(raw/appl)=4.248e-12/4.248e-12  α_IB=0.000e+00  α_R(raw/appl)=2.964e-04/2.964e-04 m^-1  Edep=6.412e-11 J
[z=0.370 m] PPT_i cap-hit = 0.000% (cap=1.00e+19)
[U] z=0.372 m  U= 2.163e-03 J  Δrel=-0.38%
[NL] z=0.372 m  Ipk=5.989e+15 W/m^2  Δn_e=4.670e-08  Δn_R=1.151e-07  IR=5.006e+15 W/m^2  Δn_p,min=-1.906e-19  |φ_K|=3.670e-05 rad  |φ_p|=1.497e-16 rad  α_ion(raw/appl)=4.746e-12/4.746e-12  α_IB=0.000e+00  α_R(raw/appl)=2.990e-04/2.990e-04 m^-1  Edep=6.467e-11 J
[z=0.372 m] PPT_i cap-hit = 0.000% (cap=1.00e+19)
[U] z=0.375 m  U= 2.163e-03 J  Δrel=-0.39%
[NL] z=0.375 m  Ipk=6.320e+15 W/m^2  Δn_e=4.912e-08  Δn_R=1.223e-07  IR=5.319e+15 W/m^2  Δn_p,min=-2.934e-19  |φ_K|=3.861e-05 rad  |φ_p|=2.305e-16 rad  α_ion(raw/appl)=6.704e-12/6.704e-12  α_IB=0.000e+00  α_R(raw/appl)=3.016e-04/3.016e-04 m^-1  Edep=6.523e-11 J
[z=0.375 m] PPT_i cap-hit = 0.000% (cap=1.00e+19)
[z] 0.375/1.300 m ( 28.85%)  elapsed 1886.2s  ETA 4652.5s
[U] z=0.377 m  U= 2.163e-03 J  Δrel=-0.39%
[NL] z=0.377 m  Ipk=7.392e+15 W/m^2  Δn_e=5.750e-08  Δn_R=1.431e-07  IR=6.220e+15 W/m^2  Δn_p,min=-1.008e-18  |φ_K|=4.517e-05 rad  |φ_p|=7.917e-16 rad  α_ion(raw/appl)=1.968e-11/1.968e-11  α_IB=0.000e+00  α_R(raw/appl)=3.042e-04/3.042e-04 m^-1  Edep=6.581e-11 J
[z=0.377 m] PPT_i cap-hit = 0.000% (cap=1.00e+19)
[U] z=0.380 m  U= 2.163e-03 J  Δrel=-0.39%
[NL] z=0.380 m  Ipk=8.362e+15 W/m^2  Δn_e=6.508e-08  Δn_R=1.617e-07  IR=7.031e+15 W/m^2  Δn_p,min=-2.648e-18  |φ_K|=5.112e-05 rad  |φ_p|=2.081e-15 rad  α_ion(raw/appl)=4.583e-11/4.583e-11  α_IB=0.000e+00  α_R(raw/appl)=3.071e-04/3.071e-04 m^-1  Edep=6.642e-11 J
[z=0.380 m] PPT_i cap-hit = 0.000% (cap=1.00e+19)
[U] z=0.382 m  U= 2.163e-03 J  Δrel=-0.39%
[NL] z=0.382 m  Ipk=9.171e+15 W/m^2  Δn_e=7.142e-08  Δn_R=1.772e-07  IR=7.706e+15 W/m^2  Δn_p,min=-5.458e-18  |φ_K|=5.611e-05 rad  |φ_p|=4.288e-15 rad  α_ion(raw/appl)=8.637e-11/8.637e-11  α_IB=0.000e+00  α_R(raw/appl)=3.100e-04/3.100e-04 m^-1  Edep=6.704e-11 J
[z=0.382 m] PPT_i cap-hit = 0.000% (cap=1.00e+19)
[U] z=0.385 m  U= 2.163e-03 J  Δrel=-0.40%
[NL] z=0.385 m  Ipk=9.765e+15 W/m^2  Δn_e=7.610e-08  Δn_R=1.886e-07  IR=8.198e+15 W/m^2  Δn_p,min=-8.921e-18  |φ_K|=5.978e-05 rad  |φ_p|=7.008e-15 rad  α_ion(raw/appl)=1.330e-10/1.330e-10  α_IB=0.000e+00  α_R(raw/appl)=3.129e-04/3.129e-04 m^-1  Edep=6.768e-11 J
[z=0.385 m] PPT_i cap-hit = 0.000% (cap=1.00e+19)
[U] z=0.387 m  U= 2.163e-03 J  Δrel=-0.40%
[NL] z=0.387 m  Ipk=1.012e+16 W/m^2  Δn_e=7.887e-08  Δn_R=1.952e-07  IR=8.487e+15 W/m^2  Δn_p,min=-1.176e-17  |φ_K|=6.196e-05 rad  |φ_p|=9.237e-15 rad  α_ion(raw/appl)=1.696e-10/1.696e-10  α_IB=0.000e+00  α_R(raw/appl)=3.159e-04/3.159e-04 m^-1  Edep=6.833e-11 J
[z=0.387 m] PPT_i cap-hit = 0.000% (cap=1.00e+19)
[U] z=0.390 m  U= 2.163e-03 J  Δrel=-0.40%
[NL] z=0.390 m  Ipk=1.020e+16 W/m^2  Δn_e=7.960e-08  Δn_R=1.968e-07  IR=8.557e+15 W/m^2  Δn_p,min=-1.260e-17  |φ_K|=6.254e-05 rad  |φ_p|=9.896e-15 rad  α_ion(raw/appl)=1.806e-10/1.806e-10  α_IB=0.000e+00  α_R(raw/appl)=3.189e-04/3.189e-04 m^-1  Edep=6.897e-11 J
[z=0.390 m] PPT_i cap-hit = 0.000% (cap=1.00e+19)
[U] z=0.392 m  U= 2.163e-03 J  Δrel=-0.41%
[NL] z=0.392 m  Ipk=1.002e+16 W/m^2  Δn_e=7.823e-08  Δn_R=1.932e-07  IR=8.400e+15 W/m^2  Δn_p,min=-1.096e-17  |φ_K|=6.146e-05 rad  |φ_p|=8.610e-15 rad  α_ion(raw/appl)=1.605e-10/1.605e-10  α_IB=0.000e+00  α_R(raw/appl)=3.218e-04/3.218e-04 m^-1  Edep=6.960e-11 J
[z=0.392 m] PPT_i cap-hit = 0.000% (cap=1.00e+19)
[U] z=0.395 m  U= 2.163e-03 J  Δrel=-0.41%
[NL] z=0.395 m  Ipk=9.592e+15 W/m^2  Δn_e=7.490e-08  Δn_R=1.848e-07  IR=8.034e+15 W/m^2  Δn_p,min=-7.782e-18  |φ_K|=5.885e-05 rad  |φ_p|=6.114e-15 rad  α_ion(raw/appl)=1.194e-10/1.194e-10  α_IB=0.000e+00  α_R(raw/appl)=3.247e-04/3.247e-04 m^-1  Edep=7.022e-11 J
[z=0.395 m] PPT_i cap-hit = 0.000% (cap=1.00e+19)
[U] z=0.397 m  U= 2.163e-03 J  Δrel=-0.41%
[NL] z=0.397 m  Ipk=8.934e+15 W/m^2  Δn_e=6.981e-08  Δn_R=1.720e-07  IR=7.480e+15 W/m^2  Δn_p,min=-4.473e-18  |φ_K|=5.484e-05 rad  |φ_p|=3.514e-15 rad  α_ion(raw/appl)=7.389e-11/7.389e-11  α_IB=0.000e+00  α_R(raw/appl)=3.275e-04/3.275e-04 m^-1  Edep=7.084e-11 J
[z=0.397 m] PPT_i cap-hit = 0.000% (cap=1.00e+19)
[U] z=0.400 m  U= 2.163e-03 J  Δrel=-0.41%
[NL] z=0.400 m  Ipk=8.087e+15 W/m^2  Δn_e=6.322e-08  Δn_R=1.556e-07  IR=6.766e+15 W/m^2  Δn_p,min=-2.054e-18  |φ_K|=4.967e-05 rad  |φ_p|=1.613e-15 rad  α_ion(raw/appl)=3.761e-11/3.761e-11  α_IB=0.000e+00  α_R(raw/appl)=3.304e-04/3.304e-04 m^-1  Edep=7.144e-11 J
[z=0.400 m] PPT_i cap-hit = 0.000% (cap=1.00e+19)
[z] 0.400/1.300 m ( 30.77%)  elapsed 2009.0s  ETA 4520.3s
[U] z=0.402 m  U= 2.162e-03 J  Δrel=-0.42%
[NL] z=0.402 m  Ipk=7.104e+15 W/m^2  Δn_e=5.557e-08  Δn_R=1.367e-07  IR=5.941e+15 W/m^2  Δn_p,min=-7.453e-19  |φ_K|=4.366e-05 rad  |φ_p|=5.855e-16 rad  α_ion(raw/appl)=1.559e-11/1.559e-11  α_IB=0.000e+00  α_R(raw/appl)=3.332e-04/3.332e-04 m^-1  Edep=7.206e-11 J
[z=0.402 m] PPT_i cap-hit = 0.000% (cap=1.00e+19)
[U] z=0.405 m  U= 2.162e-03 J  Δrel=-0.42%
[NL] z=0.405 m  Ipk=6.708e+15 W/m^2  Δn_e=5.230e-08  Δn_R=1.289e-07  IR=5.605e+15 W/m^2  Δn_p,min=-4.622e-19  |φ_K|=4.110e-05 rad  |φ_p|=3.631e-16 rad  α_ion(raw/appl)=1.029e-11/1.029e-11  α_IB=0.000e+00  α_R(raw/appl)=3.361e-04/3.361e-04 m^-1  Edep=7.268e-11 J
[z=0.405 m] PPT_i cap-hit = 0.000% (cap=1.00e+19)
[U] z=0.407 m  U= 2.162e-03 J  Δrel=-0.42%
[NL] z=0.407 m  Ipk=6.848e+15 W/m^2  Δn_e=5.339e-08  Δn_R=1.316e-07  IR=5.723e+15 W/m^2  Δn_p,min=-5.440e-19  |φ_K|=4.196e-05 rad  |φ_p|=4.274e-16 rad  α_ion(raw/appl)=1.186e-11/1.186e-11  α_IB=0.000e+00  α_R(raw/appl)=3.391e-04/3.391e-04 m^-1  Edep=7.334e-11 J
[z=0.407 m] PPT_i cap-hit = 0.000% (cap=1.00e+19)
[U] z=0.410 m  U= 2.162e-03 J  Δrel=-0.42%
[NL] z=0.410 m  Ipk=6.969e+15 W/m^2  Δn_e=5.434e-08  Δn_R=1.339e-07  IR=5.824e+15 W/m^2  Δn_p,min=-6.248e-19  |φ_K|=4.270e-05 rad  |φ_p|=4.908e-16 rad  α_ion(raw/appl)=1.337e-11/1.337e-11  α_IB=0.000e+00  α_R(raw/appl)=3.423e-04/3.423e-04 m^-1  Edep=7.402e-11 J
[z=0.410 m] PPT_i cap-hit = 0.000% (cap=1.00e+19)
[U] z=0.412 m  U= 2.162e-03 J  Δrel=-0.43%
[NL] z=0.412 m  Ipk=7.069e+15 W/m^2  Δn_e=5.512e-08  Δn_R=1.358e-07  IR=5.906e+15 W/m^2  Δn_p,min=-6.986e-19  |φ_K|=4.332e-05 rad  |φ_p|=5.489e-16 rad  α_ion(raw/appl)=1.475e-11/1.475e-11  α_IB=0.000e+00  α_R(raw/appl)=3.456e-04/3.456e-04 m^-1  Edep=7.473e-11 J
[z=0.412 m] PPT_i cap-hit = 0.000% (cap=1.00e+19)
[U] z=0.415 m  U= 2.162e-03 J  Δrel=-0.43%
[NL] z=0.415 m  Ipk=7.147e+15 W/m^2  Δn_e=5.574e-08  Δn_R=1.374e-07  IR=5.972e+15 W/m^2  Δn_p,min=-7.625e-19  |φ_K|=4.380e-05 rad  |φ_p|=5.990e-16 rad  α_ion(raw/appl)=1.591e-11/1.591e-11  α_IB=0.000e+00  α_R(raw/appl)=3.491e-04/3.491e-04 m^-1  Edep=7.548e-11 J
[z=0.415 m] PPT_i cap-hit = 0.000% (cap=1.00e+19)
[U] z=0.417 m  U= 2.162e-03 J  Δrel=-0.43%
[NL] z=0.417 m  Ipk=7.199e+15 W/m^2  Δn_e=5.615e-08  Δn_R=1.383e-07  IR=6.015e+15 W/m^2  Δn_p,min=-8.070e-19  |φ_K|=4.412e-05 rad  |φ_p|=6.340e-16 rad  α_ion(raw/appl)=1.672e-11/1.672e-11  α_IB=0.000e+00  α_R(raw/appl)=3.527e-04/3.527e-04 m^-1  Edep=7.625e-11 J
[z=0.417 m] PPT_i cap-hit = 0.000% (cap=1.00e+19)
[U] z=0.420 m  U= 2.162e-03 J  Δrel=-0.43%
[NL] z=0.420 m  Ipk=7.442e+15 W/m^2  Δn_e=5.800e-08  Δn_R=1.436e-07  IR=6.245e+15 W/m^2  Δn_p,min=-1.062e-18  |φ_K|=4.557e-05 rad  |φ_p|=8.347e-16 rad  α_ion(raw/appl)=2.087e-11/2.087e-11  α_IB=0.000e+00  α_R(raw/appl)=3.563e-04/3.563e-04 m^-1  Edep=7.704e-11 J
[z=0.420 m] PPT_i cap-hit = 0.000% (cap=1.00e+19)
[U] z=0.422 m  U= 2.162e-03 J  Δrel=-0.44%
[NL] z=0.422 m  Ipk=7.722e+15 W/m^2  Δn_e=6.019e-08  Δn_R=1.490e-07  IR=6.478e+15 W/m^2  Δn_p,min=-1.421e-18  |φ_K|=4.730e-05 rad  |φ_p|=1.116e-15 rad  α_ion(raw/appl)=2.690e-11/2.690e-11  α_IB=0.000e+00  α_R(raw/appl)=3.600e-04/3.600e-04 m^-1  Edep=7.783e-11 J
[z=0.422 m] PPT_i cap-hit = 0.000% (cap=1.00e+19)
[U] z=0.425 m  U= 2.162e-03 J  Δrel=-0.44%
[NL] z=0.425 m  Ipk=7.915e+15 W/m^2  Δn_e=6.172e-08  Δn_R=1.527e-07  IR=6.638e+15 W/m^2  Δn_p,min=-1.725e-18  |φ_K|=4.848e-05 rad  |φ_p|=1.355e-15 rad  α_ion(raw/appl)=3.191e-11/3.191e-11  α_IB=0.000e+00  α_R(raw/appl)=3.637e-04/3.637e-04 m^-1  Edep=7.862e-11 J
[z=0.425 m] PPT_i cap-hit = 0.000% (cap=1.00e+19)
[z] 0.425/1.300 m ( 32.69%)  elapsed 2134.2s  ETA 4393.9s
[U] z=0.427 m  U= 2.162e-03 J  Δrel=-0.44%
[NL] z=0.427 m  Ipk=8.009e+15 W/m^2  Δn_e=6.246e-08  Δn_R=1.544e-07  IR=6.713e+15 W/m^2  Δn_p,min=-1.891e-18  |φ_K|=4.907e-05 rad  |φ_p|=1.486e-15 rad  α_ion(raw/appl)=3.463e-11/3.463e-11  α_IB=0.000e+00  α_R(raw/appl)=3.673e-04/3.673e-04 m^-1  Edep=7.941e-11 J
[z=0.427 m] PPT_i cap-hit = 0.000% (cap=1.00e+19)
[U] z=0.430 m  U= 2.162e-03 J  Δrel=-0.44%
[NL] z=0.430 m  Ipk=8.000e+15 W/m^2  Δn_e=6.241e-08  Δn_R=1.541e-07  IR=6.701e+15 W/m^2  Δn_p,min=-1.873e-18  |φ_K|=4.902e-05 rad  |φ_p|=1.472e-15 rad  α_ion(raw/appl)=3.442e-11/3.442e-11  α_IB=0.000e+00  α_R(raw/appl)=3.709e-04/3.709e-04 m^-1  Edep=8.018e-11 J
[z=0.430 m] PPT_i cap-hit = 0.000% (cap=1.00e+19)
[U] z=0.432 m  U= 2.162e-03 J  Δrel=-0.45%
[NL] z=0.432 m  Ipk=7.897e+15 W/m^2  Δn_e=6.162e-08  Δn_R=1.521e-07  IR=6.612e+15 W/m^2  Δn_p,min=-1.692e-18  |φ_K|=4.840e-05 rad  |φ_p|=1.329e-15 rad  α_ion(raw/appl)=3.155e-11/3.155e-11  α_IB=0.000e+00  α_R(raw/appl)=3.744e-04/3.744e-04 m^-1  Edep=8.095e-11 J
[z=0.432 m] PPT_i cap-hit = 0.000% (cap=1.00e+19)
[U] z=0.435 m  U= 2.162e-03 J  Δrel=-0.45%
[NL] z=0.435 m  Ipk=7.815e+15 W/m^2  Δn_e=6.094e-08  Δn_R=1.502e-07  IR=6.531e+15 W/m^2  Δn_p,min=-1.534e-18  |φ_K|=4.789e-05 rad  |φ_p|=1.205e-15 rad  α_ion(raw/appl)=2.925e-11/2.925e-11  α_IB=0.000e+00  α_R(raw/appl)=3.779e-04/3.779e-04 m^-1  Edep=8.170e-11 J
[z=0.435 m] PPT_i cap-hit = 0.000% (cap=1.00e+19)
[U] z=0.437 m  U= 2.162e-03 J  Δrel=-0.45%
[NL] z=0.437 m  Ipk=7.911e+15 W/m^2  Δn_e=6.169e-08  Δn_R=1.520e-07  IR=6.609e+15 W/m^2  Δn_p,min=-1.688e-18  |φ_K|=4.848e-05 rad  |φ_p|=1.326e-15 rad  α_ion(raw/appl)=3.183e-11/3.183e-11  α_IB=0.000e+00  α_R(raw/appl)=3.815e-04/3.815e-04 m^-1  Edep=8.246e-11 J
[z=0.437 m] PPT_i cap-hit = 0.000% (cap=1.00e+19)
[U] z=0.440 m  U= 2.162e-03 J  Δrel=-0.45%
[NL] z=0.440 m  Ipk=7.982e+15 W/m^2  Δn_e=6.225e-08  Δn_R=1.534e-07  IR=6.668e+15 W/m^2  Δn_p,min=-1.811e-18  |φ_K|=4.892e-05 rad  |φ_p|=1.422e-15 rad  α_ion(raw/appl)=3.384e-11/3.384e-11  α_IB=0.000e+00  α_R(raw/appl)=3.850e-04/3.850e-04 m^-1  Edep=8.322e-11 J
[z=0.440 m] PPT_i cap-hit = 0.000% (cap=1.00e+19)
[U] z=0.442 m  U= 2.162e-03 J  Δrel=-0.46%
[NL] z=0.442 m  Ipk=8.029e+15 W/m^2  Δn_e=6.262e-08  Δn_R=1.542e-07  IR=6.705e+15 W/m^2  Δn_p,min=-1.895e-18  |φ_K|=4.921e-05 rad  |φ_p|=1.489e-15 rad  α_ion(raw/appl)=3.523e-11/3.523e-11  α_IB=0.000e+00  α_R(raw/appl)=3.886e-04/3.886e-04 m^-1  Edep=8.400e-11 J
[z=0.442 m] PPT_i cap-hit = 0.000% (cap=1.00e+19)
[U] z=0.445 m  U= 2.162e-03 J  Δrel=-0.46%
[NL] z=0.445 m  Ipk=8.523e+15 W/m^2  Δn_e=6.625e-08  Δn_R=1.658e-07  IR=7.209e+15 W/m^2  Δn_p,min=-3.103e-18  |φ_K|=5.204e-05 rad  |φ_p|=2.438e-15 rad  α_ion(raw/appl)=5.176e-11/5.176e-11  α_IB=0.000e+00  α_R(raw/appl)=3.923e-04/3.923e-04 m^-1  Edep=8.480e-11 J
[z=0.445 m] PPT_i cap-hit = 0.000% (cap=1.00e+19)
[U] z=0.447 m  U= 2.161e-03 J  Δrel=-0.46%
[NL] z=0.447 m  Ipk=9.993e+15 W/m^2  Δn_e=7.771e-08  Δn_R=1.941e-07  IR=8.441e+15 W/m^2  Δn_p,min=-1.075e-17  |φ_K|=6.105e-05 rad  |φ_p|=8.448e-15 rad  α_ion(raw/appl)=1.534e-10/1.534e-10  α_IB=0.000e+00  α_R(raw/appl)=3.962e-04/3.962e-04 m^-1  Edep=8.564e-11 J
[z=0.447 m] PPT_i cap-hit = 0.000% (cap=1.00e+19)
[U] z=0.450 m  U= 2.161e-03 J  Δrel=-0.47%
[NL] z=0.450 m  Ipk=1.144e+16 W/m^2  Δn_e=8.902e-08  Δn_R=2.220e-07  IR=9.654e+15 W/m^2  Δn_p,min=-3.093e-17  |φ_K|=6.994e-05 rad  |φ_p|=2.430e-14 rad  α_ion(raw/appl)=3.861e-10/3.861e-10  α_IB=0.000e+00  α_R(raw/appl)=4.003e-04/4.003e-04 m^-1  Edep=8.652e-11 J
[z=0.450 m] PPT_i cap-hit = 0.000% (cap=1.00e+19)
[z] 0.450/1.300 m ( 34.62%)  elapsed 2261.0s  ETA 4270.7s
[U] z=0.452 m  U= 2.161e-03 J  Δrel=-0.47%
[NL] z=0.452 m  Ipk=1.282e+16 W/m^2  Δn_e=9.978e-08  Δn_R=2.485e-07  IR=1.080e+16 W/m^2  Δn_p,min=-7.493e-17  |φ_K|=7.840e-05 rad  |φ_p|=5.887e-14 rad  α_ion(raw/appl)=8.370e-10/8.370e-10  α_IB=0.000e+00  α_R(raw/appl)=4.046e-04/4.046e-04 m^-1  Edep=8.745e-11 J
[z=0.452 m] PPT_i cap-hit = 0.000% (cap=1.00e+19)
[U] z=0.455 m  U= 2.161e-03 J  Δrel=-0.47%
[NL] z=0.455 m  Ipk=1.409e+16 W/m^2  Δn_e=1.097e-07  Δn_R=2.728e-07  IR=1.186e+16 W/m^2  Δn_p,min=-1.559e-16  |φ_K|=8.619e-05 rad  |φ_p|=1.225e-13 rad  α_ion(raw/appl)=1.589e-09/1.589e-09  α_IB=0.000e+00  α_R(raw/appl)=4.091e-04/4.091e-04 m^-1  Edep=8.841e-11 J
[z=0.455 m] PPT_i cap-hit = 0.000% (cap=1.00e+19)
[U] z=0.457 m  U= 2.161e-03 J  Δrel=-0.47%
[NL] z=0.457 m  Ipk=1.522e+16 W/m^2  Δn_e=1.186e-07  Δn_R=2.944e-07  IR=1.280e+16 W/m^2  Δn_p,min=-2.842e-16  |φ_K|=9.316e-05 rad  |φ_p|=2.233e-13 rad  α_ion(raw/appl)=2.689e-09/2.689e-09  α_IB=0.000e+00  α_R(raw/appl)=4.137e-04/4.137e-04 m^-1  Edep=8.942e-11 J
[z=0.457 m] PPT_i cap-hit = 0.000% (cap=1.00e+19)
[U] z=0.460 m  U= 2.161e-03 J  Δrel=-0.48%
[NL] z=0.460 m  Ipk=1.619e+16 W/m^2  Δn_e=1.262e-07  Δn_R=3.129e-07  IR=1.360e+16 W/m^2  Δn_p,min=-4.579e-16  |φ_K|=9.911e-05 rad  |φ_p|=3.597e-13 rad  α_ion(raw/appl)=4.088e-09/4.088e-09  α_IB=0.000e+00  α_R(raw/appl)=4.185e-04/4.185e-04 m^-1  Edep=9.046e-11 J
[z=0.460 m] PPT_i cap-hit = 0.000% (cap=1.00e+19)
[U] z=0.462 m  U= 2.161e-03 J  Δrel=-0.48%
[NL] z=0.462 m  Ipk=1.696e+16 W/m^2  Δn_e=1.322e-07  Δn_R=3.273e-07  IR=1.423e+16 W/m^2  Δn_p,min=-6.538e-16  |φ_K|=1.038e-04 rad  |φ_p|=5.137e-13 rad  α_ion(raw/appl)=5.593e-09/5.593e-09  α_IB=0.000e+00  α_R(raw/appl)=4.235e-04/4.235e-04 m^-1  Edep=9.151e-11 J
[z=0.462 m] PPT_i cap-hit = 0.000% (cap=1.00e+19)
[U] z=0.465 m  U= 2.161e-03 J  Δrel=-0.48%
[NL] z=0.465 m  Ipk=1.751e+16 W/m^2  Δn_e=1.365e-07  Δn_R=3.375e-07  IR=1.467e+16 W/m^2  Δn_p,min=-8.349e-16  |φ_K|=1.072e-04 rad  |φ_p|=6.559e-13 rad  α_ion(raw/appl)=6.944e-09/6.944e-09  α_IB=0.000e+00  α_R(raw/appl)=4.284e-04/4.284e-04 m^-1  Edep=9.258e-11 J
[z=0.465 m] PPT_i cap-hit = 0.000% (cap=1.00e+19)
[U] z=0.467 m  U= 2.161e-03 J  Δrel=-0.48%
[NL] z=0.467 m  Ipk=1.784e+16 W/m^2  Δn_e=1.391e-07  Δn_R=3.436e-07  IR=1.494e+16 W/m^2  Δn_p,min=-9.629e-16  |φ_K|=1.093e-04 rad  |φ_p|=7.565e-13 rad  α_ion(raw/appl)=7.888e-09/7.888e-09  α_IB=0.000e+00  α_R(raw/appl)=4.334e-04/4.334e-04 m^-1  Edep=9.365e-11 J
[z=0.467 m] PPT_i cap-hit = 0.000% (cap=1.00e+19)
[U] z=0.470 m  U= 2.161e-03 J  Δrel=-0.49%
[NL] z=0.470 m  Ipk=1.794e+16 W/m^2  Δn_e=1.399e-07  Δn_R=3.452e-07  IR=1.501e+16 W/m^2  Δn_p,min=-1.004e-15  |φ_K|=1.099e-04 rad  |φ_p|=7.885e-13 rad  α_ion(raw/appl)=8.203e-09/8.203e-09  α_IB=0.000e+00  α_R(raw/appl)=4.383e-04/4.383e-04 m^-1  Edep=9.471e-11 J
[z=0.470 m] PPT_i cap-hit = 0.000% (cap=1.00e+19)
[U] z=0.472 m  U= 2.161e-03 J  Δrel=-0.49%
[NL] z=0.472 m  Ipk=1.780e+16 W/m^2  Δn_e=1.388e-07  Δn_R=3.421e-07  IR=1.487e+16 W/m^2  Δn_p,min=-9.420e-16  |φ_K|=1.091e-04 rad  |φ_p|=7.401e-13 rad  α_ion(raw/appl)=7.788e-09/7.788e-09  α_IB=0.000e+00  α_R(raw/appl)=4.431e-04/4.431e-04 m^-1  Edep=9.575e-11 J
[z=0.472 m] PPT_i cap-hit = 0.000% (cap=1.00e+19)
[U] z=0.475 m  U= 2.161e-03 J  Δrel=-0.49%
[NL] z=0.475 m  Ipk=1.742e+16 W/m^2  Δn_e=1.360e-07  Δn_R=3.346e-07  IR=1.455e+16 W/m^2  Δn_p,min=-7.988e-16  |φ_K|=1.068e-04 rad  |φ_p|=6.275e-13 rad  α_ion(raw/appl)=6.770e-09/6.770e-09  α_IB=0.000e+00  α_R(raw/appl)=4.478e-04/4.478e-04 m^-1  Edep=9.677e-11 J
[z=0.475 m] PPT_i cap-hit = 0.000% (cap=1.00e+19)
[z] 0.475/1.300 m ( 36.54%)  elapsed 2385.8s  ETA 4143.8s
[U] z=0.477 m  U= 2.161e-03 J  Δrel=-0.49%
[NL] z=0.477 m  Ipk=1.685e+16 W/m^2  Δn_e=1.315e-07  Δn_R=3.232e-07  IR=1.405e+16 W/m^2  Δn_p,min=-6.146e-16  |φ_K|=1.033e-04 rad  |φ_p|=4.828e-13 rad  α_ion(raw/appl)=5.407e-09/5.407e-09  α_IB=0.000e+00  α_R(raw/appl)=4.524e-04/4.524e-04 m^-1  Edep=9.775e-11 J
[z=0.477 m] PPT_i cap-hit = 0.000% (cap=1.00e+19)
[U] z=0.480 m  U= 2.161e-03 J  Δrel=-0.50%
[NL] z=0.480 m  Ipk=1.608e+16 W/m^2  Δn_e=1.255e-07  Δn_R=3.082e-07  IR=1.340e+16 W/m^2  Δn_p,min=-4.272e-16  |φ_K|=9.861e-05 rad  |φ_p|=3.356e-13 rad  α_ion(raw/appl)=3.954e-09/3.954e-09  α_IB=0.000e+00  α_R(raw/appl)=4.569e-04/4.569e-04 m^-1  Edep=9.872e-11 J
[z=0.480 m] PPT_i cap-hit = 0.000% (cap=1.00e+19)
[U] z=0.482 m  U= 2.161e-03 J  Δrel=-0.50%
[NL] z=0.482 m  Ipk=1.513e+16 W/m^2  Δn_e=1.182e-07  Δn_R=2.896e-07  IR=1.259e+16 W/m^2  Δn_p,min=-2.658e-16  |φ_K|=9.280e-05 rad  |φ_p|=2.088e-13 rad  α_ion(raw/appl)=2.625e-09/2.625e-09  α_IB=0.000e+00  α_R(raw/appl)=4.613e-04/4.613e-04 m^-1  Edep=9.967e-11 J
[z=0.482 m] PPT_i cap-hit = 0.000% (cap=1.00e+19)
[U] z=0.485 m  U= 2.161e-03 J  Δrel=-0.50%
[NL] z=0.485 m  Ipk=1.402e+16 W/m^2  Δn_e=1.096e-07  Δn_R=2.682e-07  IR=1.166e+16 W/m^2  Δn_p,min=-1.473e-16  |φ_K|=8.605e-05 rad  |φ_p|=1.158e-13 rad  α_ion(raw/appl)=1.577e-09/1.577e-09  α_IB=0.000e+00  α_R(raw/appl)=4.657e-04/4.657e-04 m^-1  Edep=1.006e-10 J
[z=0.485 m] PPT_i cap-hit = 0.000% (cap=1.00e+19)
[U] z=0.487 m  U= 2.161e-03 J  Δrel=-0.50%
[NL] z=0.487 m  Ipk=1.281e+16 W/m^2  Δn_e=1.001e-07  Δn_R=2.447e-07  IR=1.064e+16 W/m^2  Δn_p,min=-7.270e-17  |φ_K|=7.862e-05 rad  |φ_p|=5.711e-14 rad  α_ion(raw/appl)=8.556e-10/8.556e-10  α_IB=0.000e+00  α_R(raw/appl)=4.701e-04/4.701e-04 m^-1  Edep=1.016e-10 J
[z=0.487 m] PPT_i cap-hit = 0.000% (cap=1.00e+19)
[U] z=0.490 m  U= 2.160e-03 J  Δrel=-0.51%
[NL] z=0.490 m  Ipk=1.151e+16 W/m^2  Δn_e=8.999e-08  Δn_R=2.197e-07  IR=9.550e+15 W/m^2  Δn_p,min=-3.160e-17  |φ_K|=7.068e-05 rad  |φ_p|=2.482e-14 rad  α_ion(raw/appl)=4.157e-10/4.157e-10  α_IB=0.000e+00  α_R(raw/appl)=4.746e-04/4.746e-04 m^-1  Edep=1.025e-10 J
[z=0.490 m] PPT_i cap-hit = 0.000% (cap=1.00e+19)
[U] z=0.492 m  U= 2.160e-03 J  Δrel=-0.51%
[NL] z=0.492 m  Ipk=1.037e+16 W/m^2  Δn_e=8.089e-08  Δn_R=1.993e-07  IR=8.665e+15 W/m^2  Δn_p,min=-1.403e-17  |φ_K|=6.357e-05 rad  |φ_p|=1.102e-14 rad  α_ion(raw/appl)=2.015e-10/2.015e-10  α_IB=0.000e+00  α_R(raw/appl)=4.793e-04/4.793e-04 m^-1  Edep=1.036e-10 J
[z=0.492 m] PPT_i cap-hit = 0.000% (cap=1.00e+19)
[U] z=0.495 m  U= 2.160e-03 J  Δrel=-0.51%
[NL] z=0.495 m  Ipk=1.052e+16 W/m^2  Δn_e=8.204e-08  Δn_R=2.021e-07  IR=8.785e+15 W/m^2  Δn_p,min=-1.565e-17  |φ_K|=6.447e-05 rad  |φ_p|=1.229e-14 rad  α_ion(raw/appl)=2.217e-10/2.217e-10  α_IB=0.000e+00  α_R(raw/appl)=4.842e-04/4.842e-04 m^-1  Edep=1.046e-10 J
[z=0.495 m] PPT_i cap-hit = 0.000% (cap=1.00e+19)
[U] z=0.497 m  U= 2.160e-03 J  Δrel=-0.52%
[NL] z=0.497 m  Ipk=1.063e+16 W/m^2  Δn_e=8.293e-08  Δn_R=2.042e-07  IR=8.878e+15 W/m^2  Δn_p,min=-1.702e-17  |φ_K|=6.517e-05 rad  |φ_p|=1.337e-14 rad  α_ion(raw/appl)=2.387e-10/2.387e-10  α_IB=0.000e+00  α_R(raw/appl)=4.893e-04/4.893e-04 m^-1  Edep=1.057e-10 J
[z=0.497 m] PPT_i cap-hit = 0.000% (cap=1.00e+19)
[U] z=0.500 m  U= 2.160e-03 J  Δrel=-0.52%
[NL] z=0.500 m  Ipk=1.072e+16 W/m^2  Δn_e=8.361e-08  Δn_R=2.058e-07  IR=8.949e+15 W/m^2  Δn_p,min=-1.814e-17  |φ_K|=6.571e-05 rad  |φ_p|=1.425e-14 rad  α_ion(raw/appl)=2.523e-10/2.523e-10  α_IB=0.000e+00  α_R(raw/appl)=4.948e-04/4.948e-04 m^-1  Edep=1.069e-10 J
[z=0.500 m] PPT_i cap-hit = 0.000% (cap=1.00e+19)
[z] 0.500/1.300 m ( 38.46%)  elapsed 2510.6s  ETA 4016.9s
[U] z=0.502 m  U= 2.160e-03 J  Δrel=-0.52%
[NL] z=0.502 m  Ipk=1.078e+16 W/m^2  Δn_e=8.408e-08  Δn_R=2.069e-07  IR=8.996e+15 W/m^2  Δn_p,min=-1.893e-17  |φ_K|=6.608e-05 rad  |φ_p|=1.488e-14 rad  α_ion(raw/appl)=2.621e-10/2.621e-10  α_IB=0.000e+00  α_R(raw/appl)=5.005e-04/5.005e-04 m^-1  Edep=1.081e-10 J
[z=0.502 m] PPT_i cap-hit = 0.000% (cap=1.00e+19)
[U] z=0.505 m  U= 2.160e-03 J  Δrel=-0.52%
[NL] z=0.505 m  Ipk=1.081e+16 W/m^2  Δn_e=8.429e-08  Δn_R=2.074e-07  IR=9.016e+15 W/m^2  Δn_p,min=-1.930e-17  |φ_K|=6.624e-05 rad  |φ_p|=1.516e-14 rad  α_ion(raw/appl)=2.666e-10/2.666e-10  α_IB=0.000e+00  α_R(raw/appl)=5.066e-04/5.066e-04 m^-1  Edep=1.094e-10 J
[z=0.505 m] PPT_i cap-hit = 0.000% (cap=1.00e+19)
[U] z=0.507 m  U= 2.160e-03 J  Δrel=-0.53%
[NL] z=0.507 m  Ipk=1.081e+16 W/m^2  Δn_e=8.431e-08  Δn_R=2.074e-07  IR=9.016e+15 W/m^2  Δn_p,min=-1.932e-17  |φ_K|=6.626e-05 rad  |φ_p|=1.518e-14 rad  α_ion(raw/appl)=2.670e-10/2.670e-10  α_IB=0.000e+00  α_R(raw/appl)=5.130e-04/5.130e-04 m^-1  Edep=1.108e-10 J
[z=0.507 m] PPT_i cap-hit = 0.000% (cap=1.00e+19)
[U] z=0.510 m  U= 2.160e-03 J  Δrel=-0.53%
[NL] z=0.510 m  Ipk=1.119e+16 W/m^2  Δn_e=8.721e-08  Δn_R=2.166e-07  IR=9.417e+15 W/m^2  Δn_p,min=-2.597e-17  |φ_K|=6.852e-05 rad  |φ_p|=2.040e-14 rad  α_ion(raw/appl)=3.359e-10/3.359e-10  α_IB=0.000e+00  α_R(raw/appl)=5.197e-04/5.197e-04 m^-1  Edep=1.122e-10 J
[z=0.510 m] PPT_i cap-hit = 0.000% (cap=1.00e+19)
[U] z=0.512 m  U= 2.160e-03 J  Δrel=-0.53%
[NL] z=0.512 m  Ipk=1.178e+16 W/m^2  Δn_e=9.183e-08  Δn_R=2.279e-07  IR=9.907e+15 W/m^2  Δn_p,min=-3.878e-17  |φ_K|=7.215e-05 rad  |φ_p|=3.046e-14 rad  α_ion(raw/appl)=4.769e-10/4.769e-10  α_IB=0.000e+00  α_R(raw/appl)=5.265e-04/5.265e-04 m^-1  Edep=1.137e-10 J
[z=0.512 m] PPT_i cap-hit = 0.000% (cap=1.00e+19)
[U] z=0.515 m  U= 2.160e-03 J  Δrel=-0.53%
[NL] z=0.515 m  Ipk=1.233e+16 W/m^2  Δn_e=9.608e-08  Δn_R=2.382e-07  IR=1.036e+16 W/m^2  Δn_p,min=-5.501e-17  |φ_K|=7.547e-05 rad  |φ_p|=4.322e-14 rad  α_ion(raw/appl)=6.481e-10/6.481e-10  α_IB=0.000e+00  α_R(raw/appl)=5.335e-04/5.335e-04 m^-1  Edep=1.152e-10 J
[z=0.515 m] PPT_i cap-hit = 0.000% (cap=1.00e+19)
[U] z=0.517 m  U= 2.160e-03 J  Δrel=-0.54%
[NL] z=0.517 m  Ipk=1.281e+16 W/m^2  Δn_e=9.986e-08  Δn_R=2.474e-07  IR=1.075e+16 W/m^2  Δn_p,min=-7.409e-17  |φ_K|=7.844e-05 rad  |φ_p|=5.821e-14 rad  α_ion(raw/appl)=8.417e-10/8.417e-10  α_IB=0.000e+00  α_R(raw/appl)=5.406e-04/5.406e-04 m^-1  Edep=1.168e-10 J
[z=0.517 m] PPT_i cap-hit = 0.000% (cap=1.00e+19)
[U] z=0.520 m  U= 2.160e-03 J  Δrel=-0.54%
[NL] z=0.520 m  Ipk=1.322e+16 W/m^2  Δn_e=1.031e-07  Δn_R=2.551e-07  IR=1.109e+16 W/m^2  Δn_p,min=-9.453e-17  |φ_K|=8.097e-05 rad  |φ_p|=7.427e-14 rad  α_ion(raw/appl)=1.043e-09/1.043e-09  α_IB=0.000e+00  α_R(raw/appl)=5.478e-04/5.478e-04 m^-1  Edep=1.183e-10 J
[z=0.520 m] PPT_i cap-hit = 0.000% (cap=1.00e+19)
[U] z=0.522 m  U= 2.160e-03 J  Δrel=-0.54%
[NL] z=0.522 m  Ipk=1.355e+16 W/m^2  Δn_e=1.057e-07  Δn_R=2.613e-07  IR=1.136e+16 W/m^2  Δn_p,min=-1.144e-16  |φ_K|=8.301e-05 rad  |φ_p|=8.989e-14 rad  α_ion(raw/appl)=1.234e-09/1.234e-09  α_IB=0.000e+00  α_R(raw/appl)=5.550e-04/5.550e-04 m^-1  Edep=1.199e-10 J
[z=0.522 m] PPT_i cap-hit = 0.000% (cap=1.00e+19)
[U] z=0.525 m  U= 2.160e-03 J  Δrel=-0.54%
[NL] z=0.525 m  Ipk=1.381e+16 W/m^2  Δn_e=1.077e-07  Δn_R=2.660e-07  IR=1.157e+16 W/m^2  Δn_p,min=-1.323e-16  |φ_K|=8.460e-05 rad  |φ_p|=1.039e-13 rad  α_ion(raw/appl)=1.403e-09/1.403e-09  α_IB=0.000e+00  α_R(raw/appl)=5.621e-04/5.621e-04 m^-1  Edep=1.214e-10 J
[z=0.525 m] PPT_i cap-hit = 0.000% (cap=1.00e+19)
[z] 0.525/1.300 m ( 40.38%)  elapsed 2637.8s  ETA 3893.9s
[U] z=0.527 m  U= 2.160e-03 J  Δrel=-0.55%
[NL] z=0.527 m  Ipk=1.399e+16 W/m^2  Δn_e=1.091e-07  Δn_R=2.693e-07  IR=1.171e+16 W/m^2  Δn_p,min=-1.458e-16  |φ_K|=8.569e-05 rad  |φ_p|=1.145e-13 rad  α_ion(raw/appl)=1.530e-09/1.530e-09  α_IB=0.000e+00  α_R(raw/appl)=5.691e-04/5.691e-04 m^-1  Edep=1.229e-10 J
[z=0.527 m] PPT_i cap-hit = 0.000% (cap=1.00e+19)
[U] z=0.530 m  U= 2.160e-03 J  Δrel=-0.55%
[NL] z=0.530 m  Ipk=1.408e+16 W/m^2  Δn_e=1.098e-07  Δn_R=2.709e-07  IR=1.178e+16 W/m^2  Δn_p,min=-1.533e-16  |φ_K|=8.628e-05 rad  |φ_p|=1.205e-13 rad  α_ion(raw/appl)=1.602e-09/1.602e-09  α_IB=0.000e+00  α_R(raw/appl)=5.760e-04/5.760e-04 m^-1  Edep=1.244e-10 J
[z=0.530 m] PPT_i cap-hit = 0.000% (cap=1.00e+19)
[U] z=0.532 m  U= 2.160e-03 J  Δrel=-0.55%
[NL] z=0.532 m  Ipk=1.409e+16 W/m^2  Δn_e=1.099e-07  Δn_R=2.709e-07  IR=1.178e+16 W/m^2  Δn_p,min=-1.540e-16  |φ_K|=8.635e-05 rad  |φ_p|=1.210e-13 rad  α_ion(raw/appl)=1.611e-09/1.611e-09  α_IB=0.000e+00  α_R(raw/appl)=5.828e-04/5.828e-04 m^-1  Edep=1.259e-10 J
[z=0.532 m] PPT_i cap-hit = 0.000% (cap=1.00e+19)
[U] z=0.535 m  U= 2.159e-03 J  Δrel=-0.55%
[NL] z=0.535 m  Ipk=1.402e+16 W/m^2  Δn_e=1.094e-07  Δn_R=2.693e-07  IR=1.171e+16 W/m^2  Δn_p,min=-1.478e-16  |φ_K|=8.592e-05 rad  |φ_p|=1.161e-13 rad  α_ion(raw/appl)=1.558e-09/1.558e-09  α_IB=0.000e+00  α_R(raw/appl)=5.895e-04/5.895e-04 m^-1  Edep=1.273e-10 J
[z=0.535 m] PPT_i cap-hit = 0.000% (cap=1.00e+19)
[U] z=0.537 m  U= 2.159e-03 J  Δrel=-0.56%
[NL] z=0.537 m  Ipk=1.387e+16 W/m^2  Δn_e=1.082e-07  Δn_R=2.662e-07  IR=1.157e+16 W/m^2  Δn_p,min=-1.357e-16  |φ_K|=8.501e-05 rad  |φ_p|=1.066e-13 rad  α_ion(raw/appl)=1.449e-09/1.449e-09  α_IB=0.000e+00  α_R(raw/appl)=5.961e-04/5.961e-04 m^-1  Edep=1.287e-10 J
[z=0.537 m] PPT_i cap-hit = 0.000% (cap=1.00e+19)
[U] z=0.540 m  U= 2.159e-03 J  Δrel=-0.56%
[NL] z=0.540 m  Ipk=1.364e+16 W/m^2  Δn_e=1.065e-07  Δn_R=2.617e-07  IR=1.138e+16 W/m^2  Δn_p,min=-1.194e-16  |φ_K|=8.364e-05 rad  |φ_p|=9.382e-14 rad  α_ion(raw/appl)=1.299e-09/1.299e-09  α_IB=0.000e+00  α_R(raw/appl)=6.028e-04/6.028e-04 m^-1  Edep=1.302e-10 J
[z=0.540 m] PPT_i cap-hit = 0.000% (cap=1.00e+19)
[U] z=0.542 m  U= 2.159e-03 J  Δrel=-0.56%
[NL] z=0.542 m  Ipk=1.335e+16 W/m^2  Δn_e=1.042e-07  Δn_R=2.559e-07  IR=1.113e+16 W/m^2  Δn_p,min=-1.007e-16  |φ_K|=8.185e-05 rad  |φ_p|=7.914e-14 rad  α_ion(raw/appl)=1.122e-09/1.122e-09  α_IB=0.000e+00  α_R(raw/appl)=6.095e-04/6.095e-04 m^-1  Edep=1.316e-10 J
[z=0.542 m] PPT_i cap-hit = 0.000% (cap=1.00e+19)
[U] z=0.545 m  U= 2.159e-03 J  Δrel=-0.56%
[NL] z=0.545 m  Ipk=1.336e+16 W/m^2  Δn_e=1.042e-07  Δn_R=2.561e-07  IR=1.113e+16 W/m^2  Δn_p,min=-1.004e-16  |φ_K|=8.188e-05 rad  |φ_p|=7.884e-14 rad  α_ion(raw/appl)=1.123e-09/1.123e-09  α_IB=0.000e+00  α_R(raw/appl)=6.163e-04/6.163e-04 m^-1  Edep=1.331e-10 J
[z=0.545 m] PPT_i cap-hit = 0.000% (cap=1.00e+19)
[U] z=0.547 m  U= 2.159e-03 J  Δrel=-0.57%
[NL] z=0.547 m  Ipk=1.334e+16 W/m^2  Δn_e=1.041e-07  Δn_R=2.557e-07  IR=1.112e+16 W/m^2  Δn_p,min=-9.948e-17  |φ_K|=8.180e-05 rad  |φ_p|=7.815e-14 rad  α_ion(raw/appl)=1.115e-09/1.115e-09  α_IB=0.000e+00  α_R(raw/appl)=6.233e-04/6.233e-04 m^-1  Edep=1.346e-10 J
[z=0.547 m] PPT_i cap-hit = 0.000% (cap=1.00e+19)
[U] z=0.550 m  U= 2.159e-03 J  Δrel=-0.57%
[NL] z=0.550 m  Ipk=1.398e+16 W/m^2  Δn_e=1.087e-07  Δn_R=2.742e-07  IR=1.192e+16 W/m^2  Δn_p,min=-1.512e-16  |φ_K|=8.542e-05 rad  |φ_p|=1.188e-13 rad  α_ion(raw/appl)=1.498e-09/1.498e-09  α_IB=0.000e+00  α_R(raw/appl)=6.306e-04/6.306e-04 m^-1  Edep=1.362e-10 J
[z=0.550 m] PPT_i cap-hit = 0.000% (cap=1.00e+19)
[z] 0.550/1.300 m ( 42.31%)  elapsed 2764.2s  ETA 3769.3s
[U] z=0.552 m  U= 2.159e-03 J  Δrel=-0.57%
[NL] z=0.552 m  Ipk=1.597e+16 W/m^2  Δn_e=1.243e-07  Δn_R=3.126e-07  IR=1.359e+16 W/m^2  Δn_p,min=-4.231e-16  |φ_K|=9.762e-05 rad  |φ_p|=3.324e-13 rad  α_ion(raw/appl)=3.693e-09/3.693e-09  α_IB=0.000e+00  α_R(raw/appl)=6.382e-04/6.382e-04 m^-1  Edep=1.378e-10 J
[z=0.552 m] PPT_i cap-hit = 0.000% (cap=1.00e+19)
[U] z=0.555 m  U= 2.159e-03 J  Δrel=-0.58%
[NL] z=0.555 m  Ipk=1.801e+16 W/m^2  Δn_e=1.402e-07  Δn_R=3.517e-07  IR=1.529e+16 W/m^2  Δn_p,min=-1.066e-15  |φ_K|=1.101e-04 rad  |φ_p|=8.378e-13 rad  α_ion(raw/appl)=8.304e-09/8.304e-09  α_IB=0.000e+00  α_R(raw/appl)=6.462e-04/6.462e-04 m^-1  Edep=1.395e-10 J
[z=0.555 m] PPT_i cap-hit = 0.000% (cap=1.00e+19)
[U] z=0.557 m  U= 2.159e-03 J  Δrel=-0.58%
[NL] z=0.557 m  Ipk=2.008e+16 W/m^2  Δn_e=1.563e-07  Δn_R=3.913e-07  IR=1.701e+16 W/m^2  Δn_p,min=-2.455e-15  |φ_K|=1.227e-04 rad  |φ_p|=1.929e-12 rad  α_ion(raw/appl)=1.724e-08/1.724e-08  α_IB=0.000e+00  α_R(raw/appl)=6.546e-04/6.546e-04 m^-1  Edep=1.413e-10 J
[z=0.557 m] PPT_i cap-hit = 0.000% (cap=1.00e+19)
[U] z=0.560 m  U= 2.159e-03 J  Δrel=-0.58%
[NL] z=0.560 m  Ipk=2.215e+16 W/m^2  Δn_e=1.724e-07  Δn_R=4.310e-07  IR=1.874e+16 W/m^2  Δn_p,min=-5.207e-15  |φ_K|=1.354e-04 rad  |φ_p|=4.091e-12 rad  α_ion(raw/appl)=3.330e-08/3.330e-08  α_IB=0.000e+00  α_R(raw/appl)=6.635e-04/6.635e-04 m^-1  Edep=1.433e-10 J
[z=0.560 m] PPT_i cap-hit = 0.000% (cap=1.00e+19)
[U] z=0.562 m  U= 2.159e-03 J  Δrel=-0.58%
[NL] z=0.562 m  Ipk=2.419e+16 W/m^2  Δn_e=1.884e-07  Δn_R=4.700e-07  IR=2.044e+16 W/m^2  Δn_p,min=-1.023e-14  |φ_K|=1.480e-04 rad  |φ_p|=8.039e-12 rad  α_ion(raw/appl)=6.015e-08/6.015e-08  α_IB=0.000e+00  α_R(raw/appl)=6.730e-04/6.730e-04 m^-1  Edep=1.453e-10 J
[z=0.562 m] PPT_i cap-hit = 0.000% (cap=1.00e+19)
[U] z=0.565 m  U= 2.159e-03 J  Δrel=-0.59%
[NL] z=0.565 m  Ipk=2.618e+16 W/m^2  Δn_e=2.039e-07  Δn_R=5.078e-07  IR=2.208e+16 W/m^2  Δn_p,min=-1.867e-14  |φ_K|=1.601e-04 rad  |φ_p|=1.467e-11 rad  α_ion(raw/appl)=1.019e-07/1.019e-07  α_IB=0.000e+00  α_R(raw/appl)=6.829e-04/6.829e-04 m^-1  Edep=1.474e-10 J
[z=0.565 m] PPT_i cap-hit = 0.000% (cap=1.00e+19)
[U] z=0.567 m  U= 2.159e-03 J  Δrel=-0.59%
[NL] z=0.567 m  Ipk=2.810e+16 W/m^2  Δn_e=2.189e-07  Δn_R=5.442e-07  IR=2.366e+16 W/m^2  Δn_p,min=-3.198e-14  |φ_K|=1.719e-04 rad  |φ_p|=2.512e-11 rad  α_ion(raw/appl)=1.632e-07/1.632e-07  α_IB=0.000e+00  α_R(raw/appl)=6.933e-04/6.933e-04 m^-1  Edep=1.497e-10 J
[z=0.567 m] PPT_i cap-hit = 0.000% (cap=1.00e+19)
[U] z=0.570 m  U= 2.159e-03 J  Δrel=-0.59%
[NL] z=0.570 m  Ipk=2.994e+16 W/m^2  Δn_e=2.332e-07  Δn_R=5.788e-07  IR=2.516e+16 W/m^2  Δn_p,min=-5.163e-14  |φ_K|=1.832e-04 rad  |φ_p|=4.056e-11 rad  α_ion(raw/appl)=2.483e-07/2.483e-07  α_IB=0.000e+00  α_R(raw/appl)=7.043e-04/7.043e-04 m^-1  Edep=1.520e-10 J
[z=0.570 m] PPT_i cap-hit = 0.000% (cap=1.00e+19)
[U] z=0.572 m  U= 2.159e-03 J  Δrel=-0.59%
[NL] z=0.572 m  Ipk=3.168e+16 W/m^2  Δn_e=2.468e-07  Δn_R=6.116e-07  IR=2.659e+16 W/m^2  Δn_p,min=-7.916e-14  |φ_K|=1.938e-04 rad  |φ_p|=6.219e-11 rad  α_ion(raw/appl)=3.610e-07/3.610e-07  α_IB=0.000e+00  α_R(raw/appl)=7.156e-04/7.156e-04 m^-1  Edep=1.545e-10 J
[z=0.572 m] PPT_i cap-hit = 0.000% (cap=1.00e+19)
[U] z=0.575 m  U= 2.159e-03 J  Δrel=-0.60%
[NL] z=0.575 m  Ipk=3.331e+16 W/m^2  Δn_e=2.595e-07  Δn_R=6.422e-07  IR=2.792e+16 W/m^2  Δn_p,min=-1.156e-13  |φ_K|=2.038e-04 rad  |φ_p|=9.082e-11 rad  α_ion(raw/appl)=5.031e-07/5.031e-07  α_IB=0.000e+00  α_R(raw/appl)=7.274e-04/7.274e-04 m^-1  Edep=1.570e-10 J
[z=0.575 m] PPT_i cap-hit = 0.000% (cap=1.00e+19)
[z] 0.575/1.300 m ( 44.23%)  elapsed 2889.2s  ETA 3642.9s
[U] z=0.577 m  U= 2.159e-03 J  Δrel=-0.60%
[NL] z=0.577 m  Ipk=3.479e+16 W/m^2  Δn_e=2.711e-07  Δn_R=6.698e-07  IR=2.912e+16 W/m^2  Δn_p,min=-1.603e-13  |φ_K|=2.129e-04 rad  |φ_p|=1.260e-10 rad  α_ion(raw/appl)=6.706e-07/6.706e-07  α_IB=0.000e+00  α_R(raw/appl)=7.395e-04/7.395e-04 m^-1  Edep=1.596e-10 J
[z=0.577 m] PPT_i cap-hit = 0.000% (cap=1.00e+19)
[U] z=0.580 m  U= 2.158e-03 J  Δrel=-0.60%
[NL] z=0.580 m  Ipk=3.611e+16 W/m^2  Δn_e=2.814e-07  Δn_R=6.942e-07  IR=3.018e+16 W/m^2  Δn_p,min=-2.120e-13  |φ_K|=2.210e-04 rad  |φ_p|=1.665e-10 rad  α_ion(raw/appl)=8.573e-07/8.573e-07  α_IB=0.000e+00  α_R(raw/appl)=7.518e-04/7.518e-04 m^-1  Edep=1.623e-10 J
[z=0.580 m] PPT_i cap-hit = 0.000% (cap=1.00e+19)
[U] z=0.582 m  U= 2.158e-03 J  Δrel=-0.60%
[NL] z=0.582 m  Ipk=3.725e+16 W/m^2  Δn_e=2.904e-07  Δn_R=7.153e-07  IR=3.110e+16 W/m^2  Δn_p,min=-2.676e-13  |φ_K|=2.281e-04 rad  |φ_p|=2.103e-10 rad  α_ion(raw/appl)=1.053e-06/1.053e-06  α_IB=0.000e+00  α_R(raw/appl)=7.644e-04/7.644e-04 m^-1  Edep=1.650e-10 J
[z=0.582 m] PPT_i cap-hit = 0.000% (cap=1.00e+19)
[U] z=0.585 m  U= 2.158e-03 J  Δrel=-0.61%
[NL] z=0.585 m  Ipk=3.822e+16 W/m^2  Δn_e=2.980e-07  Δn_R=7.328e-07  IR=3.186e+16 W/m^2  Δn_p,min=-3.240e-13  |φ_K|=2.341e-04 rad  |φ_p|=2.545e-10 rad  α_ion(raw/appl)=1.247e-06/1.247e-06  α_IB=0.000e+00  α_R(raw/appl)=7.771e-04/7.771e-04 m^-1  Edep=1.677e-10 J
[z=0.585 m] PPT_i cap-hit = 0.000% (cap=1.00e+19)
[U] z=0.587 m  U= 2.158e-03 J  Δrel=-0.61%
[NL] z=0.587 m  Ipk=3.902e+16 W/m^2  Δn_e=3.042e-07  Δn_R=7.471e-07  IR=3.248e+16 W/m^2  Δn_p,min=-3.773e-13  |φ_K|=2.390e-04 rad  |φ_p|=2.964e-10 rad  α_ion(raw/appl)=1.429e-06/1.429e-06  α_IB=0.000e+00  α_R(raw/appl)=7.898e-04/7.898e-04 m^-1  Edep=1.705e-10 J
[z=0.587 m] PPT_i cap-hit = 0.000% (cap=1.00e+19)
[U] z=0.590 m  U= 2.158e-03 J  Δrel=-0.61%
[NL] z=0.590 m  Ipk=3.963e+16 W/m^2  Δn_e=3.091e-07  Δn_R=7.578e-07  IR=3.295e+16 W/m^2  Δn_p,min=-4.231e-13  |φ_K|=2.427e-04 rad  |φ_p|=3.324e-10 rad  α_ion(raw/appl)=1.583e-06/1.583e-06  α_IB=0.000e+00  α_R(raw/appl)=8.025e-04/8.025e-04 m^-1  Edep=1.732e-10 J
[z=0.590 m] PPT_i cap-hit = 0.000% (cap=1.00e+19)
[U] z=0.592 m  U= 2.158e-03 J  Δrel=-0.61%
[NL] z=0.592 m  Ipk=4.005e+16 W/m^2  Δn_e=3.123e-07  Δn_R=7.648e-07  IR=3.325e+16 W/m^2  Δn_p,min=-4.562e-13  |φ_K|=2.453e-04 rad  |φ_p|=3.584e-10 rad  α_ion(raw/appl)=1.695e-06/1.695e-06  α_IB=0.000e+00  α_R(raw/appl)=8.151e-04/8.151e-04 m^-1  Edep=1.759e-10 J
[z=0.592 m] PPT_i cap-hit = 0.000% (cap=1.00e+19)
[U] z=0.595 m  U= 2.158e-03 J  Δrel=-0.62%
[NL] z=0.595 m  Ipk=4.024e+16 W/m^2  Δn_e=3.139e-07  Δn_R=7.675e-07  IR=3.337e+16 W/m^2  Δn_p,min=-4.717e-13  |φ_K|=2.465e-04 rad  |φ_p|=3.706e-10 rad  α_ion(raw/appl)=1.752e-06/1.752e-06  α_IB=0.000e+00  α_R(raw/appl)=8.275e-04/8.275e-04 m^-1  Edep=1.786e-10 J
[z=0.595 m] PPT_i cap-hit = 0.000% (cap=1.00e+19)
[U] z=0.597 m  U= 2.158e-03 J  Δrel=-0.62%
[NL] z=0.597 m  Ipk=4.023e+16 W/m^2  Δn_e=3.138e-07  Δn_R=7.661e-07  IR=3.331e+16 W/m^2  Δn_p,min=-4.688e-13  |φ_K|=2.465e-04 rad  |φ_p|=3.683e-10 rad  α_ion(raw/appl)=1.749e-06/1.749e-06  α_IB=0.000e+00  α_R(raw/appl)=8.397e-04/8.397e-04 m^-1  Edep=1.812e-10 J
[z=0.597 m] PPT_i cap-hit = 0.000% (cap=1.00e+19)
[U] z=0.600 m  U= 2.158e-03 J  Δrel=-0.62%
[NL] z=0.600 m  Ipk=4.001e+16 W/m^2  Δn_e=3.121e-07  Δn_R=7.609e-07  IR=3.308e+16 W/m^2  Δn_p,min=-4.482e-13  |φ_K|=2.452e-04 rad  |φ_p|=3.521e-10 rad  α_ion(raw/appl)=1.689e-06/1.689e-06  α_IB=0.000e+00  α_R(raw/appl)=8.518e-04/8.518e-04 m^-1  Edep=1.838e-10 J
[z=0.600 m] PPT_i cap-hit = 0.000% (cap=1.00e+19)
[z] 0.600/1.300 m ( 46.15%)  elapsed 3014.6s  ETA 3517.1s
[U] z=0.602 m  U= 2.158e-03 J  Δrel=-0.63%
[NL] z=0.602 m  Ipk=3.960e+16 W/m^2  Δn_e=3.090e-07  Δn_R=7.520e-07  IR=3.269e+16 W/m^2  Δn_p,min=-4.131e-13  |φ_K|=2.427e-04 rad  |φ_p|=3.246e-10 rad  α_ion(raw/appl)=1.580e-06/1.580e-06  α_IB=0.000e+00  α_R(raw/appl)=8.637e-04/8.637e-04 m^-1  Edep=1.864e-10 J
[z=0.602 m] PPT_i cap-hit = 0.000% (cap=1.00e+19)
[U] z=0.605 m  U= 2.158e-03 J  Δrel=-0.63%
[NL] z=0.605 m  Ipk=3.901e+16 W/m^2  Δn_e=3.044e-07  Δn_R=7.398e-07  IR=3.217e+16 W/m^2  Δn_p,min=-3.677e-13  |φ_K|=2.391e-04 rad  |φ_p|=2.889e-10 rad  α_ion(raw/appl)=1.434e-06/1.434e-06  α_IB=0.000e+00  α_R(raw/appl)=8.754e-04/8.754e-04 m^-1  Edep=1.889e-10 J
[z=0.605 m] PPT_i cap-hit = 0.000% (cap=1.00e+19)
[U] z=0.607 m  U= 2.158e-03 J  Δrel=-0.63%
[NL] z=0.607 m  Ipk=3.824e+16 W/m^2  Δn_e=2.984e-07  Δn_R=7.242e-07  IR=3.149e+16 W/m^2  Δn_p,min=-3.151e-13  |φ_K|=2.344e-04 rad  |φ_p|=2.475e-10 rad  α_ion(raw/appl)=1.259e-06/1.259e-06  α_IB=0.000e+00  α_R(raw/appl)=8.868e-04/8.868e-04 m^-1  Edep=1.914e-10 J
[z=0.607 m] PPT_i cap-hit = 0.000% (cap=1.00e+19)
[U] z=0.610 m  U= 2.158e-03 J  Δrel=-0.63%
[NL] z=0.610 m  Ipk=3.729e+16 W/m^2  Δn_e=2.910e-07  Δn_R=7.051e-07  IR=3.066e+16 W/m^2  Δn_p,min=-2.593e-13  |φ_K|=2.286e-04 rad  |φ_p|=2.037e-10 rad  α_ion(raw/appl)=1.067e-06/1.067e-06  α_IB=0.000e+00  α_R(raw/appl)=8.981e-04/8.981e-04 m^-1  Edep=1.938e-10 J
[z=0.610 m] PPT_i cap-hit = 0.000% (cap=1.00e+19)
[U] z=0.612 m  U= 2.158e-03 J  Δrel=-0.64%
[NL] z=0.612 m  Ipk=3.616e+16 W/m^2  Δn_e=2.822e-07  Δn_R=6.827e-07  IR=2.968e+16 W/m^2  Δn_p,min=-2.045e-13  |φ_K|=2.216e-04 rad  |φ_p|=1.606e-10 rad  α_ion(raw/appl)=8.727e-07/8.727e-07  α_IB=0.000e+00  α_R(raw/appl)=9.093e-04/9.093e-04 m^-1  Edep=1.962e-10 J
[z=0.612 m] PPT_i cap-hit = 0.000% (cap=1.00e+19)
[U] z=0.615 m  U= 2.158e-03 J  Δrel=-0.64%
[NL] z=0.615 m  Ipk=3.486e+16 W/m^2  Δn_e=2.721e-07  Δn_R=6.572e-07  IR=2.857e+16 W/m^2  Δn_p,min=-1.543e-13  |φ_K|=2.137e-04 rad  |φ_p|=1.212e-10 rad  α_ion(raw/appl)=6.867e-07/6.867e-07  α_IB=0.000e+00  α_R(raw/appl)=9.204e-04/9.204e-04 m^-1  Edep=1.986e-10 J
[z=0.615 m] PPT_i cap-hit = 0.000% (cap=1.00e+19)
[U] z=0.617 m  U= 2.158e-03 J  Δrel=-0.64%
[NL] z=0.617 m  Ipk=3.342e+16 W/m^2  Δn_e=2.609e-07  Δn_R=6.290e-07  IR=2.735e+16 W/m^2  Δn_p,min=-1.116e-13  |φ_K|=2.049e-04 rad  |φ_p|=8.764e-11 rad  α_ion(raw/appl)=5.209e-07/5.209e-07  α_IB=0.000e+00  α_R(raw/appl)=9.315e-04/9.315e-04 m^-1  Edep=2.010e-10 J
[z=0.617 m] PPT_i cap-hit = 0.000% (cap=1.00e+19)
[U] z=0.620 m  U= 2.158e-03 J  Δrel=-0.64%
[NL] z=0.620 m  Ipk=3.187e+16 W/m^2  Δn_e=2.488e-07  Δn_R=5.988e-07  IR=2.603e+16 W/m^2  Δn_p,min=-7.734e-14  |φ_K|=1.954e-04 rad  |φ_p|=6.076e-11 rad  α_ion(raw/appl)=3.809e-07/3.809e-07  α_IB=0.000e+00  α_R(raw/appl)=9.427e-04/9.427e-04 m^-1  Edep=2.034e-10 J
[z=0.620 m] PPT_i cap-hit = 0.000% (cap=1.00e+19)
[U] z=0.622 m  U= 2.157e-03 J  Δrel=-0.65%
[NL] z=0.622 m  Ipk=3.022e+16 W/m^2  Δn_e=2.360e-07  Δn_R=5.668e-07  IR=2.464e+16 W/m^2  Δn_p,min=-5.132e-14  |φ_K|=1.853e-04 rad  |φ_p|=4.031e-11 rad  α_ion(raw/appl)=2.682e-07/2.682e-07  α_IB=0.000e+00  α_R(raw/appl)=9.542e-04/9.542e-04 m^-1  Edep=2.059e-10 J
[z=0.622 m] PPT_i cap-hit = 0.000% (cap=1.00e+19)
[U] z=0.625 m  U= 2.157e-03 J  Δrel=-0.65%
[NL] z=0.625 m  Ipk=2.847e+16 W/m^2  Δn_e=2.224e-07  Δn_R=5.332e-07  IR=2.318e+16 W/m^2  Δn_p,min=-3.246e-14  |φ_K|=1.746e-04 rad  |φ_p|=2.550e-11 rad  α_ion(raw/appl)=1.811e-07/1.811e-07  α_IB=0.000e+00  α_R(raw/appl)=9.659e-04/9.659e-04 m^-1  Edep=2.084e-10 J
[z=0.625 m] PPT_i cap-hit = 0.000% (cap=1.00e+19)
[z] 0.625/1.300 m ( 48.08%)  elapsed 3140.1s  ETA 3391.3s
[U] z=0.627 m  U= 2.157e-03 J  Δrel=-0.65%
[NL] z=0.627 m  Ipk=2.665e+16 W/m^2  Δn_e=2.082e-07  Δn_R=4.981e-07  IR=2.166e+16 W/m^2  Δn_p,min=-1.946e-14  |φ_K|=1.635e-04 rad  |φ_p|=1.529e-11 rad  α_ion(raw/appl)=1.168e-07/1.168e-07  α_IB=0.000e+00  α_R(raw/appl)=9.781e-04/9.781e-04 m^-1  Edep=2.110e-10 J
[z=0.627 m] PPT_i cap-hit = 0.000% (cap=1.00e+19)
[U] z=0.630 m  U= 2.157e-03 J  Δrel=-0.65%
[NL] z=0.630 m  Ipk=2.490e+16 W/m^2  Δn_e=1.942e-07  Δn_R=4.770e-07  IR=2.074e+16 W/m^2  Δn_p,min=-1.228e-14  |φ_K|=1.526e-04 rad  |φ_p|=9.651e-12 rad  α_ion(raw/appl)=7.353e-08/7.353e-08  α_IB=0.000e+00  α_R(raw/appl)=9.908e-04/9.908e-04 m^-1  Edep=2.137e-10 J
[z=0.630 m] PPT_i cap-hit = 0.000% (cap=1.00e+19)
[U] z=0.632 m  U= 2.157e-03 J  Δrel=-0.66%
[NL] z=0.632 m  Ipk=2.529e+16 W/m^2  Δn_e=1.972e-07  Δn_R=4.842e-07  IR=2.105e+16 W/m^2  Δn_p,min=-1.383e-14  |φ_K|=1.550e-04 rad  |φ_p|=1.086e-11 rad  α_ion(raw/appl)=8.160e-08/8.160e-08  α_IB=0.000e+00  α_R(raw/appl)=1.004e-03/1.004e-03 m^-1  Edep=2.166e-10 J
[z=0.632 m] PPT_i cap-hit = 0.000% (cap=1.00e+19)
[U] z=0.635 m  U= 2.157e-03 J  Δrel=-0.66%
[NL] z=0.635 m  Ipk=2.563e+16 W/m^2  Δn_e=1.999e-07  Δn_R=4.903e-07  IR=2.132e+16 W/m^2  Δn_p,min=-1.529e-14  |φ_K|=1.571e-04 rad  |φ_p|=1.201e-11 rad  α_ion(raw/appl)=8.919e-08/8.919e-08  α_IB=0.000e+00  α_R(raw/appl)=1.018e-03/1.018e-03 m^-1  Edep=2.196e-10 J
[z=0.635 m] PPT_i cap-hit = 0.000% (cap=1.00e+19)
[U] z=0.637 m  U= 2.157e-03 J  Δrel=-0.66%
[NL] z=0.637 m  Ipk=2.593e+16 W/m^2  Δn_e=2.022e-07  Δn_R=4.957e-07  IR=2.155e+16 W/m^2  Δn_p,min=-1.667e-14  |φ_K|=1.589e-04 rad  |φ_p|=1.309e-11 rad  α_ion(raw/appl)=9.623e-08/9.623e-08  α_IB=0.000e+00  α_R(raw/appl)=1.033e-03/1.033e-03 m^-1  Edep=2.228e-10 J
[z=0.637 m] PPT_i cap-hit = 0.000% (cap=1.00e+19)
[U] z=0.640 m  U= 2.157e-03 J  Δrel=-0.66%
[NL] z=0.640 m  Ipk=2.619e+16 W/m^2  Δn_e=2.042e-07  Δn_R=5.004e-07  IR=2.176e+16 W/m^2  Δn_p,min=-1.799e-14  |φ_K|=1.605e-04 rad  |φ_p|=1.413e-11 rad  α_ion(raw/appl)=1.029e-07/1.029e-07  α_IB=0.000e+00  α_R(raw/appl)=1.048e-03/1.048e-03 m^-1  Edep=2.262e-10 J
[z=0.640 m] PPT_i cap-hit = 0.000% (cap=1.00e+19)
[U] z=0.642 m  U= 2.157e-03 J  Δrel=-0.67%
[NL] z=0.642 m  Ipk=2.641e+16 W/m^2  Δn_e=2.059e-07  Δn_R=5.043e-07  IR=2.192e+16 W/m^2  Δn_p,min=-1.913e-14  |φ_K|=1.618e-04 rad  |φ_p|=1.503e-11 rad  α_ion(raw/appl)=1.088e-07/1.088e-07  α_IB=0.000e+00  α_R(raw/appl)=1.065e-03/1.065e-03 m^-1  Edep=2.298e-10 J
[z=0.642 m] PPT_i cap-hit = 0.000% (cap=1.00e+19)
[U] z=0.645 m  U= 2.157e-03 J  Δrel=-0.67%
[NL] z=0.645 m  Ipk=2.658e+16 W/m^2  Δn_e=2.073e-07  Δn_R=5.072e-07  IR=2.205e+16 W/m^2  Δn_p,min=-2.008e-14  |φ_K|=1.629e-04 rad  |φ_p|=1.577e-11 rad  α_ion(raw/appl)=1.136e-07/1.136e-07  α_IB=0.000e+00  α_R(raw/appl)=1.083e-03/1.083e-03 m^-1  Edep=2.336e-10 J
[z=0.645 m] PPT_i cap-hit = 0.000% (cap=1.00e+19)
[U] z=0.647 m  U= 2.157e-03 J  Δrel=-0.67%
[NL] z=0.647 m  Ipk=2.670e+16 W/m^2  Δn_e=2.082e-07  Δn_R=5.094e-07  IR=2.215e+16 W/m^2  Δn_p,min=-2.080e-14  |φ_K|=1.636e-04 rad  |φ_p|=1.634e-11 rad  α_ion(raw/appl)=1.171e-07/1.171e-07  α_IB=0.000e+00  α_R(raw/appl)=1.102e-03/1.102e-03 m^-1  Edep=2.376e-10 J
[z=0.647 m] PPT_i cap-hit = 0.000% (cap=1.00e+19)
[U] z=0.650 m  U= 2.157e-03 J  Δrel=-0.68%
[NL] z=0.650 m  Ipk=2.679e+16 W/m^2  Δn_e=2.090e-07  Δn_R=5.109e-07  IR=2.221e+16 W/m^2  Δn_p,min=-2.132e-14  |φ_K|=1.642e-04 rad  |φ_p|=1.675e-11 rad  α_ion(raw/appl)=1.198e-07/1.198e-07  α_IB=0.000e+00  α_R(raw/appl)=1.121e-03/1.121e-03 m^-1  Edep=2.419e-10 J
[z=0.650 m] PPT_i cap-hit = 0.000% (cap=1.00e+19)
[z] 0.650/1.300 m ( 50.00%)  elapsed 3265.8s  ETA 3265.8s
[U] z=0.652 m  U= 2.157e-03 J  Δrel=-0.68%
[NL] z=0.652 m  Ipk=2.683e+16 W/m^2  Δn_e=2.093e-07  Δn_R=5.114e-07  IR=2.224e+16 W/m^2  Δn_p,min=-2.156e-14  |φ_K|=1.645e-04 rad  |φ_p|=1.694e-11 rad  α_ion(raw/appl)=1.211e-07/1.211e-07  α_IB=0.000e+00  α_R(raw/appl)=1.142e-03/1.142e-03 m^-1  Edep=2.464e-10 J
[z=0.652 m] PPT_i cap-hit = 0.000% (cap=1.00e+19)
[U] z=0.655 m  U= 2.157e-03 J  Δrel=-0.68%
[NL] z=0.655 m  Ipk=2.683e+16 W/m^2  Δn_e=2.093e-07  Δn_R=5.110e-07  IR=2.222e+16 W/m^2  Δn_p,min=-2.150e-14  |φ_K|=1.645e-04 rad  |φ_p|=1.689e-11 rad  α_ion(raw/appl)=1.210e-07/1.210e-07  α_IB=0.000e+00  α_R(raw/appl)=1.164e-03/1.164e-03 m^-1  Edep=2.511e-10 J
[z=0.655 m] PPT_i cap-hit = 0.000% (cap=1.00e+19)
[U] z=0.657 m  U= 2.157e-03 J  Δrel=-0.68%
[NL] z=0.657 m  Ipk=2.678e+16 W/m^2  Δn_e=2.089e-07  Δn_R=5.100e-07  IR=2.217e+16 W/m^2  Δn_p,min=-2.121e-14  |φ_K|=1.642e-04 rad  |φ_p|=1.667e-11 rad  α_ion(raw/appl)=1.197e-07/1.197e-07  α_IB=0.000e+00  α_R(raw/appl)=1.188e-03/1.188e-03 m^-1  Edep=2.561e-10 J
[z=0.657 m] PPT_i cap-hit = 0.000% (cap=1.00e+19)
[U] z=0.660 m  U= 2.157e-03 J  Δrel=-0.69%
[NL] z=0.660 m  Ipk=2.670e+16 W/m^2  Δn_e=2.083e-07  Δn_R=5.150e-07  IR=2.239e+16 W/m^2  Δn_p,min=-2.069e-14  |φ_K|=1.637e-04 rad  |φ_p|=1.626e-11 rad  α_ion(raw/appl)=1.173e-07/1.173e-07  α_IB=0.000e+00  α_R(raw/appl)=1.212e-03/1.212e-03 m^-1  Edep=2.614e-10 J
[z=0.660 m] PPT_i cap-hit = 0.000% (cap=1.00e+19)
[U] z=0.662 m  U= 2.157e-03 J  Δrel=-0.69%
[NL] z=0.662 m  Ipk=2.798e+16 W/m^2  Δn_e=2.180e-07  Δn_R=5.428e-07  IR=2.360e+16 W/m^2  Δn_p,min=-3.093e-14  |φ_K|=1.713e-04 rad  |φ_p|=2.430e-11 rad  α_ion(raw/appl)=1.588e-07/1.588e-07  α_IB=0.000e+00  α_R(raw/appl)=1.237e-03/1.237e-03 m^-1  Edep=2.668e-10 J
[z=0.662 m] PPT_i cap-hit = 0.000% (cap=1.00e+19)
[U] z=0.665 m  U= 2.156e-03 J  Δrel=-0.69%
[NL] z=0.665 m  Ipk=2.944e+16 W/m^2  Δn_e=2.294e-07  Δn_R=5.704e-07  IR=2.480e+16 W/m^2  Δn_p,min=-4.549e-14  |φ_K|=1.802e-04 rad  |φ_p|=3.573e-11 rad  α_ion(raw/appl)=2.225e-07/2.225e-07  α_IB=0.000e+00  α_R(raw/appl)=1.264e-03/1.264e-03 m^-1  Edep=2.725e-10 J
[z=0.665 m] PPT_i cap-hit = 0.000% (cap=1.00e+19)
[U] z=0.667 m  U= 2.156e-03 J  Δrel=-0.69%
[NL] z=0.667 m  Ipk=3.088e+16 W/m^2  Δn_e=2.406e-07  Δn_R=5.976e-07  IR=2.598e+16 W/m^2  Δn_p,min=-6.535e-14  |φ_K|=1.891e-04 rad  |φ_p|=5.134e-11 rad  α_ion(raw/appl)=3.055e-07/3.055e-07  α_IB=0.000e+00  α_R(raw/appl)=1.291e-03/1.291e-03 m^-1  Edep=2.784e-10 J
[z=0.667 m] PPT_i cap-hit = 0.000% (cap=1.00e+19)
[U] z=0.670 m  U= 2.156e-03 J  Δrel=-0.70%
[NL] z=0.670 m  Ipk=3.232e+16 W/m^2  Δn_e=2.518e-07  Δn_R=6.246e-07  IR=2.716e+16 W/m^2  Δn_p,min=-9.211e-14  |φ_K|=1.979e-04 rad  |φ_p|=7.236e-11 rad  α_ion(raw/appl)=4.124e-07/4.124e-07  α_IB=0.000e+00  α_R(raw/appl)=1.319e-03/1.319e-03 m^-1  Edep=2.845e-10 J
[z=0.670 m] PPT_i cap-hit = 0.000% (cap=1.00e+19)
[U] z=0.672 m  U= 2.156e-03 J  Δrel=-0.70%
[NL] z=0.672 m  Ipk=3.374e+16 W/m^2  Δn_e=2.630e-07  Δn_R=6.515e-07  IR=2.832e+16 W/m^2  Δn_p,min=-1.277e-13  |φ_K|=2.066e-04 rad  |φ_p|=1.003e-10 rad  α_ion(raw/appl)=5.486e-07/5.486e-07  α_IB=0.000e+00  α_R(raw/appl)=1.348e-03/1.348e-03 m^-1  Edep=2.907e-10 J
[z=0.672 m] PPT_i cap-hit = 0.000% (cap=1.00e+19)
[U] z=0.675 m  U= 2.156e-03 J  Δrel=-0.70%
[NL] z=0.675 m  Ipk=3.515e+16 W/m^2  Δn_e=2.740e-07  Δn_R=6.779e-07  IR=2.948e+16 W/m^2  Δn_p,min=-1.738e-13  |φ_K|=2.153e-04 rad  |φ_p|=1.366e-10 rad  α_ion(raw/appl)=7.186e-07/7.186e-07  α_IB=0.000e+00  α_R(raw/appl)=1.378e-03/1.378e-03 m^-1  Edep=2.972e-10 J
[z=0.675 m] PPT_i cap-hit = 0.000% (cap=1.00e+19)
[z] 0.675/1.300 m ( 51.92%)  elapsed 3392.1s  ETA 3140.9s
[U] z=0.677 m  U= 2.156e-03 J  Δrel=-0.70%
[NL] z=0.677 m  Ipk=3.655e+16 W/m^2  Δn_e=2.849e-07  Δn_R=7.041e-07  IR=3.061e+16 W/m^2  Δn_p,min=-2.331e-13  |φ_K|=2.238e-04 rad  |φ_p|=1.831e-10 rad  α_ion(raw/appl)=9.285e-07/9.285e-07  α_IB=0.000e+00  α_R(raw/appl)=1.409e-03/1.409e-03 m^-1  Edep=3.038e-10 J
[z=0.677 m] PPT_i cap-hit = 0.000% (cap=1.00e+19)
[U] z=0.680 m  U= 2.156e-03 J  Δrel=-0.71%
[NL] z=0.680 m  Ipk=3.792e+16 W/m^2  Δn_e=2.956e-07  Δn_R=7.297e-07  IR=3.173e+16 W/m^2  Δn_p,min=-3.073e-13  |φ_K|=2.322e-04 rad  |φ_p|=2.414e-10 rad  α_ion(raw/appl)=1.182e-06/1.182e-06  α_IB=0.000e+00  α_R(raw/appl)=1.440e-03/1.440e-03 m^-1  Edep=3.104e-10 J
[z=0.680 m] PPT_i cap-hit = 0.000% (cap=1.00e+19)
[U] z=0.682 m  U= 2.156e-03 J  Δrel=-0.71%
[NL] z=0.682 m  Ipk=3.926e+16 W/m^2  Δn_e=3.060e-07  Δn_R=7.546e-07  IR=3.281e+16 W/m^2  Δn_p,min=-3.984e-13  |φ_K|=2.404e-04 rad  |φ_p|=3.130e-10 rad  α_ion(raw/appl)=1.484e-06/1.484e-06  α_IB=0.000e+00  α_R(raw/appl)=1.471e-03/1.471e-03 m^-1  Edep=3.172e-10 J
[z=0.682 m] PPT_i cap-hit = 0.000% (cap=1.00e+19)
[U] z=0.685 m  U= 2.156e-03 J  Δrel=-0.71%
[NL] z=0.685 m  Ipk=4.055e+16 W/m^2  Δn_e=3.161e-07  Δn_R=7.787e-07  IR=3.386e+16 W/m^2  Δn_p,min=-5.079e-13  |φ_K|=2.484e-04 rad  |φ_p|=3.990e-10 rad  α_ion(raw/appl)=1.835e-06/1.835e-06  α_IB=0.000e+00  α_R(raw/appl)=1.503e-03/1.503e-03 m^-1  Edep=3.241e-10 J
[z=0.685 m] PPT_i cap-hit = 0.000% (cap=1.00e+19)
[U] z=0.687 m  U= 2.156e-03 J  Δrel=-0.72%
[NL] z=0.687 m  Ipk=4.180e+16 W/m^2  Δn_e=3.259e-07  Δn_R=8.018e-07  IR=3.486e+16 W/m^2  Δn_p,min=-6.369e-13  |φ_K|=2.560e-04 rad  |φ_p|=5.003e-10 rad  α_ion(raw/appl)=2.236e-06/2.236e-06  α_IB=0.000e+00  α_R(raw/appl)=1.535e-03/1.535e-03 m^-1  Edep=3.311e-10 J
[z=0.687 m] PPT_i cap-hit = 0.000% (cap=1.00e+19)
[U] z=0.690 m  U= 2.156e-03 J  Δrel=-0.72%
[NL] z=0.690 m  Ipk=4.301e+16 W/m^2  Δn_e=3.353e-07  Δn_R=8.241e-07  IR=3.583e+16 W/m^2  Δn_p,min=-7.873e-13  |φ_K|=2.634e-04 rad  |φ_p|=6.185e-10 rad  α_ion(raw/appl)=2.692e-06/2.692e-06  α_IB=0.000e+00  α_R(raw/appl)=1.568e-03/1.568e-03 m^-1  Edep=3.380e-10 J
[z=0.690 m] PPT_i cap-hit = 0.000% (cap=1.00e+19)
[U] z=0.692 m  U= 2.156e-03 J  Δrel=-0.72%
[NL] z=0.692 m  Ipk=4.417e+16 W/m^2  Δn_e=3.443e-07  Δn_R=8.455e-07  IR=3.676e+16 W/m^2  Δn_p,min=-9.598e-13  |φ_K|=2.706e-04 rad  |φ_p|=7.540e-10 rad  α_ion(raw/appl)=3.202e-06/3.202e-06  α_IB=0.000e+00  α_R(raw/appl)=1.600e-03/1.600e-03 m^-1  Edep=3.451e-10 J
[z=0.692 m] PPT_i cap-hit = 0.000% (cap=1.00e+19)
[U] z=0.695 m  U= 2.156e-03 J  Δrel=-0.72%
[NL] z=0.695 m  Ipk=4.527e+16 W/m^2  Δn_e=3.530e-07  Δn_R=8.660e-07  IR=3.765e+16 W/m^2  Δn_p,min=-1.154e-12  |φ_K|=2.773e-04 rad  |φ_p|=9.066e-10 rad  α_ion(raw/appl)=3.762e-06/3.762e-06  α_IB=0.000e+00  α_R(raw/appl)=1.633e-03/1.633e-03 m^-1  Edep=3.521e-10 J
[z=0.695 m] PPT_i cap-hit = 0.000% (cap=1.00e+19)
[U] z=0.697 m  U= 2.156e-03 J  Δrel=-0.73%
[NL] z=0.697 m  Ipk=4.632e+16 W/m^2  Δn_e=3.612e-07  Δn_R=8.853e-07  IR=3.849e+16 W/m^2  Δn_p,min=-1.368e-12  |φ_K|=2.838e-04 rad  |φ_p|=1.075e-09 rad  α_ion(raw/appl)=4.367e-06/4.367e-06  α_IB=0.000e+00  α_R(raw/appl)=1.666e-03/1.666e-03 m^-1  Edep=3.592e-10 J
[z=0.697 m] PPT_i cap-hit = 0.000% (cap=1.00e+19)
[U] z=0.700 m  U= 2.156e-03 J  Δrel=-0.73%
[NL] z=0.700 m  Ipk=4.732e+16 W/m^2  Δn_e=3.689e-07  Δn_R=9.035e-07  IR=3.928e+16 W/m^2  Δn_p,min=-1.602e-12  |φ_K|=2.899e-04 rad  |φ_p|=1.258e-09 rad  α_ion(raw/appl)=5.014e-06/5.014e-06  α_IB=0.000e+00  α_R(raw/appl)=1.699e-03/1.699e-03 m^-1  Edep=3.664e-10 J
[z=0.700 m] PPT_i cap-hit = 0.000% (cap=1.00e+19)
[z] 0.700/1.300 m ( 53.85%)  elapsed 3518.3s  ETA 3015.7s
[U] z=0.702 m  U= 2.156e-03 J  Δrel=-0.73%
[NL] z=0.702 m  Ipk=4.825e+16 W/m^2  Δn_e=3.762e-07  Δn_R=9.205e-07  IR=4.002e+16 W/m^2  Δn_p,min=-1.851e-12  |φ_K|=2.956e-04 rad  |φ_p|=1.454e-09 rad  α_ion(raw/appl)=5.692e-06/5.692e-06  α_IB=0.000e+00  α_R(raw/appl)=1.733e-03/1.733e-03 m^-1  Edep=3.735e-10 J
[z=0.702 m] PPT_i cap-hit = 0.000% (cap=1.00e+19)
[U] z=0.705 m  U= 2.156e-03 J  Δrel=-0.74%
[NL] z=0.705 m  Ipk=4.912e+16 W/m^2  Δn_e=3.830e-07  Δn_R=9.363e-07  IR=4.071e+16 W/m^2  Δn_p,min=-2.111e-12  |φ_K|=3.010e-04 rad  |φ_p|=1.659e-09 rad  α_ion(raw/appl)=6.390e-06/6.390e-06  α_IB=0.000e+00  α_R(raw/appl)=1.766e-03/1.766e-03 m^-1  Edep=3.808e-10 J
[z=0.705 m] PPT_i cap-hit = 0.000% (cap=1.00e+19)
[U] z=0.707 m  U= 2.155e-03 J  Δrel=-0.74%
[NL] z=0.707 m  Ipk=4.993e+16 W/m^2  Δn_e=3.893e-07  Δn_R=9.508e-07  IR=4.134e+16 W/m^2  Δn_p,min=-2.380e-12  |φ_K|=3.059e-04 rad  |φ_p|=1.870e-09 rad  α_ion(raw/appl)=7.100e-06/7.100e-06  α_IB=0.000e+00  α_R(raw/appl)=1.800e-03/1.800e-03 m^-1  Edep=3.880e-10 J
[z=0.707 m] PPT_i cap-hit = 0.000% (cap=1.00e+19)
[U] z=0.710 m  U= 2.155e-03 J  Δrel=-0.74%
[NL] z=0.710 m  Ipk=5.067e+16 W/m^2  Δn_e=3.951e-07  Δn_R=9.642e-07  IR=4.192e+16 W/m^2  Δn_p,min=-2.654e-12  |φ_K|=3.105e-04 rad  |φ_p|=2.085e-09 rad  α_ion(raw/appl)=7.812e-06/7.812e-06  α_IB=0.000e+00  α_R(raw/appl)=1.834e-03/1.834e-03 m^-1  Edep=3.954e-10 J
[z=0.710 m] PPT_i cap-hit = 0.000% (cap=1.00e+19)
[U] z=0.712 m  U= 2.155e-03 J  Δrel=-0.75%
[NL] z=0.712 m  Ipk=5.135e+16 W/m^2  Δn_e=4.004e-07  Δn_R=9.763e-07  IR=4.245e+16 W/m^2  Δn_p,min=-2.924e-12  |φ_K|=3.146e-04 rad  |φ_p|=2.297e-09 rad  α_ion(raw/appl)=8.509e-06/8.509e-06  α_IB=0.000e+00  α_R(raw/appl)=1.869e-03/1.869e-03 m^-1  Edep=4.029e-10 J
[z=0.712 m] PPT_i cap-hit = 0.000% (cap=1.00e+19)
[U] z=0.715 m  U= 2.155e-03 J  Δrel=-0.75%
[NL] z=0.715 m  Ipk=5.195e+16 W/m^2  Δn_e=4.051e-07  Δn_R=9.870e-07  IR=4.291e+16 W/m^2  Δn_p,min=-3.184e-12  |φ_K|=3.183e-04 rad  |φ_p|=2.502e-09 rad  α_ion(raw/appl)=9.174e-06/9.174e-06  α_IB=0.000e+00  α_R(raw/appl)=1.904e-03/1.904e-03 m^-1  Edep=4.105e-10 J
[z=0.715 m] PPT_i cap-hit = 0.000% (cap=1.00e+19)
[U] z=0.717 m  U= 2.155e-03 J  Δrel=-0.75%
[NL] z=0.717 m  Ipk=5.247e+16 W/m^2  Δn_e=4.092e-07  Δn_R=9.962e-07  IR=4.331e+16 W/m^2  Δn_p,min=-3.426e-12  |φ_K|=3.216e-04 rad  |φ_p|=2.692e-09 rad  α_ion(raw/appl)=9.788e-06/9.788e-06  α_IB=0.000e+00  α_R(raw/appl)=1.941e-03/1.941e-03 m^-1  Edep=4.184e-10 J
[z=0.717 m] PPT_i cap-hit = 0.000% (cap=1.00e+19)
[U] z=0.720 m  U= 2.155e-03 J  Δrel=-0.76%
[NL] z=0.720 m  Ipk=5.292e+16 W/m^2  Δn_e=4.127e-07  Δn_R=1.004e-06  IR=4.365e+16 W/m^2  Δn_p,min=-3.647e-12  |φ_K|=3.243e-04 rad  |φ_p|=2.865e-09 rad  α_ion(raw/appl)=1.035e-05/1.035e-05  α_IB=0.000e+00  α_R(raw/appl)=1.978e-03/1.978e-03 m^-1  Edep=4.265e-10 J
[z=0.720 m] PPT_i cap-hit = 0.000% (cap=1.00e+19)
[U] z=0.722 m  U= 2.155e-03 J  Δrel=-0.76%
[NL] z=0.722 m  Ipk=5.331e+16 W/m^2  Δn_e=4.158e-07  Δn_R=1.011e-06  IR=4.394e+16 W/m^2  Δn_p,min=-3.843e-12  |φ_K|=3.267e-04 rad  |φ_p|=3.019e-09 rad  α_ion(raw/appl)=1.084e-05/1.084e-05  α_IB=0.000e+00  α_R(raw/appl)=2.017e-03/2.017e-03 m^-1  Edep=4.348e-10 J
[z=0.722 m] PPT_i cap-hit = 0.000% (cap=1.00e+19)
[U] z=0.725 m  U= 2.155e-03 J  Δrel=-0.76%
[NL] z=0.725 m  Ipk=5.362e+16 W/m^2  Δn_e=4.182e-07  Δn_R=1.016e-06  IR=4.417e+16 W/m^2  Δn_p,min=-4.008e-12  |φ_K|=3.286e-04 rad  |φ_p|=3.148e-09 rad  α_ion(raw/appl)=1.126e-05/1.126e-05  α_IB=0.000e+00  α_R(raw/appl)=2.058e-03/2.058e-03 m^-1  Edep=4.436e-10 J
[z=0.725 m] PPT_i cap-hit = 0.000% (cap=1.00e+19)
[z] 0.725/1.300 m ( 55.77%)  elapsed 3641.8s  ETA 2888.4s
[U] z=0.727 m  U= 2.155e-03 J  Δrel=-0.77%
[NL] z=0.727 m  Ipk=5.386e+16 W/m^2  Δn_e=4.201e-07  Δn_R=1.020e-06  IR=4.436e+16 W/m^2  Δn_p,min=-4.141e-12  |φ_K|=3.301e-04 rad  |φ_p|=3.253e-09 rad  α_ion(raw/appl)=1.159e-05/1.159e-05  α_IB=0.000e+00  α_R(raw/appl)=2.100e-03/2.100e-03 m^-1  Edep=4.528e-10 J
[z=0.727 m] PPT_i cap-hit = 0.000% (cap=1.00e+19)
[U] z=0.730 m  U= 2.155e-03 J  Δrel=-0.77%
[NL] z=0.730 m  Ipk=5.466e+16 W/m^2  Δn_e=4.255e-07  Δn_R=1.083e-06  IR=4.711e+16 W/m^2  Δn_p,min=-5.134e-12  |φ_K|=3.343e-04 rad  |φ_p|=4.033e-09 rad  α_ion(raw/appl)=1.259e-05/1.259e-05  α_IB=0.000e+00  α_R(raw/appl)=2.145e-03/2.145e-03 m^-1  Edep=4.625e-10 J
[z=0.730 m] PPT_i cap-hit = 0.000% (cap=1.00e+19)
[U] z=0.732 m  U= 2.155e-03 J  Δrel=-0.77%
[NL] z=0.732 m  Ipk=6.011e+16 W/m^2  Δn_e=4.680e-07  Δn_R=1.188e-06  IR=5.165e+16 W/m^2  Δn_p,min=-1.032e-11  |φ_K|=3.676e-04 rad  |φ_p|=8.107e-09 rad  α_ion(raw/appl)=2.315e-05/2.315e-05  α_IB=0.000e+00  α_R(raw/appl)=2.193e-03/2.193e-03 m^-1  Edep=4.728e-10 J
[z=0.732 m] PPT_i cap-hit = 0.000% (cap=1.00e+19)
[U] z=0.735 m  U= 2.155e-03 J  Δrel=-0.78%
[NL] z=0.735 m  Ipk=6.588e+16 W/m^2  Δn_e=5.129e-07  Δn_R=1.298e-06  IR=5.645e+16 W/m^2  Δn_p,min=-2.016e-11  |φ_K|=4.029e-04 rad  |φ_p|=1.583e-08 rad  α_ion(raw/appl)=4.149e-05/4.149e-05  α_IB=0.000e+00  α_R(raw/appl)=2.244e-03/2.244e-03 m^-1  Edep=4.839e-10 J
[z=0.735 m] PPT_i cap-hit = 0.000% (cap=1.00e+19)
[U] z=0.737 m  U= 2.155e-03 J  Δrel=-0.78%
[NL] z=0.737 m  Ipk=7.196e+16 W/m^2  Δn_e=5.603e-07  Δn_R=1.414e-06  IR=6.149e+16 W/m^2  Δn_p,min=-3.829e-11  |φ_K|=4.402e-04 rad  |φ_p|=3.008e-08 rad  α_ion(raw/appl)=7.253e-05/7.253e-05  α_IB=0.000e+00  α_R(raw/appl)=2.299e-03/2.299e-03 m^-1  Edep=4.957e-10 J
[z=0.737 m] PPT_i cap-hit = 0.000% (cap=1.00e+19)
[U] z=0.740 m  U= 2.155e-03 J  Δrel=-0.78%
[NL] z=0.740 m  Ipk=7.835e+16 W/m^2  Δn_e=6.101e-07  Δn_R=1.536e-06  IR=6.677e+16 W/m^2  Δn_p,min=-7.082e-11  |φ_K|=4.793e-04 rad  |φ_p|=5.564e-08 rad  α_ion(raw/appl)=1.238e-04/1.238e-04  α_IB=0.000e+00  α_R(raw/appl)=2.358e-03/2.358e-03 m^-1  Edep=5.085e-10 J
[z=0.740 m] PPT_i cap-hit = 0.000% (cap=1.00e+19)
[U] z=0.742 m  U= 2.154e-03 J  Δrel=-0.78%
[NL] z=0.742 m  Ipk=8.506e+16 W/m^2  Δn_e=6.624e-07  Δn_R=1.663e-06  IR=7.230e+16 W/m^2  Δn_p,min=-1.277e-10  |φ_K|=5.204e-04 rad  |φ_p|=1.004e-07 rad  α_ion(raw/appl)=2.067e-04/2.067e-04  α_IB=0.000e+00  α_R(raw/appl)=2.422e-03/2.422e-03 m^-1  Edep=5.224e-10 J
[z=0.742 m] PPT_i cap-hit = 0.000% (cap=1.00e+19)
[U] z=0.745 m  U= 2.154e-03 J  Δrel=-0.79%
[NL] z=0.745 m  Ipk=9.212e+16 W/m^2  Δn_e=7.174e-07  Δn_R=1.796e-06  IR=7.807e+16 W/m^2  Δn_p,min=-2.253e-10  |φ_K|=5.636e-04 rad  |φ_p|=1.770e-07 rad  α_ion(raw/appl)=3.383e-04/3.383e-04  α_IB=0.000e+00  α_R(raw/appl)=2.491e-03/2.491e-03 m^-1  Edep=5.375e-10 J
[z=0.745 m] PPT_i cap-hit = 0.000% (cap=1.00e+19)
[U] z=0.747 m  U= 2.154e-03 J  Δrel=-0.79%
[NL] z=0.747 m  Ipk=9.951e+16 W/m^2  Δn_e=7.750e-07  Δn_R=1.934e-06  IR=8.409e+16 W/m^2  Δn_p,min=-3.891e-10  |φ_K|=6.089e-04 rad  |φ_p|=3.056e-07 rad  α_ion(raw/appl)=5.435e-04/5.435e-04  α_IB=0.000e+00  α_R(raw/appl)=2.566e-03/2.566e-03 m^-1  Edep=5.541e-10 J
[z=0.747 m] PPT_i cap-hit = 0.000% (cap=1.00e+19)
[U] z=0.750 m  U= 2.154e-03 J  Δrel=-0.79%
[NL] z=0.750 m  Ipk=1.073e+17 W/m^2  Δn_e=8.354e-07  Δn_R=2.078e-06  IR=9.037e+16 W/m^2  Δn_p,min=-6.583e-10  |φ_K|=6.563e-04 rad  |φ_p|=5.171e-07 rad  α_ion(raw/appl)=8.576e-04/8.576e-04  α_IB=0.000e+00  α_R(raw/appl)=2.647e-03/2.647e-03 m^-1  Edep=5.724e-10 J
[z=0.750 m] PPT_i cap-hit = 0.000% (cap=1.00e+19)
[z] 0.750/1.300 m ( 57.69%)  elapsed 3765.1s  ETA 2761.1s
[U] z=0.752 m  U= 2.154e-03 J  Δrel=-0.80%
[NL] z=0.752 m  Ipk=1.154e+17 W/m^2  Δn_e=8.985e-07  Δn_R=2.229e-06  IR=9.690e+16 W/m^2  Δn_p,min=-1.093e-09  |φ_K|=7.059e-04 rad  |φ_p|=8.584e-07 rad  α_ion(raw/appl)=1.330e-03/1.330e-03  α_IB=0.000e+00  α_R(raw/appl)=2.735e-03/2.735e-03 m^-1  Edep=5.926e-10 J
[z=0.752 m] PPT_i cap-hit = 0.000% (cap=1.00e+19)
[U] z=0.755 m  U= 2.154e-03 J  Δrel=-0.80%
[NL] z=0.755 m  Ipk=1.238e+17 W/m^2  Δn_e=9.645e-07  Δn_R=2.385e-06  IR=1.037e+17 W/m^2  Δn_p,min=-1.782e-09  |φ_K|=7.578e-04 rad  |φ_p|=1.400e-06 rad  α_ion(raw/appl)=2.031e-03/2.031e-03  α_IB=0.000e+00  α_R(raw/appl)=2.831e-03/2.831e-03 m^-1  Edep=6.152e-10 J
[z=0.755 m] PPT_i cap-hit = 0.000% (cap=1.00e+19)
[U] z=0.757 m  U= 2.154e-03 J  Δrel=-0.80%
[NL] z=0.757 m  Ipk=1.327e+17 W/m^2  Δn_e=1.034e-06  Δn_R=2.548e-06  IR=1.108e+17 W/m^2  Δn_p,min=-2.862e-09  |φ_K|=8.123e-04 rad  |φ_p|=2.248e-06 rad  α_ion(raw/appl)=3.059e-03/3.059e-03  α_IB=0.000e+00  α_R(raw/appl)=2.935e-03/2.935e-03 m^-1  Edep=6.407e-10 J
[z=0.757 m] PPT_i cap-hit = 0.000% (cap=1.00e+19)
[U] z=0.760 m  U= 2.154e-03 J  Δrel=-0.81%
[NL] z=0.760 m  Ipk=1.421e+17 W/m^2  Δn_e=1.107e-06  Δn_R=2.718e-06  IR=1.182e+17 W/m^2  Δn_p,min=-4.532e-09  |φ_K|=8.694e-04 rad  |φ_p|=3.561e-06 rad  α_ion(raw/appl)=4.549e-03/4.549e-03  α_IB=0.000e+00  α_R(raw/appl)=3.049e-03/3.049e-03 m^-1  Edep=6.697e-10 J
[z=0.760 m] PPT_i cap-hit = 0.000% (cap=1.00e+19)
[U] z=0.762 m  U= 2.154e-03 J  Δrel=-0.81%
[NL] z=0.762 m  Ipk=1.519e+17 W/m^2  Δn_e=1.183e-06  Δn_R=2.895e-06  IR=1.259e+17 W/m^2  Δn_p,min=-7.085e-09  |φ_K|=9.294e-04 rad  |φ_p|=5.566e-06 rad  α_ion(raw/appl)=6.680e-03/6.680e-03  α_IB=0.000e+00  α_R(raw/appl)=3.172e-03/3.172e-03 m^-1  Edep=7.031e-10 J
[z=0.762 m] PPT_i cap-hit = 0.000% (cap=1.00e+19)
[U] z=0.765 m  U= 2.154e-03 J  Δrel=-0.81%
[NL] z=0.765 m  Ipk=1.621e+17 W/m^2  Δn_e=1.263e-06  Δn_R=3.080e-06  IR=1.339e+17 W/m^2  Δn_p,min=-1.093e-08  |φ_K|=9.924e-04 rad  |φ_p|=8.583e-06 rad  α_ion(raw/appl)=9.686e-03/9.686e-03  α_IB=0.000e+00  α_R(raw/appl)=3.306e-03/3.306e-03 m^-1  Edep=7.421e-10 J
[z=0.765 m] PPT_i cap-hit = 0.000% (cap=1.00e+19)
[U] z=0.767 m  U= 2.154e-03 J  Δrel=-0.82%
[NL] z=0.767 m  Ipk=1.729e+17 W/m^2  Δn_e=1.347e-06  Δn_R=3.273e-06  IR=1.423e+17 W/m^2  Δn_p,min=-1.661e-08  |φ_K|=1.058e-03 rad  |φ_p|=1.305e-05 rad  α_ion(raw/appl)=1.385e-02/1.385e-02  α_IB=0.000e+00  α_R(raw/appl)=3.451e-03/3.451e-03 m^-1  Edep=7.883e-10 J
[z=0.767 m] PPT_i cap-hit = 0.000% (cap=1.00e+19)
[U] z=0.770 m  U= 2.154e-03 J  Δrel=-0.82%
[NL] z=0.770 m  Ipk=1.842e+17 W/m^2  Δn_e=1.435e-06  Δn_R=3.473e-06  IR=1.510e+17 W/m^2  Δn_p,min=-2.489e-08  |φ_K|=1.127e-03 rad  |φ_p|=1.955e-05 rad  α_ion(raw/appl)=1.953e-02/1.953e-02  α_IB=0.000e+00  α_R(raw/appl)=3.609e-03/3.609e-03 m^-1  Edep=8.436e-10 J
[z=0.770 m] PPT_i cap-hit = 0.000% (cap=1.00e+19)
[U] z=0.772 m  U= 2.154e-03 J  Δrel=-0.83%
[NL] z=0.772 m  Ipk=1.960e+17 W/m^2  Δn_e=1.527e-06  Δn_R=3.681e-06  IR=1.601e+17 W/m^2  Δn_p,min=-3.674e-08  |φ_K|=1.200e-03 rad  |φ_p|=2.886e-05 rad  α_ion(raw/appl)=2.709e-02/2.709e-02  α_IB=0.000e+00  α_R(raw/appl)=3.779e-03/3.779e-03 m^-1  Edep=9.108e-10 J
[z=0.772 m] PPT_i cap-hit = 0.000% (cap=1.00e+19)
[U] z=0.775 m  U= 2.154e-03 J  Δrel=-0.83%
[NL] z=0.775 m  Ipk=2.083e+17 W/m^2  Δn_e=1.623e-06  Δn_R=3.897e-06  IR=1.694e+17 W/m^2  Δn_p,min=-5.326e-08  |φ_K|=1.275e-03 rad  |φ_p|=4.184e-05 rad  α_ion(raw/appl)=3.680e-02/3.680e-02  α_IB=0.000e+00  α_R(raw/appl)=3.963e-03/3.963e-03 m^-1  Edep=9.932e-10 J
[z=0.775 m] PPT_i cap-hit = 0.000% (cap=1.00e+19)
[z] 0.775/1.300 m ( 59.62%)  elapsed 3888.7s  ETA 2634.3s
[U] z=0.777 m  U= 2.153e-03 J  Δrel=-0.83%
[NL] z=0.777 m  Ipk=2.212e+17 W/m^2  Δn_e=1.723e-06  Δn_R=4.121e-06  IR=1.792e+17 W/m^2  Δn_p,min=-7.544e-08  |φ_K|=1.354e-03 rad  |φ_p|=5.927e-05 rad  α_ion(raw/appl)=4.843e-02/4.843e-02  α_IB=0.000e+00  α_R(raw/appl)=4.161e-03/4.161e-03 m^-1  Edep=1.095e-09 J
[z=0.777 m] PPT_i cap-hit = 0.000% (cap=1.00e+19)
[U] z=0.780 m  U= 2.153e-03 J  Δrel=-0.84%
[NL] z=0.780 m  Ipk=2.347e+17 W/m^2  Δn_e=1.828e-06  Δn_R=4.353e-06  IR=1.893e+17 W/m^2  Δn_p,min=-1.022e-07  |φ_K|=1.437e-03 rad  |φ_p|=8.029e-05 rad  α_ion(raw/appl)=5.767e-02/5.767e-02  α_IB=0.000e+00  α_R(raw/appl)=4.375e-03/4.375e-03 m^-1  Edep=1.219e-09 J
[z=0.780 m] PPT_i cap-hit = 0.000% (cap=1.00e+19)
[U] z=0.782 m  U= 2.153e-03 J  Δrel=-0.84%
[NL] z=0.782 m  Ipk=2.488e+17 W/m^2  Δn_e=1.938e-06  Δn_R=4.594e-06  IR=1.997e+17 W/m^2  Δn_p,min=-1.291e-07  |φ_K|=1.523e-03 rad  |φ_p|=1.014e-04 rad  α_ion(raw/appl)=6.639e-02/6.639e-02  α_IB=0.000e+00  α_R(raw/appl)=4.605e-03/4.605e-03 m^-1  Edep=1.365e-09 J
[z=0.782 m] PPT_i cap-hit = 0.000% (cap=1.00e+19)
[U] z=0.785 m  U= 2.153e-03 J  Δrel=-0.85%
[NL] z=0.785 m  Ipk=2.635e+17 W/m^2  Δn_e=2.053e-06  Δn_R=4.844e-06  IR=2.106e+17 W/m^2  Δn_p,min=-1.680e-07  |φ_K|=1.614e-03 rad  |φ_p|=1.320e-04 rad  α_ion(raw/appl)=8.493e-02/8.493e-02  α_IB=0.000e+00  α_R(raw/appl)=4.852e-03/4.852e-03 m^-1  Edep=1.537e-09 J
[z=0.785 m] PPT_i cap-hit = 0.000% (cap=1.00e+19)
[U] z=0.787 m  U= 2.153e-03 J  Δrel=-0.85%
[NL] z=0.787 m  Ipk=2.790e+17 W/m^2  Δn_e=2.174e-06  Δn_R=5.103e-06  IR=2.219e+17 W/m^2  Δn_p,min=-2.237e-07  |φ_K|=1.708e-03 rad  |φ_p|=1.758e-04 rad  α_ion(raw/appl)=1.120e-01/1.120e-01  α_IB=0.000e+00  α_R(raw/appl)=5.116e-03/5.116e-03 m^-1  Edep=1.745e-09 J
[z=0.787 m] PPT_i cap-hit = 0.000% (cap=1.00e+19)
[U] z=0.790 m  U= 2.153e-03 J  Δrel=-0.86%
[NL] z=0.790 m  Ipk=2.951e+17 W/m^2  Δn_e=2.299e-06  Δn_R=5.371e-06  IR=2.335e+17 W/m^2  Δn_p,min=-3.036e-07  |φ_K|=1.807e-03 rad  |φ_p|=2.385e-04 rad  α_ion(raw/appl)=1.496e-01/1.496e-01  α_IB=0.000e+00  α_R(raw/appl)=5.399e-03/5.399e-03 m^-1  Edep=1.998e-09 J
[z=0.790 m] PPT_i cap-hit = 0.000% (cap=1.00e+19)
[U] z=0.792 m  U= 2.153e-03 J  Δrel=-0.86%
[NL] z=0.792 m  Ipk=3.118e+17 W/m^2  Δn_e=2.429e-06  Δn_R=5.647e-06  IR=2.455e+17 W/m^2  Δn_p,min=-4.152e-07  |φ_K|=1.909e-03 rad  |φ_p|=3.262e-04 rad  α_ion(raw/appl)=1.998e-01/1.998e-01  α_IB=0.000e+00  α_R(raw/appl)=5.701e-03/5.701e-03 m^-1  Edep=2.319e-09 J
[z=0.792 m] PPT_i cap-hit = 0.000% (cap=1.00e+19)
[U] z=0.795 m  U= 2.153e-03 J  Δrel=-0.87%
[NL] z=0.795 m  Ipk=3.290e+17 W/m^2  Δn_e=2.563e-06  Δn_R=5.931e-06  IR=2.579e+17 W/m^2  Δn_p,min=-5.689e-07  |φ_K|=2.015e-03 rad  |φ_p|=4.469e-04 rad  α_ion(raw/appl)=2.657e-01/2.657e-01  α_IB=0.000e+00  α_R(raw/appl)=6.023e-03/6.023e-03 m^-1  Edep=2.727e-09 J
[z=0.795 m] PPT_i cap-hit = 0.000% (cap=1.00e+19)
[U] z=0.797 m  U= 2.153e-03 J  Δrel=-0.87%
[NL] z=0.797 m  Ipk=3.466e+17 W/m^2  Δn_e=2.700e-06  Δn_R=6.218e-06  IR=2.703e+17 W/m^2  Δn_p,min=-7.762e-07  |φ_K|=2.123e-03 rad  |φ_p|=6.098e-04 rad  α_ion(raw/appl)=3.500e-01/3.500e-01  α_IB=0.000e+00  α_R(raw/appl)=6.364e-03/6.364e-03 m^-1  Edep=3.242e-09 J
[z=0.797 m] PPT_i cap-hit = 0.000% (cap=1.00e+19)
[U] z=0.800 m  U= 2.152e-03 J  Δrel=-0.88%
[NL] z=0.800 m  Ipk=3.643e+17 W/m^2  Δn_e=2.839e-06  Δn_R=6.506e-06  IR=2.829e+17 W/m^2  Δn_p,min=-1.050e-06  |φ_K|=2.232e-03 rad  |φ_p|=8.245e-04 rad  α_ion(raw/appl)=4.547e-01/4.547e-01  α_IB=0.000e+00  α_R(raw/appl)=6.725e-03/6.725e-03 m^-1  Edep=3.894e-09 J
[z=0.800 m] PPT_i cap-hit = 0.000% (cap=1.00e+19)
[z] 0.800/1.300 m ( 61.54%)  elapsed 4012.4s  ETA 2507.8s
[U] z=0.802 m  U= 2.152e-03 J  Δrel=-0.89%
[NL] z=0.802 m  Ipk=3.818e+17 W/m^2  Δn_e=2.975e-06  Δn_R=6.790e-06  IR=2.952e+17 W/m^2  Δn_p,min=-1.398e-06  |φ_K|=2.339e-03 rad  |φ_p|=1.098e-03 rad  α_ion(raw/appl)=5.814e-01/5.814e-01  α_IB=0.000e+00  α_R(raw/appl)=7.105e-03/7.105e-03 m^-1  Edep=4.721e-09 J
[z=0.802 m] PPT_i cap-hit = 0.000% (cap=1.00e+19)
[U] z=0.805 m  U= 2.152e-03 J  Δrel=-0.90%
[NL] z=0.805 m  Ipk=4.001e+17 W/m^2  Δn_e=3.118e-06  Δn_R=7.065e-06  IR=3.072e+17 W/m^2  Δn_p,min=-1.827e-06  |φ_K|=2.449e-03 rad  |φ_p|=1.435e-03 rad  α_ion(raw/appl)=7.376e-01/7.376e-01  α_IB=0.000e+00  α_R(raw/appl)=7.504e-03/7.504e-03 m^-1  Edep=5.751e-09 J
[z=0.805 m] PPT_i cap-hit = 0.000% (cap=1.00e+19)
[U] z=0.807 m  U= 2.152e-03 J  Δrel=-0.90%
[NL] z=0.807 m  Ipk=4.177e+17 W/m^2  Δn_e=3.256e-06  Δn_R=7.324e-06  IR=3.184e+17 W/m^2  Δn_p,min=-2.333e-06  |φ_K|=2.558e-03 rad  |φ_p|=1.833e-03 rad  α_ion(raw/appl)=9.156e-01/9.156e-01  α_IB=0.000e+00  α_R(raw/appl)=7.926e-03/7.926e-03 m^-1  Edep=7.011e-09 J
[z=0.807 m] PPT_i cap-hit = 0.000% (cap=1.00e+19)
[U] z=0.810 m  U= 2.152e-03 J  Δrel=-0.92%
[NL] z=0.810 m  Ipk=4.348e+17 W/m^2  Δn_e=3.389e-06  Δn_R=7.564e-06  IR=3.289e+17 W/m^2  Δn_p,min=-2.903e-06  |φ_K|=2.662e-03 rad  |φ_p|=2.280e-03 rad  α_ion(raw/appl)=1.110e+00/1.110e+00  α_IB=0.000e+00  α_R(raw/appl)=8.371e-03/8.371e-03 m^-1  Edep=8.524e-09 J
[z=0.810 m] PPT_i cap-hit = 0.000% (cap=1.00e+19)
[U] z=0.812 m  U= 2.151e-03 J  Δrel=-0.93%
[NL] z=0.812 m  Ipk=4.513e+17 W/m^2  Δn_e=3.518e-06  Δn_R=7.778e-06  IR=3.382e+17 W/m^2  Δn_p,min=-3.510e-06  |φ_K|=2.762e-03 rad  |φ_p|=2.758e-03 rad  α_ion(raw/appl)=1.320e+00/1.320e+00  α_IB=0.000e+00  α_R(raw/appl)=8.838e-03/8.838e-03 m^-1  Edep=1.029e-08 J
[z=0.812 m] PPT_i cap-hit = 0.000% (cap=1.00e+19)
[U] z=0.815 m  U= 2.151e-03 J  Δrel=-0.95%
[NL] z=0.815 m  Ipk=4.669e+17 W/m^2  Δn_e=3.640e-06  Δn_R=7.960e-06  IR=3.461e+17 W/m^2  Δn_p,min=-4.123e-06  |φ_K|=2.859e-03 rad  |φ_p|=3.239e-03 rad  α_ion(raw/appl)=1.528e+00/1.528e+00  α_IB=0.000e+00  α_R(raw/appl)=9.332e-03/9.332e-03 m^-1  Edep=1.228e-08 J
[z=0.815 m] PPT_i cap-hit = 0.000% (cap=1.00e+19)
[U] z=0.817 m  U= 2.151e-03 J  Δrel=-0.96%
[NL] z=0.817 m  Ipk=4.804e+17 W/m^2  Δn_e=3.746e-06  Δn_R=8.112e-06  IR=3.527e+17 W/m^2  Δn_p,min=-4.702e-06  |φ_K|=2.943e-03 rad  |φ_p|=3.694e-03 rad  α_ion(raw/appl)=1.705e+00/1.705e+00  α_IB=0.000e+00  α_R(raw/appl)=9.859e-03/9.859e-03 m^-1  Edep=1.446e-08 J
[z=0.817 m] PPT_i cap-hit = 0.000% (cap=1.00e+19)
[U] z=0.820 m  U= 2.150e-03 J  Δrel=-0.98%
[NL] z=0.820 m  Ipk=4.915e+17 W/m^2  Δn_e=3.833e-06  Δn_R=8.231e-06  IR=3.579e+17 W/m^2  Δn_p,min=-5.203e-06  |φ_K|=3.014e-03 rad  |φ_p|=4.088e-03 rad  α_ion(raw/appl)=1.815e+00/1.815e+00  α_IB=0.000e+00  α_R(raw/appl)=1.042e-02/1.042e-02 m^-1  Edep=1.676e-08 J
[z=0.820 m] PPT_i cap-hit = 0.000% (cap=1.00e+19)
[U] z=0.822 m  U= 2.150e-03 J  Δrel=-1.01%
[NL] z=0.822 m  Ipk=5.021e+17 W/m^2  Δn_e=3.915e-06  Δn_R=8.325e-06  IR=3.620e+17 W/m^2  Δn_p,min=-5.579e-06  |φ_K|=3.077e-03 rad  |φ_p|=4.383e-03 rad  α_ion(raw/appl)=1.873e+00/1.873e+00  α_IB=0.000e+00  α_R(raw/appl)=1.102e-02/1.102e-02 m^-1  Edep=1.912e-08 J
[z=0.822 m] PPT_i cap-hit = 0.000% (cap=1.00e+19)
[U] z=0.825 m  U= 2.149e-03 J  Δrel=-1.03%
[NL] z=0.825 m  Ipk=5.117e+17 W/m^2  Δn_e=3.990e-06  Δn_R=8.389e-06  IR=3.648e+17 W/m^2  Δn_p,min=-5.911e-06  |φ_K|=3.133e-03 rad  |φ_p|=4.644e-03 rad  α_ion(raw/appl)=1.979e+00/1.979e+00  α_IB=0.000e+00  α_R(raw/appl)=1.164e-02/1.164e-02 m^-1  Edep=2.146e-08 J
[z=0.825 m] PPT_i cap-hit = 0.000% (cap=1.00e+19)
[z] 0.825/1.300 m ( 63.46%)  elapsed 4135.7s  ETA 2381.2s
[U] z=0.827 m  U= 2.148e-03 J  Δrel=-1.06%
[NL] z=0.827 m  Ipk=5.215e+17 W/m^2  Δn_e=4.067e-06  Δn_R=8.433e-06  IR=3.667e+17 W/m^2  Δn_p,min=-6.205e-06  |φ_K|=3.195e-03 rad  |φ_p|=4.874e-03 rad  α_ion(raw/appl)=2.112e+00/2.112e+00  α_IB=0.000e+00  α_R(raw/appl)=1.230e-02/1.230e-02 m^-1  Edep=2.374e-08 J
[z=0.827 m] PPT_i cap-hit = 0.000% (cap=1.00e+19)
[U] z=0.830 m  U= 2.148e-03 J  Δrel=-1.09%
[NL] z=0.830 m  Ipk=5.296e+17 W/m^2  Δn_e=4.130e-06  Δn_R=8.454e-06  IR=3.676e+17 W/m^2  Δn_p,min=-6.462e-06  |φ_K|=3.243e-03 rad  |φ_p|=5.077e-03 rad  α_ion(raw/appl)=2.238e+00/2.238e+00  α_IB=0.000e+00  α_R(raw/appl)=1.298e-02/1.298e-02 m^-1  Edep=2.591e-08 J
[z=0.830 m] PPT_i cap-hit = 0.000% (cap=1.00e+19)
[U] z=0.832 m  U= 2.147e-03 J  Δrel=-1.13%
[NL] z=0.832 m  Ipk=5.368e+17 W/m^2  Δn_e=4.187e-06  Δn_R=8.456e-06  IR=3.676e+17 W/m^2  Δn_p,min=-6.691e-06  |φ_K|=3.290e-03 rad  |φ_p|=5.256e-03 rad  α_ion(raw/appl)=2.363e+00/2.363e+00  α_IB=0.000e+00  α_R(raw/appl)=1.367e-02/1.367e-02 m^-1  Edep=2.799e-08 J
[z=0.832 m] PPT_i cap-hit = 0.000% (cap=1.00e+19)
[U] z=0.835 m  U= 2.146e-03 J  Δrel=-1.16%
[NL] z=0.835 m  Ipk=5.431e+17 W/m^2  Δn_e=4.236e-06  Δn_R=8.443e-06  IR=3.671e+17 W/m^2  Δn_p,min=-6.861e-06  |φ_K|=3.329e-03 rad  |φ_p|=5.390e-03 rad  α_ion(raw/appl)=2.477e+00/2.477e+00  α_IB=0.000e+00  α_R(raw/appl)=1.435e-02/1.435e-02 m^-1  Edep=2.990e-08 J
[z=0.835 m] PPT_i cap-hit = 0.000% (cap=1.00e+19)
[U] z=0.837 m  U= 2.145e-03 J  Δrel=-1.20%
[NL] z=0.837 m  Ipk=5.504e+17 W/m^2  Δn_e=4.292e-06  Δn_R=8.412e-06  IR=3.657e+17 W/m^2  Δn_p,min=-6.999e-06  |φ_K|=3.372e-03 rad  |φ_p|=5.498e-03 rad  α_ion(raw/appl)=2.627e+00/2.627e+00  α_IB=0.000e+00  α_R(raw/appl)=1.500e-02/1.500e-02 m^-1  Edep=3.164e-08 J
[z=0.837 m] PPT_i cap-hit = 0.000% (cap=1.00e+19)
[U] z=0.840 m  U= 2.145e-03 J  Δrel=-1.24%
[NL] z=0.840 m  Ipk=5.558e+17 W/m^2  Δn_e=4.334e-06  Δn_R=8.368e-06  IR=3.638e+17 W/m^2  Δn_p,min=-7.080e-06  |φ_K|=3.407e-03 rad  |φ_p|=5.562e-03 rad  α_ion(raw/appl)=2.727e+00/2.727e+00  α_IB=0.000e+00  α_R(raw/appl)=1.562e-02/1.562e-02 m^-1  Edep=3.314e-08 J
[z=0.840 m] PPT_i cap-hit = 0.000% (cap=1.00e+19)
[U] z=0.842 m  U= 2.144e-03 J  Δrel=-1.28%
[NL] z=0.842 m  Ipk=5.617e+17 W/m^2  Δn_e=4.381e-06  Δn_R=8.316e-06  IR=3.615e+17 W/m^2  Δn_p,min=-7.134e-06  |φ_K|=3.441e-03 rad  |φ_p|=5.605e-03 rad  α_ion(raw/appl)=2.863e+00/2.863e+00  α_IB=0.000e+00  α_R(raw/appl)=1.618e-02/1.618e-02 m^-1  Edep=3.441e-08 J
[z=0.842 m] PPT_i cap-hit = 0.000% (cap=1.00e+19)
[U] z=0.845 m  U= 2.143e-03 J  Δrel=-1.33%
[NL] z=0.845 m  Ipk=5.652e+17 W/m^2  Δn_e=4.409e-06  Δn_R=8.255e-06  IR=3.589e+17 W/m^2  Δn_p,min=-7.158e-06  |φ_K|=3.466e-03 rad  |φ_p|=5.623e-03 rad  α_ion(raw/appl)=2.947e+00/2.947e+00  α_IB=0.000e+00  α_R(raw/appl)=1.668e-02/1.668e-02 m^-1  Edep=3.545e-08 J
[z=0.845 m] PPT_i cap-hit = 0.000% (cap=1.00e+19)
[U] z=0.847 m  U= 2.142e-03 J  Δrel=-1.37%
[NL] z=0.847 m  Ipk=5.679e+17 W/m^2  Δn_e=4.430e-06  Δn_R=8.193e-06  IR=3.562e+17 W/m^2  Δn_p,min=-7.167e-06  |φ_K|=3.478e-03 rad  |φ_p|=5.630e-03 rad  α_ion(raw/appl)=3.012e+00/3.012e+00  α_IB=0.000e+00  α_R(raw/appl)=1.710e-02/1.710e-02 m^-1  Edep=3.626e-08 J
[z=0.847 m] PPT_i cap-hit = 0.000% (cap=1.00e+19)
[U] z=0.850 m  U= 2.141e-03 J  Δrel=-1.42%
[NL] z=0.850 m  Ipk=5.702e+17 W/m^2  Δn_e=4.448e-06  Δn_R=8.124e-06  IR=3.532e+17 W/m^2  Δn_p,min=-7.144e-06  |φ_K|=3.496e-03 rad  |φ_p|=5.612e-03 rad  α_ion(raw/appl)=3.068e+00/3.068e+00  α_IB=0.000e+00  α_R(raw/appl)=1.744e-02/1.744e-02 m^-1  Edep=3.680e-08 J
[z=0.850 m] PPT_i cap-hit = 0.000% (cap=1.00e+19)
[z] 0.850/1.300 m ( 65.38%)  elapsed 4258.7s  ETA 2254.6s
[U] z=0.851 m  U= 2.140e-03 J  Δrel=-1.44%
[NL] z=0.851 m  Ipk=5.706e+17 W/m^2  Δn_e=4.451e-06  Δn_R=8.091e-06  IR=3.518e+17 W/m^2  Δn_p,min=-7.135e-06  |φ_K|=1.750e-03 rad  |φ_p|=2.802e-03 rad  α_ion(raw/appl)=3.078e+00/3.078e+00  α_IB=0.000e+00  α_R(raw/appl)=1.758e-02/1.758e-02 m^-1  Edep=1.850e-08 J
[z=0.851 m] PPT_i cap-hit = 0.000% (cap=1.00e+19)
[U] z=0.852 m  U= 2.140e-03 J  Δrel=-1.46%
[NL] z=0.852 m  Ipk=5.716e+17 W/m^2  Δn_e=4.458e-06  Δn_R=8.058e-06  IR=3.504e+17 W/m^2  Δn_p,min=-7.114e-06  |φ_K|=1.751e-03 rad  |φ_p|=2.794e-03 rad  α_ion(raw/appl)=3.101e+00/3.101e+00  α_IB=0.000e+00  α_R(raw/appl)=1.771e-02/1.771e-02 m^-1  Edep=1.858e-08 J
[z=0.852 m] PPT_i cap-hit = 0.000% (cap=1.00e+19)
[U] z=0.854 m  U= 2.139e-03 J  Δrel=-1.49%
[NL] z=0.854 m  Ipk=5.727e+17 W/m^2  Δn_e=4.467e-06  Δn_R=8.026e-06  IR=3.489e+17 W/m^2  Δn_p,min=-7.095e-06  |φ_K|=1.755e-03 rad  |φ_p|=2.787e-03 rad  α_ion(raw/appl)=3.128e+00/3.128e+00  α_IB=0.000e+00  α_R(raw/appl)=1.782e-02/1.782e-02 m^-1  Edep=1.863e-08 J
[z=0.854 m] PPT_i cap-hit = 0.000% (cap=1.00e+19)
[U] z=0.855 m  U= 2.139e-03 J  Δrel=-1.51%
[NL] z=0.855 m  Ipk=5.732e+17 W/m^2  Δn_e=4.472e-06  Δn_R=7.991e-06  IR=3.474e+17 W/m^2  Δn_p,min=-7.070e-06  |φ_K|=1.757e-03 rad  |φ_p|=2.777e-03 rad  α_ion(raw/appl)=3.141e+00/3.141e+00  α_IB=0.000e+00  α_R(raw/appl)=1.790e-02/1.790e-02 m^-1  Edep=1.865e-08 J
[z=0.855 m] PPT_i cap-hit = 0.000% (cap=1.00e+19)
[U] z=0.856 m  U= 2.138e-03 J  Δrel=-1.54%
[NL] z=0.856 m  Ipk=5.741e+17 W/m^2  Δn_e=4.478e-06  Δn_R=7.959e-06  IR=3.460e+17 W/m^2  Δn_p,min=-7.046e-06  |φ_K|=1.759e-03 rad  |φ_p|=2.768e-03 rad  α_ion(raw/appl)=3.162e+00/3.162e+00  α_IB=0.000e+00  α_R(raw/appl)=1.797e-02/1.797e-02 m^-1  Edep=1.865e-08 J
[z=0.856 m] PPT_i cap-hit = 0.000% (cap=1.00e+19)
[U] z=0.857 m  U= 2.138e-03 J  Δrel=-1.56%
[NL] z=0.857 m  Ipk=5.756e+17 W/m^2  Δn_e=4.490e-06  Δn_R=7.928e-06  IR=3.447e+17 W/m^2  Δn_p,min=-7.023e-06  |φ_K|=1.763e-03 rad  |φ_p|=2.759e-03 rad  α_ion(raw/appl)=3.198e+00/3.198e+00  α_IB=0.000e+00  α_R(raw/appl)=1.802e-02/1.802e-02 m^-1  Edep=1.863e-08 J
[z=0.857 m] PPT_i cap-hit = 0.000% (cap=1.00e+19)
[U] z=0.859 m  U= 2.137e-03 J  Δrel=-1.58%
[NL] z=0.859 m  Ipk=5.766e+17 W/m^2  Δn_e=4.498e-06  Δn_R=7.897e-06  IR=3.434e+17 W/m^2  Δn_p,min=-6.989e-06  |φ_K|=1.767e-03 rad  |φ_p|=2.745e-03 rad  α_ion(raw/appl)=3.221e+00/3.221e+00  α_IB=0.000e+00  α_R(raw/appl)=1.806e-02/1.806e-02 m^-1  Edep=1.860e-08 J
[z=0.859 m] PPT_i cap-hit = 0.000% (cap=1.00e+19)
[U] z=0.860 m  U= 2.137e-03 J  Δrel=-1.61%
[NL] z=0.860 m  Ipk=5.771e+17 W/m^2  Δn_e=4.502e-06  Δn_R=7.866e-06  IR=3.420e+17 W/m^2  Δn_p,min=-6.963e-06  |φ_K|=1.769e-03 rad  |φ_p|=2.735e-03 rad  α_ion(raw/appl)=3.232e+00/3.232e+00  α_IB=0.000e+00  α_R(raw/appl)=1.809e-02/1.809e-02 m^-1  Edep=1.854e-08 J
[z=0.860 m] PPT_i cap-hit = 0.000% (cap=1.00e+19)
[U] z=0.861 m  U= 2.136e-03 J  Δrel=-1.63%
[NL] z=0.861 m  Ipk=5.770e+17 W/m^2  Δn_e=4.501e-06  Δn_R=7.833e-06  IR=3.406e+17 W/m^2  Δn_p,min=-6.928e-06  |φ_K|=1.770e-03 rad  |φ_p|=2.721e-03 rad  α_ion(raw/appl)=3.231e+00/3.231e+00  α_IB=0.000e+00  α_R(raw/appl)=1.809e-02/1.809e-02 m^-1  Edep=1.847e-08 J
[z=0.861 m] PPT_i cap-hit = 0.000% (cap=1.00e+19)
[U] z=0.862 m  U= 2.136e-03 J  Δrel=-1.66%
[NL] z=0.862 m  Ipk=5.775e+17 W/m^2  Δn_e=4.505e-06  Δn_R=7.803e-06  IR=3.393e+17 W/m^2  Δn_p,min=-6.884e-06  |φ_K|=1.770e-03 rad  |φ_p|=2.704e-03 rad  α_ion(raw/appl)=3.242e+00/3.242e+00  α_IB=0.000e+00  α_R(raw/appl)=1.809e-02/1.809e-02 m^-1  Edep=1.837e-08 J
[z=0.862 m] PPT_i cap-hit = 0.000% (cap=1.00e+19)
[z] 0.862/1.300 m ( 66.35%)  elapsed 4381.7s  ETA 2222.6s
[U] z=0.864 m  U= 2.135e-03 J  Δrel=-1.68%
[NL] z=0.864 m  Ipk=5.786e+17 W/m^2  Δn_e=4.513e-06  Δn_R=7.775e-06  IR=3.380e+17 W/m^2  Δn_p,min=-6.845e-06  |φ_K|=1.771e-03 rad  |φ_p|=2.689e-03 rad  α_ion(raw/appl)=3.266e+00/3.266e+00  α_IB=0.000e+00  α_R(raw/appl)=1.807e-02/1.807e-02 m^-1  Edep=1.826e-08 J
[z=0.864 m] PPT_i cap-hit = 0.000% (cap=1.00e+19)
[U] z=0.865 m  U= 2.135e-03 J  Δrel=-1.70%
[NL] z=0.865 m  Ipk=5.791e+17 W/m^2  Δn_e=4.518e-06  Δn_R=7.746e-06  IR=3.368e+17 W/m^2  Δn_p,min=-6.801e-06  |φ_K|=1.774e-03 rad  |φ_p|=2.672e-03 rad  α_ion(raw/appl)=3.280e+00/3.280e+00  α_IB=0.000e+00  α_R(raw/appl)=1.803e-02/1.803e-02 m^-1  Edep=1.814e-08 J
[z=0.865 m] PPT_i cap-hit = 0.000% (cap=1.00e+19)
[U] z=0.866 m  U= 2.134e-03 J  Δrel=-1.73%
[NL] z=0.866 m  Ipk=5.793e+17 W/m^2  Δn_e=4.519e-06  Δn_R=7.718e-06  IR=3.355e+17 W/m^2  Δn_p,min=-6.769e-06  |φ_K|=1.775e-03 rad  |φ_p|=2.659e-03 rad  α_ion(raw/appl)=3.284e+00/3.284e+00  α_IB=0.000e+00  α_R(raw/appl)=1.799e-02/1.799e-02 m^-1  Edep=1.801e-08 J
[z=0.866 m] PPT_i cap-hit = 0.000% (cap=1.00e+19)
[U] z=0.867 m  U= 2.134e-03 J  Δrel=-1.75%
[NL] z=0.867 m  Ipk=5.791e+17 W/m^2  Δn_e=4.517e-06  Δn_R=7.689e-06  IR=3.343e+17 W/m^2  Δn_p,min=-6.725e-06  |φ_K|=1.776e-03 rad  |φ_p|=2.642e-03 rad  α_ion(raw/appl)=3.278e+00/3.278e+00  α_IB=0.000e+00  α_R(raw/appl)=1.793e-02/1.793e-02 m^-1  Edep=1.786e-08 J
[z=0.867 m] PPT_i cap-hit = 0.000% (cap=1.00e+19)
[U] z=0.869 m  U= 2.133e-03 J  Δrel=-1.77%
[NL] z=0.869 m  Ipk=5.784e+17 W/m^2  Δn_e=4.512e-06  Δn_R=7.661e-06  IR=3.331e+17 W/m^2  Δn_p,min=-6.684e-06  |φ_K|=1.775e-03 rad  |φ_p|=2.625e-03 rad  α_ion(raw/appl)=3.263e+00/3.263e+00  α_IB=0.000e+00  α_R(raw/appl)=1.787e-02/1.787e-02 m^-1  Edep=1.770e-08 J
[z=0.869 m] PPT_i cap-hit = 0.000% (cap=1.00e+19)
[U] z=0.870 m  U= 2.132e-03 J  Δrel=-1.80%
[NL] z=0.870 m  Ipk=5.780e+17 W/m^2  Δn_e=4.508e-06  Δn_R=7.634e-06  IR=3.319e+17 W/m^2  Δn_p,min=-6.633e-06  |φ_K|=1.773e-03 rad  |φ_p|=2.605e-03 rad  α_ion(raw/appl)=3.253e+00/3.253e+00  α_IB=0.000e+00  α_R(raw/appl)=1.778e-02/1.778e-02 m^-1  Edep=1.753e-08 J
[z=0.870 m] PPT_i cap-hit = 0.000% (cap=1.00e+19)
[U] z=0.871 m  U= 2.132e-03 J  Δrel=-1.82%
[NL] z=0.871 m  Ipk=5.785e+17 W/m^2  Δn_e=4.513e-06  Δn_R=7.611e-06  IR=3.309e+17 W/m^2  Δn_p,min=-6.586e-06  |φ_K|=1.771e-03 rad  |φ_p|=2.587e-03 rad  α_ion(raw/appl)=3.266e+00/3.266e+00  α_IB=0.000e+00  α_R(raw/appl)=1.770e-02/1.770e-02 m^-1  Edep=1.735e-08 J
[z=0.871 m] PPT_i cap-hit = 0.000% (cap=1.00e+19)
[U] z=0.872 m  U= 2.132e-03 J  Δrel=-1.84%
[NL] z=0.872 m  Ipk=5.786e+17 W/m^2  Δn_e=4.514e-06  Δn_R=7.586e-06  IR=3.298e+17 W/m^2  Δn_p,min=-6.541e-06  |φ_K|=1.773e-03 rad  |φ_p|=2.569e-03 rad  α_ion(raw/appl)=3.268e+00/3.268e+00  α_IB=0.000e+00  α_R(raw/appl)=1.760e-02/1.760e-02 m^-1  Edep=1.717e-08 J
[z=0.872 m] PPT_i cap-hit = 0.000% (cap=1.00e+19)
[U] z=0.874 m  U= 2.131e-03 J  Δrel=-1.86%
[NL] z=0.874 m  Ipk=5.785e+17 W/m^2  Δn_e=4.513e-06  Δn_R=7.564e-06  IR=3.289e+17 W/m^2  Δn_p,min=-6.499e-06  |φ_K|=1.773e-03 rad  |φ_p|=2.553e-03 rad  α_ion(raw/appl)=3.265e+00/3.265e+00  α_IB=0.000e+00  α_R(raw/appl)=1.750e-02/1.750e-02 m^-1  Edep=1.698e-08 J
[z=0.874 m] PPT_i cap-hit = 0.000% (cap=1.00e+19)
[U] z=0.875 m  U= 2.131e-03 J  Δrel=-1.89%
[NL] z=0.875 m  Ipk=5.779e+17 W/m^2  Δn_e=4.508e-06  Δn_R=7.539e-06  IR=3.278e+17 W/m^2  Δn_p,min=-6.446e-06  |φ_K|=1.772e-03 rad  |φ_p|=2.532e-03 rad  α_ion(raw/appl)=3.251e+00/3.251e+00  α_IB=0.000e+00  α_R(raw/appl)=1.739e-02/1.739e-02 m^-1  Edep=1.679e-08 J
[z=0.875 m] PPT_i cap-hit = 0.000% (cap=1.00e+19)
[z] 0.875/1.300 m ( 67.31%)  elapsed 4504.8s  ETA 2188.1s
[U] z=0.876 m  U= 2.130e-03 J  Δrel=-1.91%
[NL] z=0.876 m  Ipk=5.771e+17 W/m^2  Δn_e=4.502e-06  Δn_R=7.517e-06  IR=3.268e+17 W/m^2  Δn_p,min=-6.399e-06  |φ_K|=1.770e-03 rad  |φ_p|=2.514e-03 rad  α_ion(raw/appl)=3.233e+00/3.233e+00  α_IB=0.000e+00  α_R(raw/appl)=1.726e-02/1.726e-02 m^-1  Edep=1.658e-08 J
[z=0.876 m] PPT_i cap-hit = 0.000% (cap=1.00e+19)
[U] z=0.877 m  U= 2.130e-03 J  Δrel=-1.93%
[NL] z=0.877 m  Ipk=5.771e+17 W/m^2  Δn_e=4.501e-06  Δn_R=7.494e-06  IR=3.258e+17 W/m^2  Δn_p,min=-6.347e-06  |φ_K|=1.768e-03 rad  |φ_p|=2.493e-03 rad  α_ion(raw/appl)=3.233e+00/3.233e+00  α_IB=0.000e+00  α_R(raw/appl)=1.714e-02/1.714e-02 m^-1  Edep=1.637e-08 J
[z=0.877 m] PPT_i cap-hit = 0.000% (cap=1.00e+19)
[U] z=0.879 m  U= 2.129e-03 J  Δrel=-1.95%
[NL] z=0.879 m  Ipk=5.773e+17 W/m^2  Δn_e=4.503e-06  Δn_R=7.473e-06  IR=3.249e+17 W/m^2  Δn_p,min=-6.302e-06  |φ_K|=1.768e-03 rad  |φ_p|=2.475e-03 rad  α_ion(raw/appl)=3.238e+00/3.238e+00  α_IB=0.000e+00  α_R(raw/appl)=1.701e-02/1.701e-02 m^-1  Edep=1.616e-08 J
[z=0.879 m] PPT_i cap-hit = 0.000% (cap=1.00e+19)
[U] z=0.880 m  U= 2.129e-03 J  Δrel=-1.97%
[NL] z=0.880 m  Ipk=5.773e+17 W/m^2  Δn_e=4.503e-06  Δn_R=7.454e-06  IR=3.241e+17 W/m^2  Δn_p,min=-6.253e-06  |φ_K|=1.769e-03 rad  |φ_p|=2.456e-03 rad  α_ion(raw/appl)=3.239e+00/3.239e+00  α_IB=0.000e+00  α_R(raw/appl)=1.688e-02/1.688e-02 m^-1  Edep=1.595e-08 J
[z=0.880 m] PPT_i cap-hit = 0.000% (cap=1.00e+19)
[U] z=0.881 m  U= 2.128e-03 J  Δrel=-1.99%
[NL] z=0.881 m  Ipk=5.770e+17 W/m^2  Δn_e=4.501e-06  Δn_R=7.434e-06  IR=3.232e+17 W/m^2  Δn_p,min=-6.201e-06  |φ_K|=1.769e-03 rad  |φ_p|=2.436e-03 rad  α_ion(raw/appl)=3.232e+00/3.232e+00  α_IB=0.000e+00  α_R(raw/appl)=1.673e-02/1.673e-02 m^-1  Edep=1.573e-08 J
[z=0.881 m] PPT_i cap-hit = 0.000% (cap=1.00e+19)
[U] z=0.882 m  U= 2.128e-03 J  Δrel=-2.01%
[NL] z=0.882 m  Ipk=5.766e+17 W/m^2  Δn_e=4.498e-06  Δn_R=7.417e-06  IR=3.225e+17 W/m^2  Δn_p,min=-6.153e-06  |φ_K|=1.768e-03 rad  |φ_p|=2.417e-03 rad  α_ion(raw/appl)=3.222e+00/3.222e+00  α_IB=0.000e+00  α_R(raw/appl)=1.659e-02/1.659e-02 m^-1  Edep=1.551e-08 J
[z=0.882 m] PPT_i cap-hit = 0.000% (cap=1.00e+19)
[U] z=0.884 m  U= 2.127e-03 J  Δrel=-2.04%
[NL] z=0.884 m  Ipk=5.758e+17 W/m^2  Δn_e=4.492e-06  Δn_R=7.400e-06  IR=3.217e+17 W/m^2  Δn_p,min=-6.094e-06  |φ_K|=1.767e-03 rad  |φ_p|=2.394e-03 rad  α_ion(raw/appl)=3.206e+00/3.206e+00  α_IB=0.000e+00  α_R(raw/appl)=1.643e-02/1.643e-02 m^-1  Edep=1.529e-08 J
[z=0.884 m] PPT_i cap-hit = 0.000% (cap=1.00e+19)
[U] z=0.885 m  U= 2.127e-03 J  Δrel=-2.06%
[NL] z=0.885 m  Ipk=5.765e+17 W/m^2  Δn_e=4.497e-06  Δn_R=7.385e-06  IR=3.211e+17 W/m^2  Δn_p,min=-6.049e-06  |φ_K|=1.765e-03 rad  |φ_p|=2.376e-03 rad  α_ion(raw/appl)=3.221e+00/3.221e+00  α_IB=0.000e+00  α_R(raw/appl)=1.628e-02/1.628e-02 m^-1  Edep=1.507e-08 J
[z=0.885 m] PPT_i cap-hit = 0.000% (cap=1.00e+19)
[U] z=0.886 m  U= 2.126e-03 J  Δrel=-2.08%
[NL] z=0.886 m  Ipk=5.767e+17 W/m^2  Δn_e=4.499e-06  Δn_R=7.368e-06  IR=3.204e+17 W/m^2  Δn_p,min=-5.996e-06  |φ_K|=1.765e-03 rad  |φ_p|=2.355e-03 rad  α_ion(raw/appl)=3.225e+00/3.225e+00  α_IB=0.000e+00  α_R(raw/appl)=1.613e-02/1.613e-02 m^-1  Edep=1.485e-08 J
[z=0.886 m] PPT_i cap-hit = 0.000% (cap=1.00e+19)
[U] z=0.887 m  U= 2.126e-03 J  Δrel=-2.09%
[NL] z=0.887 m  Ipk=5.768e+17 W/m^2  Δn_e=4.500e-06  Δn_R=7.355e-06  IR=3.198e+17 W/m^2  Δn_p,min=-5.949e-06  |φ_K|=1.766e-03 rad  |φ_p|=2.337e-03 rad  α_ion(raw/appl)=3.228e+00/3.228e+00  α_IB=0.000e+00  α_R(raw/appl)=1.598e-02/1.598e-02 m^-1  Edep=1.462e-08 J
[z=0.887 m] PPT_i cap-hit = 0.000% (cap=1.00e+19)
[z] 0.887/1.300 m ( 68.27%)  elapsed 4627.9s  ETA 2151.0s
[U] z=0.889 m  U= 2.126e-03 J  Δrel=-2.11%
[NL] z=0.889 m  Ipk=5.766e+17 W/m^2  Δn_e=4.498e-06  Δn_R=7.340e-06  IR=3.191e+17 W/m^2  Δn_p,min=-5.892e-06  |φ_K|=1.766e-03 rad  |φ_p|=2.314e-03 rad  α_ion(raw/appl)=3.222e+00/3.222e+00  α_IB=0.000e+00  α_R(raw/appl)=1.582e-02/1.582e-02 m^-1  Edep=1.440e-08 J
[z=0.889 m] PPT_i cap-hit = 0.000% (cap=1.00e+19)
[U] z=0.890 m  U= 2.125e-03 J  Δrel=-2.13%
[NL] z=0.890 m  Ipk=5.762e+17 W/m^2  Δn_e=4.494e-06  Δn_R=7.327e-06  IR=3.186e+17 W/m^2  Δn_p,min=-5.841e-06  |φ_K|=1.766e-03 rad  |φ_p|=2.294e-03 rad  α_ion(raw/appl)=3.213e+00/3.213e+00  α_IB=0.000e+00  α_R(raw/appl)=1.566e-02/1.566e-02 m^-1  Edep=1.417e-08 J
[z=0.890 m] PPT_i cap-hit = 0.000% (cap=1.00e+19)
[U] z=0.891 m  U= 2.125e-03 J  Δrel=-2.15%
[NL] z=0.891 m  Ipk=5.755e+17 W/m^2  Δn_e=4.490e-06  Δn_R=7.315e-06  IR=3.180e+17 W/m^2  Δn_p,min=-5.789e-06  |φ_K|=1.765e-03 rad  |φ_p|=2.274e-03 rad  α_ion(raw/appl)=3.198e+00/3.198e+00  α_IB=0.000e+00  α_R(raw/appl)=1.549e-02/1.549e-02 m^-1  Edep=1.395e-08 J
[z=0.891 m] PPT_i cap-hit = 0.000% (cap=1.00e+19)
[U] z=0.892 m  U= 2.124e-03 J  Δrel=-2.17%
[NL] z=0.892 m  Ipk=5.747e+17 W/m^2  Δn_e=4.483e-06  Δn_R=7.303e-06  IR=3.175e+17 W/m^2  Δn_p,min=-5.732e-06  |φ_K|=1.763e-03 rad  |φ_p|=2.251e-03 rad  α_ion(raw/appl)=3.177e+00/3.177e+00  α_IB=0.000e+00  α_R(raw/appl)=1.533e-02/1.533e-02 m^-1  Edep=1.372e-08 J
[z=0.892 m] PPT_i cap-hit = 0.000% (cap=1.00e+19)
[U] z=0.894 m  U= 2.124e-03 J  Δrel=-2.19%
[NL] z=0.894 m  Ipk=5.738e+17 W/m^2  Δn_e=4.476e-06  Δn_R=7.295e-06  IR=3.172e+17 W/m^2  Δn_p,min=-5.687e-06  |φ_K|=1.761e-03 rad  |φ_p|=2.234e-03 rad  α_ion(raw/appl)=3.156e+00/3.156e+00  α_IB=0.000e+00  α_R(raw/appl)=1.517e-02/1.517e-02 m^-1  Edep=1.350e-08 J
[z=0.894 m] PPT_i cap-hit = 0.000% (cap=1.00e+19)
[U] z=0.895 m  U= 2.124e-03 J  Δrel=-2.21%
[NL] z=0.895 m  Ipk=5.727e+17 W/m^2  Δn_e=4.467e-06  Δn_R=7.283e-06  IR=3.167e+17 W/m^2  Δn_p,min=-5.629e-06  |φ_K|=1.758e-03 rad  |φ_p|=2.211e-03 rad  α_ion(raw/appl)=3.131e+00/3.131e+00  α_IB=0.000e+00  α_R(raw/appl)=1.500e-02/1.500e-02 m^-1  Edep=1.328e-08 J
[z=0.895 m] PPT_i cap-hit = 0.000% (cap=1.00e+19)
[U] z=0.896 m  U= 2.123e-03 J  Δrel=-2.22%
[NL] z=0.896 m  Ipk=5.729e+17 W/m^2  Δn_e=4.469e-06  Δn_R=7.276e-06  IR=3.164e+17 W/m^2  Δn_p,min=-5.581e-06  |φ_K|=1.755e-03 rad  |φ_p|=2.192e-03 rad  α_ion(raw/appl)=3.135e+00/3.135e+00  α_IB=0.000e+00  α_R(raw/appl)=1.484e-02/1.484e-02 m^-1  Edep=1.306e-08 J
[z=0.896 m] PPT_i cap-hit = 0.000% (cap=1.00e+19)
[U] z=0.897 m  U= 2.123e-03 J  Δrel=-2.24%
[NL] z=0.897 m  Ipk=5.726e+17 W/m^2  Δn_e=4.467e-06  Δn_R=7.265e-06  IR=3.159e+17 W/m^2  Δn_p,min=-5.516e-06  |φ_K|=1.752e-03 rad  |φ_p|=2.167e-03 rad  α_ion(raw/appl)=3.128e+00/3.128e+00  α_IB=0.000e+00  α_R(raw/appl)=1.467e-02/1.467e-02 m^-1  Edep=1.284e-08 J
[z=0.897 m] PPT_i cap-hit = 0.000% (cap=1.00e+19)
[U] z=0.899 m  U= 2.122e-03 J  Δrel=-2.26%
[NL] z=0.899 m  Ipk=5.724e+17 W/m^2  Δn_e=4.465e-06  Δn_R=7.260e-06  IR=3.156e+17 W/m^2  Δn_p,min=-5.467e-06  |φ_K|=1.752e-03 rad  |φ_p|=2.147e-03 rad  α_ion(raw/appl)=3.123e+00/3.123e+00  α_IB=0.000e+00  α_R(raw/appl)=1.451e-02/1.451e-02 m^-1  Edep=1.262e-08 J
[z=0.899 m] PPT_i cap-hit = 0.000% (cap=1.00e+19)
[U] z=0.900 m  U= 2.122e-03 J  Δrel=-2.28%
[NL] z=0.900 m  Ipk=5.717e+17 W/m^2  Δn_e=4.460e-06  Δn_R=7.251e-06  IR=3.153e+17 W/m^2  Δn_p,min=-5.401e-06  |φ_K|=1.750e-03 rad  |φ_p|=2.121e-03 rad  α_ion(raw/appl)=3.106e+00/3.106e+00  α_IB=0.000e+00  α_R(raw/appl)=1.434e-02/1.434e-02 m^-1  Edep=1.241e-08 J
[z=0.900 m] PPT_i cap-hit = 0.000% (cap=1.00e+19)
[z] 0.900/1.300 m ( 69.23%)  elapsed 4751.6s  ETA 2111.8s
[U] z=0.901 m  U= 2.122e-03 J  Δrel=-2.29%
[NL] z=0.901 m  Ipk=5.711e+17 W/m^2  Δn_e=4.455e-06  Δn_R=7.246e-06  IR=3.150e+17 W/m^2  Δn_p,min=-5.349e-06  |φ_K|=1.749e-03 rad  |φ_p|=2.101e-03 rad  α_ion(raw/appl)=3.092e+00/3.092e+00  α_IB=0.000e+00  α_R(raw/appl)=1.417e-02/1.417e-02 m^-1  Edep=1.220e-08 J
[z=0.901 m] PPT_i cap-hit = 0.000% (cap=1.00e+19)
[U] z=0.902 m  U= 2.121e-03 J  Δrel=-2.31%
[NL] z=0.902 m  Ipk=5.701e+17 W/m^2  Δn_e=4.447e-06  Δn_R=7.238e-06  IR=3.147e+17 W/m^2  Δn_p,min=-5.291e-06  |φ_K|=1.747e-03 rad  |φ_p|=2.078e-03 rad  α_ion(raw/appl)=3.067e+00/3.067e+00  α_IB=0.000e+00  α_R(raw/appl)=1.401e-02/1.401e-02 m^-1  Edep=1.198e-08 J
[z=0.902 m] PPT_i cap-hit = 0.000% (cap=1.00e+19)
[U] z=0.904 m  U= 2.121e-03 J  Δrel=-2.33%
[NL] z=0.904 m  Ipk=5.691e+17 W/m^2  Δn_e=4.439e-06  Δn_R=7.234e-06  IR=3.145e+17 W/m^2  Δn_p,min=-5.239e-06  |φ_K|=1.744e-03 rad  |φ_p|=2.058e-03 rad  α_ion(raw/appl)=3.042e+00/3.042e+00  α_IB=0.000e+00  α_R(raw/appl)=1.385e-02/1.385e-02 m^-1  Edep=1.177e-08 J
[z=0.904 m] PPT_i cap-hit = 0.000% (cap=1.00e+19)
[U] z=0.905 m  U= 2.121e-03 J  Δrel=-2.34%
[NL] z=0.905 m  Ipk=5.678e+17 W/m^2  Δn_e=4.429e-06  Δn_R=7.228e-06  IR=3.142e+17 W/m^2  Δn_p,min=-5.178e-06  |φ_K|=1.741e-03 rad  |φ_p|=2.034e-03 rad  α_ion(raw/appl)=3.011e+00/3.011e+00  α_IB=0.000e+00  α_R(raw/appl)=1.369e-02/1.369e-02 m^-1  Edep=1.157e-08 J
[z=0.905 m] PPT_i cap-hit = 0.000% (cap=1.00e+19)
[U] z=0.906 m  U= 2.120e-03 J  Δrel=-2.36%
[NL] z=0.906 m  Ipk=5.664e+17 W/m^2  Δn_e=4.419e-06  Δn_R=7.224e-06  IR=3.141e+17 W/m^2  Δn_p,min=-5.124e-06  |φ_K|=1.737e-03 rad  |φ_p|=2.013e-03 rad  α_ion(raw/appl)=2.978e+00/2.978e+00  α_IB=0.000e+00  α_R(raw/appl)=1.352e-02/1.352e-02 m^-1  Edep=1.136e-08 J
[z=0.906 m] PPT_i cap-hit = 0.000% (cap=1.00e+19)
[U] z=0.907 m  U= 2.120e-03 J  Δrel=-2.37%
[NL] z=0.907 m  Ipk=5.649e+17 W/m^2  Δn_e=4.406e-06  Δn_R=7.220e-06  IR=3.139e+17 W/m^2  Δn_p,min=-5.064e-06  |φ_K|=1.733e-03 rad  |φ_p|=1.989e-03 rad  α_ion(raw/appl)=2.940e+00/2.940e+00  α_IB=0.000e+00  α_R(raw/appl)=1.336e-02/1.336e-02 m^-1  Edep=1.116e-08 J
[z=0.907 m] PPT_i cap-hit = 0.000% (cap=1.00e+19)
[U] z=0.909 m  U= 2.120e-03 J  Δrel=-2.39%
[NL] z=0.909 m  Ipk=5.632e+17 W/m^2  Δn_e=4.394e-06  Δn_R=7.218e-06  IR=3.138e+17 W/m^2  Δn_p,min=-5.006e-06  |φ_K|=1.729e-03 rad  |φ_p|=1.966e-03 rad  α_ion(raw/appl)=2.902e+00/2.902e+00  α_IB=0.000e+00  α_R(raw/appl)=1.320e-02/1.320e-02 m^-1  Edep=1.096e-08 J
[z=0.909 m] PPT_i cap-hit = 0.000% (cap=1.00e+19)
[U] z=0.910 m  U= 2.119e-03 J  Δrel=-2.40%
[NL] z=0.910 m  Ipk=5.614e+17 W/m^2  Δn_e=4.379e-06  Δn_R=7.215e-06  IR=3.137e+17 W/m^2  Δn_p,min=-4.942e-06  |φ_K|=1.724e-03 rad  |φ_p|=1.941e-03 rad  α_ion(raw/appl)=2.858e+00/2.858e+00  α_IB=0.000e+00  α_R(raw/appl)=1.304e-02/1.304e-02 m^-1  Edep=1.076e-08 J
[z=0.910 m] PPT_i cap-hit = 0.000% (cap=1.00e+19)
[U] z=0.911 m  U= 2.119e-03 J  Δrel=-2.42%
[NL] z=0.911 m  Ipk=5.599e+17 W/m^2  Δn_e=4.368e-06  Δn_R=7.214e-06  IR=3.136e+17 W/m^2  Δn_p,min=-4.886e-06  |φ_K|=1.718e-03 rad  |φ_p|=1.919e-03 rad  α_ion(raw/appl)=2.824e+00/2.824e+00  α_IB=0.000e+00  α_R(raw/appl)=1.288e-02/1.288e-02 m^-1  Edep=1.056e-08 J
[z=0.911 m] PPT_i cap-hit = 0.000% (cap=1.00e+19)
[U] z=0.912 m  U= 2.119e-03 J  Δrel=-2.43%
[NL] z=0.912 m  Ipk=5.590e+17 W/m^2  Δn_e=4.361e-06  Δn_R=7.212e-06  IR=3.136e+17 W/m^2  Δn_p,min=-4.828e-06  |φ_K|=1.713e-03 rad  |φ_p|=1.897e-03 rad  α_ion(raw/appl)=2.802e+00/2.802e+00  α_IB=0.000e+00  α_R(raw/appl)=1.272e-02/1.272e-02 m^-1  Edep=1.037e-08 J
[z=0.912 m] PPT_i cap-hit = 0.000% (cap=1.00e+19)
[z] 0.912/1.300 m ( 70.19%)  elapsed 4875.2s  ETA 2070.3s
[U] z=0.914 m  U= 2.118e-03 J  Δrel=-2.45%
[NL] z=0.914 m  Ipk=5.580e+17 W/m^2  Δn_e=4.353e-06  Δn_R=7.211e-06  IR=3.135e+17 W/m^2  Δn_p,min=-4.773e-06  |φ_K|=1.707e-03 rad  |φ_p|=1.875e-03 rad  α_ion(raw/appl)=2.778e+00/2.778e+00  α_IB=0.000e+00  α_R(raw/appl)=1.257e-02/1.257e-02 m^-1  Edep=1.018e-08 J
[z=0.914 m] PPT_i cap-hit = 0.000% (cap=1.00e+19)
[U] z=0.915 m  U= 2.118e-03 J  Δrel=-2.46%
[NL] z=0.915 m  Ipk=5.569e+17 W/m^2  Δn_e=4.344e-06  Δn_R=7.211e-06  IR=3.135e+17 W/m^2  Δn_p,min=-4.718e-06  |φ_K|=1.704e-03 rad  |φ_p|=1.853e-03 rad  α_ion(raw/appl)=2.751e+00/2.751e+00  α_IB=0.000e+00  α_R(raw/appl)=1.242e-02/1.242e-02 m^-1  Edep=9.997e-09 J
[z=0.915 m] PPT_i cap-hit = 0.000% (cap=1.00e+19)
[U] z=0.916 m  U= 2.118e-03 J  Δrel=-2.48%
[NL] z=0.916 m  Ipk=5.556e+17 W/m^2  Δn_e=4.334e-06  Δn_R=7.212e-06  IR=3.136e+17 W/m^2  Δn_p,min=-4.662e-06  |φ_K|=1.701e-03 rad  |φ_p|=1.831e-03 rad  α_ion(raw/appl)=2.728e+00/2.728e+00  α_IB=0.000e+00  α_R(raw/appl)=1.227e-02/1.227e-02 m^-1  Edep=9.813e-09 J
[z=0.916 m] PPT_i cap-hit = 0.000% (cap=1.00e+19)
[U] z=0.917 m  U= 2.117e-03 J  Δrel=-2.49%
[NL] z=0.917 m  Ipk=5.543e+17 W/m^2  Δn_e=4.324e-06  Δn_R=7.213e-06  IR=3.136e+17 W/m^2  Δn_p,min=-4.607e-06  |φ_K|=1.697e-03 rad  |φ_p|=1.809e-03 rad  α_ion(raw/appl)=2.705e+00/2.705e+00  α_IB=0.000e+00  α_R(raw/appl)=1.211e-02/1.211e-02 m^-1  Edep=9.632e-09 J
[z=0.917 m] PPT_i cap-hit = 0.000% (cap=1.00e+19)
[U] z=0.919 m  U= 2.117e-03 J  Δrel=-2.50%
[NL] z=0.919 m  Ipk=5.528e+17 W/m^2  Δn_e=4.312e-06  Δn_R=7.216e-06  IR=3.137e+17 W/m^2  Δn_p,min=-4.550e-06  |φ_K|=1.693e-03 rad  |φ_p|=1.787e-03 rad  α_ion(raw/appl)=2.679e+00/2.679e+00  α_IB=0.000e+00  α_R(raw/appl)=1.196e-02/1.196e-02 m^-1  Edep=9.456e-09 J
[z=0.919 m] PPT_i cap-hit = 0.000% (cap=1.00e+19)
[U] z=0.920 m  U= 2.117e-03 J  Δrel=-2.52%
[NL] z=0.920 m  Ipk=5.513e+17 W/m^2  Δn_e=4.301e-06  Δn_R=7.218e-06  IR=3.138e+17 W/m^2  Δn_p,min=-4.494e-06  |φ_K|=1.689e-03 rad  |φ_p|=1.765e-03 rad  α_ion(raw/appl)=2.651e+00/2.651e+00  α_IB=0.000e+00  α_R(raw/appl)=1.182e-02/1.182e-02 m^-1  Edep=9.282e-09 J
[z=0.920 m] PPT_i cap-hit = 0.000% (cap=1.00e+19)
[U] z=0.921 m  U= 2.117e-03 J  Δrel=-2.53%
[NL] z=0.921 m  Ipk=5.496e+17 W/m^2  Δn_e=4.288e-06  Δn_R=7.221e-06  IR=3.140e+17 W/m^2  Δn_p,min=-4.442e-06  |φ_K|=1.684e-03 rad  |φ_p|=1.745e-03 rad  α_ion(raw/appl)=2.616e+00/2.616e+00  α_IB=0.000e+00  α_R(raw/appl)=1.167e-02/1.167e-02 m^-1  Edep=9.112e-09 J
[z=0.921 m] PPT_i cap-hit = 0.000% (cap=1.00e+19)
[U] z=0.922 m  U= 2.116e-03 J  Δrel=-2.54%
[NL] z=0.922 m  Ipk=5.479e+17 W/m^2  Δn_e=4.274e-06  Δn_R=7.224e-06  IR=3.141e+17 W/m^2  Δn_p,min=-4.391e-06  |φ_K|=1.679e-03 rad  |φ_p|=1.725e-03 rad  α_ion(raw/appl)=2.580e+00/2.580e+00  α_IB=0.000e+00  α_R(raw/appl)=1.152e-02/1.152e-02 m^-1  Edep=8.945e-09 J
[z=0.922 m] PPT_i cap-hit = 0.000% (cap=1.00e+19)
[U] z=0.924 m  U= 2.116e-03 J  Δrel=-2.56%
[NL] z=0.924 m  Ipk=5.460e+17 W/m^2  Δn_e=4.259e-06  Δn_R=7.227e-06  IR=3.142e+17 W/m^2  Δn_p,min=-4.338e-06  |φ_K|=1.674e-03 rad  |φ_p|=1.704e-03 rad  α_ion(raw/appl)=2.541e+00/2.541e+00  α_IB=0.000e+00  α_R(raw/appl)=1.138e-02/1.138e-02 m^-1  Edep=8.779e-09 J
[z=0.924 m] PPT_i cap-hit = 0.000% (cap=1.00e+19)
[U] z=0.925 m  U= 2.116e-03 J  Δrel=-2.57%
[NL] z=0.925 m  Ipk=5.440e+17 W/m^2  Δn_e=4.244e-06  Δn_R=7.231e-06  IR=3.144e+17 W/m^2  Δn_p,min=-4.282e-06  |φ_K|=1.668e-03 rad  |φ_p|=1.682e-03 rad  α_ion(raw/appl)=2.500e+00/2.500e+00  α_IB=0.000e+00  α_R(raw/appl)=1.124e-02/1.124e-02 m^-1  Edep=8.615e-09 J
[z=0.925 m] PPT_i cap-hit = 0.000% (cap=1.00e+19)
[z] 0.925/1.300 m ( 71.15%)  elapsed 4998.3s  ETA 2026.4s
[U] z=0.926 m  U= 2.115e-03 J  Δrel=-2.58%
[NL] z=0.926 m  Ipk=5.419e+17 W/m^2  Δn_e=4.228e-06  Δn_R=7.235e-06  IR=3.146e+17 W/m^2  Δn_p,min=-4.225e-06  |φ_K|=1.662e-03 rad  |φ_p|=1.660e-03 rad  α_ion(raw/appl)=2.459e+00/2.459e+00  α_IB=0.000e+00  α_R(raw/appl)=1.110e-02/1.110e-02 m^-1  Edep=8.455e-09 J
[z=0.926 m] PPT_i cap-hit = 0.000% (cap=1.00e+19)
[U] z=0.927 m  U= 2.115e-03 J  Δrel=-2.59%
[NL] z=0.927 m  Ipk=5.397e+17 W/m^2  Δn_e=4.211e-06  Δn_R=7.239e-06  IR=3.147e+17 W/m^2  Δn_p,min=-4.167e-06  |φ_K|=1.656e-03 rad  |φ_p|=1.637e-03 rad  α_ion(raw/appl)=2.419e+00/2.419e+00  α_IB=0.000e+00  α_R(raw/appl)=1.097e-02/1.097e-02 m^-1  Edep=8.298e-09 J
[z=0.927 m] PPT_i cap-hit = 0.000% (cap=1.00e+19)
[U] z=0.929 m  U= 2.115e-03 J  Δrel=-2.61%
[NL] z=0.929 m  Ipk=5.375e+17 W/m^2  Δn_e=4.193e-06  Δn_R=7.244e-06  IR=3.150e+17 W/m^2  Δn_p,min=-4.112e-06  |φ_K|=1.650e-03 rad  |φ_p|=1.615e-03 rad  α_ion(raw/appl)=2.380e+00/2.380e+00  α_IB=0.000e+00  α_R(raw/appl)=1.084e-02/1.084e-02 m^-1  Edep=8.143e-09 J
[z=0.929 m] PPT_i cap-hit = 0.000% (cap=1.00e+19)
[U] z=0.930 m  U= 2.115e-03 J  Δrel=-2.62%
[NL] z=0.930 m  Ipk=5.352e+17 W/m^2  Δn_e=4.175e-06  Δn_R=7.248e-06  IR=3.151e+17 W/m^2  Δn_p,min=-4.056e-06  |φ_K|=1.643e-03 rad  |φ_p|=1.593e-03 rad  α_ion(raw/appl)=2.340e+00/2.340e+00  α_IB=0.000e+00  α_R(raw/appl)=1.071e-02/1.071e-02 m^-1  Edep=7.990e-09 J
[z=0.930 m] PPT_i cap-hit = 0.000% (cap=1.00e+19)
[U] z=0.931 m  U= 2.114e-03 J  Δrel=-2.63%
[NL] z=0.931 m  Ipk=5.328e+17 W/m^2  Δn_e=4.157e-06  Δn_R=7.253e-06  IR=3.154e+17 W/m^2  Δn_p,min=-4.006e-06  |φ_K|=1.636e-03 rad  |φ_p|=1.573e-03 rad  α_ion(raw/appl)=2.301e+00/2.301e+00  α_IB=0.000e+00  α_R(raw/appl)=1.059e-02/1.059e-02 m^-1  Edep=7.838e-09 J
[z=0.931 m] PPT_i cap-hit = 0.000% (cap=1.00e+19)
[U] z=0.932 m  U= 2.114e-03 J  Δrel=-2.64%
[NL] z=0.932 m  Ipk=5.303e+17 W/m^2  Δn_e=4.137e-06  Δn_R=7.257e-06  IR=3.155e+17 W/m^2  Δn_p,min=-3.950e-06  |φ_K|=1.629e-03 rad  |φ_p|=1.552e-03 rad  α_ion(raw/appl)=2.256e+00/2.256e+00  α_IB=0.000e+00  α_R(raw/appl)=1.047e-02/1.047e-02 m^-1  Edep=7.688e-09 J
[z=0.932 m] PPT_i cap-hit = 0.000% (cap=1.00e+19)
[U] z=0.934 m  U= 2.114e-03 J  Δrel=-2.65%
[NL] z=0.934 m  Ipk=5.285e+17 W/m^2  Δn_e=4.123e-06  Δn_R=7.263e-06  IR=3.158e+17 W/m^2  Δn_p,min=-3.903e-06  |φ_K|=1.622e-03 rad  |φ_p|=1.533e-03 rad  α_ion(raw/appl)=2.225e+00/2.225e+00  α_IB=0.000e+00  α_R(raw/appl)=1.035e-02/1.035e-02 m^-1  Edep=7.541e-09 J
[z=0.934 m] PPT_i cap-hit = 0.000% (cap=1.00e+19)
[U] z=0.935 m  U= 2.114e-03 J  Δrel=-2.66%
[NL] z=0.935 m  Ipk=5.266e+17 W/m^2  Δn_e=4.108e-06  Δn_R=7.268e-06  IR=3.160e+17 W/m^2  Δn_p,min=-3.846e-06  |φ_K|=1.614e-03 rad  |φ_p|=1.511e-03 rad  α_ion(raw/appl)=2.189e+00/2.189e+00  α_IB=0.000e+00  α_R(raw/appl)=1.023e-02/1.023e-02 m^-1  Edep=7.396e-09 J
[z=0.935 m] PPT_i cap-hit = 0.000% (cap=1.00e+19)
[U] z=0.936 m  U= 2.113e-03 J  Δrel=-2.68%
[NL] z=0.936 m  Ipk=5.247e+17 W/m^2  Δn_e=4.093e-06  Δn_R=7.275e-06  IR=3.163e+17 W/m^2  Δn_p,min=-3.795e-06  |φ_K|=1.606e-03 rad  |φ_p|=1.491e-03 rad  α_ion(raw/appl)=2.154e+00/2.154e+00  α_IB=0.000e+00  α_R(raw/appl)=1.011e-02/1.011e-02 m^-1  Edep=7.252e-09 J
[z=0.936 m] PPT_i cap-hit = 0.000% (cap=1.00e+19)
[U] z=0.937 m  U= 2.113e-03 J  Δrel=-2.69%
[NL] z=0.937 m  Ipk=5.225e+17 W/m^2  Δn_e=4.076e-06  Δn_R=7.279e-06  IR=3.165e+17 W/m^2  Δn_p,min=-3.741e-06  |φ_K|=1.599e-03 rad  |φ_p|=1.469e-03 rad  α_ion(raw/appl)=2.128e+00/2.128e+00  α_IB=0.000e+00  α_R(raw/appl)=9.996e-03/9.996e-03 m^-1  Edep=7.110e-09 J
[z=0.937 m] PPT_i cap-hit = 0.000% (cap=1.00e+19)
[z] 0.937/1.300 m ( 72.12%)  elapsed 5121.4s  ETA 1980.3s
[U] z=0.939 m  U= 2.113e-03 J  Δrel=-2.70%
[NL] z=0.939 m  Ipk=5.204e+17 W/m^2  Δn_e=4.060e-06  Δn_R=7.286e-06  IR=3.168e+17 W/m^2  Δn_p,min=-3.689e-06  |φ_K|=1.593e-03 rad  |φ_p|=1.449e-03 rad  α_ion(raw/appl)=2.104e+00/2.104e+00  α_IB=0.000e+00  α_R(raw/appl)=9.882e-03/9.882e-03 m^-1  Edep=6.970e-09 J
[z=0.939 m] PPT_i cap-hit = 0.000% (cap=1.00e+19)
[U] z=0.940 m  U= 2.113e-03 J  Δrel=-2.71%
[NL] z=0.940 m  Ipk=5.180e+17 W/m^2  Δn_e=4.041e-06  Δn_R=7.290e-06  IR=3.170e+17 W/m^2  Δn_p,min=-3.632e-06  |φ_K|=1.586e-03 rad  |φ_p|=1.427e-03 rad  α_ion(raw/appl)=2.067e+00/2.067e+00  α_IB=0.000e+00  α_R(raw/appl)=9.770e-03/9.770e-03 m^-1  Edep=6.832e-09 J
[z=0.940 m] PPT_i cap-hit = 0.000% (cap=1.00e+19)
[U] z=0.941 m  U= 2.112e-03 J  Δrel=-2.72%
[NL] z=0.941 m  Ipk=5.157e+17 W/m^2  Δn_e=4.023e-06  Δn_R=7.296e-06  IR=3.172e+17 W/m^2  Δn_p,min=-3.584e-06  |φ_K|=1.579e-03 rad  |φ_p|=1.408e-03 rad  α_ion(raw/appl)=2.031e+00/2.031e+00  α_IB=0.000e+00  α_R(raw/appl)=9.662e-03/9.662e-03 m^-1  Edep=6.698e-09 J
[z=0.941 m] PPT_i cap-hit = 0.000% (cap=1.00e+19)
[U] z=0.942 m  U= 2.112e-03 J  Δrel=-2.73%
[NL] z=0.942 m  Ipk=5.131e+17 W/m^2  Δn_e=4.003e-06  Δn_R=7.299e-06  IR=3.173e+17 W/m^2  Δn_p,min=-3.532e-06  |φ_K|=1.571e-03 rad  |φ_p|=1.387e-03 rad  α_ion(raw/appl)=2.000e+00/2.000e+00  α_IB=0.000e+00  α_R(raw/appl)=9.557e-03/9.557e-03 m^-1  Edep=6.565e-09 J
[z=0.942 m] PPT_i cap-hit = 0.000% (cap=1.00e+19)
[U] z=0.944 m  U= 2.112e-03 J  Δrel=-2.74%
[NL] z=0.944 m  Ipk=5.105e+17 W/m^2  Δn_e=3.983e-06  Δn_R=7.304e-06  IR=3.176e+17 W/m^2  Δn_p,min=-3.482e-06  |φ_K|=1.564e-03 rad  |φ_p|=1.368e-03 rad  α_ion(raw/appl)=1.969e+00/1.969e+00  α_IB=0.000e+00  α_R(raw/appl)=9.455e-03/9.455e-03 m^-1  Edep=6.433e-09 J
[z=0.944 m] PPT_i cap-hit = 0.000% (cap=1.00e+19)
[U] z=0.945 m  U= 2.112e-03 J  Δrel=-2.75%
[NL] z=0.945 m  Ipk=5.079e+17 W/m^2  Δn_e=3.962e-06  Δn_R=7.310e-06  IR=3.178e+17 W/m^2  Δn_p,min=-3.428e-06  |φ_K|=1.556e-03 rad  |φ_p|=1.347e-03 rad  α_ion(raw/appl)=1.935e+00/1.935e+00  α_IB=0.000e+00  α_R(raw/appl)=9.357e-03/9.357e-03 m^-1  Edep=6.303e-09 J
[z=0.945 m] PPT_i cap-hit = 0.000% (cap=1.00e+19)
[U] z=0.946 m  U= 2.112e-03 J  Δrel=-2.76%
[NL] z=0.946 m  Ipk=5.052e+17 W/m^2  Δn_e=3.941e-06  Δn_R=7.317e-06  IR=3.181e+17 W/m^2  Δn_p,min=-3.380e-06  |φ_K|=1.548e-03 rad  |φ_p|=1.328e-03 rad  α_ion(raw/appl)=1.908e+00/1.908e+00  α_IB=0.000e+00  α_R(raw/appl)=9.261e-03/9.261e-03 m^-1  Edep=6.174e-09 J
[z=0.946 m] PPT_i cap-hit = 0.000% (cap=1.00e+19)
[U] z=0.947 m  U= 2.111e-03 J  Δrel=-2.77%
[NL] z=0.947 m  Ipk=5.025e+17 W/m^2  Δn_e=3.920e-06  Δn_R=7.323e-06  IR=3.184e+17 W/m^2  Δn_p,min=-3.334e-06  |φ_K|=1.540e-03 rad  |φ_p|=1.310e-03 rad  α_ion(raw/appl)=1.881e+00/1.881e+00  α_IB=0.000e+00  α_R(raw/appl)=9.167e-03/9.167e-03 m^-1  Edep=6.049e-09 J
[z=0.947 m] PPT_i cap-hit = 0.000% (cap=1.00e+19)
[U] z=0.949 m  U= 2.111e-03 J  Δrel=-2.78%
[NL] z=0.949 m  Ipk=4.997e+17 W/m^2  Δn_e=3.898e-06  Δn_R=7.330e-06  IR=3.187e+17 W/m^2  Δn_p,min=-3.292e-06  |φ_K|=1.532e-03 rad  |φ_p|=1.293e-03 rad  α_ion(raw/appl)=1.852e+00/1.852e+00  α_IB=0.000e+00  α_R(raw/appl)=9.078e-03/9.078e-03 m^-1  Edep=5.926e-09 J
[z=0.949 m] PPT_i cap-hit = 0.000% (cap=1.00e+19)
[U] z=0.950 m  U= 2.111e-03 J  Δrel=-2.79%
[NL] z=0.950 m  Ipk=4.968e+17 W/m^2  Δn_e=3.876e-06  Δn_R=7.336e-06  IR=3.189e+17 W/m^2  Δn_p,min=-3.250e-06  |φ_K|=1.523e-03 rad  |φ_p|=1.277e-03 rad  α_ion(raw/appl)=1.833e+00/1.833e+00  α_IB=0.000e+00  α_R(raw/appl)=8.990e-03/8.990e-03 m^-1  Edep=5.805e-09 J
[z=0.950 m] PPT_i cap-hit = 0.000% (cap=1.00e+19)
[z] 0.950/1.300 m ( 73.08%)  elapsed 5244.5s  ETA 1932.2s
[U] z=0.951 m  U= 2.111e-03 J  Δrel=-2.80%
[NL] z=0.951 m  Ipk=4.939e+17 W/m^2  Δn_e=3.853e-06  Δn_R=7.342e-06  IR=3.192e+17 W/m^2  Δn_p,min=-3.206e-06  |φ_K|=1.514e-03 rad  |φ_p|=1.259e-03 rad  α_ion(raw/appl)=1.821e+00/1.821e+00  α_IB=0.000e+00  α_R(raw/appl)=8.907e-03/8.907e-03 m^-1  Edep=5.687e-09 J
[z=0.951 m] PPT_i cap-hit = 0.000% (cap=1.00e+19)
[U] z=0.952 m  U= 2.111e-03 J  Δrel=-2.81%
[NL] z=0.952 m  Ipk=4.908e+17 W/m^2  Δn_e=3.829e-06  Δn_R=7.348e-06  IR=3.195e+17 W/m^2  Δn_p,min=-3.161e-06  |φ_K|=1.505e-03 rad  |φ_p|=1.242e-03 rad  α_ion(raw/appl)=1.816e+00/1.816e+00  α_IB=0.000e+00  α_R(raw/appl)=8.829e-03/8.829e-03 m^-1  Edep=5.571e-09 J
[z=0.952 m] PPT_i cap-hit = 0.000% (cap=1.00e+19)
[U] z=0.954 m  U= 2.110e-03 J  Δrel=-2.82%
[NL] z=0.954 m  Ipk=4.877e+17 W/m^2  Δn_e=3.805e-06  Δn_R=7.354e-06  IR=3.197e+17 W/m^2  Δn_p,min=-3.109e-06  |φ_K|=1.496e-03 rad  |φ_p|=1.221e-03 rad  α_ion(raw/appl)=1.791e+00/1.791e+00  α_IB=0.000e+00  α_R(raw/appl)=8.757e-03/8.757e-03 m^-1  Edep=5.457e-09 J
[z=0.954 m] PPT_i cap-hit = 0.000% (cap=1.00e+19)
[U] z=0.955 m  U= 2.110e-03 J  Δrel=-2.82%
[NL] z=0.955 m  Ipk=4.846e+17 W/m^2  Δn_e=3.781e-06  Δn_R=7.361e-06  IR=3.201e+17 W/m^2  Δn_p,min=-3.059e-06  |φ_K|=1.487e-03 rad  |φ_p|=1.202e-03 rad  α_ion(raw/appl)=1.760e+00/1.760e+00  α_IB=0.000e+00  α_R(raw/appl)=8.687e-03/8.687e-03 m^-1  Edep=5.346e-09 J
[z=0.955 m] PPT_i cap-hit = 0.000% (cap=1.00e+19)
[U] z=0.956 m  U= 2.110e-03 J  Δrel=-2.83%
[NL] z=0.956 m  Ipk=4.814e+17 W/m^2  Δn_e=3.755e-06  Δn_R=7.367e-06  IR=3.203e+17 W/m^2  Δn_p,min=-3.005e-06  |φ_K|=1.477e-03 rad  |φ_p|=1.180e-03 rad  α_ion(raw/appl)=1.722e+00/1.722e+00  α_IB=0.000e+00  α_R(raw/appl)=8.621e-03/8.621e-03 m^-1  Edep=5.237e-09 J
[z=0.956 m] PPT_i cap-hit = 0.000% (cap=1.00e+19)
[U] z=0.957 m  U= 2.110e-03 J  Δrel=-2.84%
[NL] z=0.957 m  Ipk=4.782e+17 W/m^2  Δn_e=3.731e-06  Δn_R=7.374e-06  IR=3.206e+17 W/m^2  Δn_p,min=-2.955e-06  |φ_K|=1.468e-03 rad  |φ_p|=1.161e-03 rad  α_ion(raw/appl)=1.683e+00/1.683e+00  α_IB=0.000e+00  α_R(raw/appl)=8.557e-03/8.557e-03 m^-1  Edep=5.130e-09 J
[z=0.957 m] PPT_i cap-hit = 0.000% (cap=1.00e+19)
[U] z=0.959 m  U= 2.110e-03 J  Δrel=-2.85%
[NL] z=0.959 m  Ipk=4.749e+17 W/m^2  Δn_e=3.705e-06  Δn_R=7.379e-06  IR=3.208e+17 W/m^2  Δn_p,min=-2.901e-06  |φ_K|=1.457e-03 rad  |φ_p|=1.139e-03 rad  α_ion(raw/appl)=1.640e+00/1.640e+00  α_IB=0.000e+00  α_R(raw/appl)=8.500e-03/8.500e-03 m^-1  Edep=5.026e-09 J
[z=0.959 m] PPT_i cap-hit = 0.000% (cap=1.00e+19)
[U] z=0.960 m  U= 2.109e-03 J  Δrel=-2.86%
[NL] z=0.960 m  Ipk=4.717e+17 W/m^2  Δn_e=3.680e-06  Δn_R=7.386e-06  IR=3.211e+17 W/m^2  Δn_p,min=-2.853e-06  |φ_K|=1.448e-03 rad  |φ_p|=1.121e-03 rad  α_ion(raw/appl)=1.598e+00/1.598e+00  α_IB=0.000e+00  α_R(raw/appl)=8.446e-03/8.446e-03 m^-1  Edep=4.925e-09 J
[z=0.960 m] PPT_i cap-hit = 0.000% (cap=1.00e+19)
[U] z=0.961 m  U= 2.109e-03 J  Δrel=-2.87%
[NL] z=0.961 m  Ipk=4.683e+17 W/m^2  Δn_e=3.653e-06  Δn_R=7.389e-06  IR=3.213e+17 W/m^2  Δn_p,min=-2.800e-06  |φ_K|=1.437e-03 rad  |φ_p|=1.100e-03 rad  α_ion(raw/appl)=1.552e+00/1.552e+00  α_IB=0.000e+00  α_R(raw/appl)=8.396e-03/8.396e-03 m^-1  Edep=4.826e-09 J
[z=0.961 m] PPT_i cap-hit = 0.000% (cap=1.00e+19)
[U] z=0.962 m  U= 2.109e-03 J  Δrel=-2.87%
[NL] z=0.962 m  Ipk=4.650e+17 W/m^2  Δn_e=3.628e-06  Δn_R=7.398e-06  IR=3.216e+17 W/m^2  Δn_p,min=-2.754e-06  |φ_K|=1.428e-03 rad  |φ_p|=1.082e-03 rad  α_ion(raw/appl)=1.509e+00/1.509e+00  α_IB=0.000e+00  α_R(raw/appl)=8.351e-03/8.351e-03 m^-1  Edep=4.730e-09 J
[z=0.962 m] PPT_i cap-hit = 0.000% (cap=1.00e+19)
[z] 0.962/1.300 m ( 74.04%)  elapsed 5367.8s  ETA 1882.2s
[U] z=0.964 m  U= 2.109e-03 J  Δrel=-2.88%
[NL] z=0.964 m  Ipk=4.616e+17 W/m^2  Δn_e=3.601e-06  Δn_R=7.402e-06  IR=3.218e+17 W/m^2  Δn_p,min=-2.702e-06  |φ_K|=1.417e-03 rad  |φ_p|=1.061e-03 rad  α_ion(raw/appl)=1.462e+00/1.462e+00  α_IB=0.000e+00  α_R(raw/appl)=8.314e-03/8.314e-03 m^-1  Edep=4.638e-09 J
[z=0.964 m] PPT_i cap-hit = 0.000% (cap=1.00e+19)
[U] z=0.965 m  U= 2.109e-03 J  Δrel=-2.89%
[NL] z=0.965 m  Ipk=4.582e+17 W/m^2  Δn_e=3.575e-06  Δn_R=7.409e-06  IR=3.221e+17 W/m^2  Δn_p,min=-2.657e-06  |φ_K|=1.407e-03 rad  |φ_p|=1.044e-03 rad  α_ion(raw/appl)=1.418e+00/1.418e+00  α_IB=0.000e+00  α_R(raw/appl)=8.283e-03/8.283e-03 m^-1  Edep=4.547e-09 J
[z=0.965 m] PPT_i cap-hit = 0.000% (cap=1.00e+19)
[U] z=0.966 m  U= 2.109e-03 J  Δrel=-2.90%
[NL] z=0.966 m  Ipk=4.548e+17 W/m^2  Δn_e=3.548e-06  Δn_R=7.412e-06  IR=3.223e+17 W/m^2  Δn_p,min=-2.606e-06  |φ_K|=1.396e-03 rad  |φ_p|=1.024e-03 rad  α_ion(raw/appl)=1.372e+00/1.372e+00  α_IB=0.000e+00  α_R(raw/appl)=8.258e-03/8.258e-03 m^-1  Edep=4.459e-09 J
[z=0.966 m] PPT_i cap-hit = 0.000% (cap=1.00e+19)
[U] z=0.967 m  U= 2.108e-03 J  Δrel=-2.91%
[NL] z=0.967 m  Ipk=4.516e+17 W/m^2  Δn_e=3.523e-06  Δn_R=7.417e-06  IR=3.225e+17 W/m^2  Δn_p,min=-2.560e-06  |φ_K|=1.386e-03 rad  |φ_p|=1.006e-03 rad  α_ion(raw/appl)=1.329e+00/1.329e+00  α_IB=0.000e+00  α_R(raw/appl)=8.236e-03/8.236e-03 m^-1  Edep=4.373e-09 J
[z=0.967 m] PPT_i cap-hit = 0.000% (cap=1.00e+19)
[U] z=0.969 m  U= 2.108e-03 J  Δrel=-2.91%
[NL] z=0.969 m  Ipk=4.481e+17 W/m^2  Δn_e=3.496e-06  Δn_R=7.418e-06  IR=3.225e+17 W/m^2  Δn_p,min=-2.510e-06  |φ_K|=1.374e-03 rad  |φ_p|=9.859e-04 rad  α_ion(raw/appl)=1.284e+00/1.284e+00  α_IB=0.000e+00  α_R(raw/appl)=8.219e-03/8.219e-03 m^-1  Edep=4.290e-09 J
[z=0.969 m] PPT_i cap-hit = 0.000% (cap=1.00e+19)
[U] z=0.970 m  U= 2.108e-03 J  Δrel=-2.92%
[NL] z=0.970 m  Ipk=4.447e+17 W/m^2  Δn_e=3.469e-06  Δn_R=7.420e-06  IR=3.226e+17 W/m^2  Δn_p,min=-2.463e-06  |φ_K|=1.363e-03 rad  |φ_p|=9.674e-04 rad  α_ion(raw/appl)=1.239e+00/1.239e+00  α_IB=0.000e+00  α_R(raw/appl)=8.209e-03/8.209e-03 m^-1  Edep=4.208e-09 J
[z=0.970 m] PPT_i cap-hit = 0.000% (cap=1.00e+19)
[U] z=0.971 m  U= 2.108e-03 J  Δrel=-2.93%
[NL] z=0.971 m  Ipk=4.411e+17 W/m^2  Δn_e=3.441e-06  Δn_R=7.421e-06  IR=3.227e+17 W/m^2  Δn_p,min=-2.414e-06  |φ_K|=1.352e-03 rad  |φ_p|=9.480e-04 rad  α_ion(raw/appl)=1.194e+00/1.194e+00  α_IB=0.000e+00  α_R(raw/appl)=8.206e-03/8.206e-03 m^-1  Edep=4.129e-09 J
[z=0.971 m] PPT_i cap-hit = 0.000% (cap=1.00e+19)
[U] z=0.972 m  U= 2.108e-03 J  Δrel=-2.94%
[NL] z=0.972 m  Ipk=4.375e+17 W/m^2  Δn_e=3.413e-06  Δn_R=7.421e-06  IR=3.227e+17 W/m^2  Δn_p,min=-2.365e-06  |φ_K|=1.340e-03 rad  |φ_p|=9.292e-04 rad  α_ion(raw/appl)=1.149e+00/1.149e+00  α_IB=0.000e+00  α_R(raw/appl)=8.205e-03/8.205e-03 m^-1  Edep=4.051e-09 J
[z=0.972 m] PPT_i cap-hit = 0.000% (cap=1.00e+19)
[U] z=0.974 m  U= 2.108e-03 J  Δrel=-2.94%
[NL] z=0.974 m  Ipk=4.338e+17 W/m^2  Δn_e=3.384e-06  Δn_R=7.422e-06  IR=3.227e+17 W/m^2  Δn_p,min=-2.319e-06  |φ_K|=1.328e-03 rad  |φ_p|=9.108e-04 rad  α_ion(raw/appl)=1.104e+00/1.104e+00  α_IB=0.000e+00  α_R(raw/appl)=8.206e-03/8.206e-03 m^-1  Edep=3.975e-09 J
[z=0.974 m] PPT_i cap-hit = 0.000% (cap=1.00e+19)
[U] z=0.975 m  U= 2.107e-03 J  Δrel=-2.95%
[NL] z=0.975 m  Ipk=4.300e+17 W/m^2  Δn_e=3.355e-06  Δn_R=7.419e-06  IR=3.226e+17 W/m^2  Δn_p,min=-2.271e-06  |φ_K|=1.316e-03 rad  |φ_p|=8.920e-04 rad  α_ion(raw/appl)=1.059e+00/1.059e+00  α_IB=0.000e+00  α_R(raw/appl)=8.209e-03/8.209e-03 m^-1  Edep=3.900e-09 J
[z=0.975 m] PPT_i cap-hit = 0.000% (cap=1.00e+19)
[z] 0.975/1.300 m ( 75.00%)  elapsed 5491.1s  ETA 1830.4s
[U] z=0.976 m  U= 2.107e-03 J  Δrel=-2.96%
[NL] z=0.976 m  Ipk=4.263e+17 W/m^2  Δn_e=3.325e-06  Δn_R=7.417e-06  IR=3.225e+17 W/m^2  Δn_p,min=-2.226e-06  |φ_K|=1.304e-03 rad  |φ_p|=8.744e-04 rad  α_ion(raw/appl)=1.015e+00/1.015e+00  α_IB=0.000e+00  α_R(raw/appl)=8.215e-03/8.215e-03 m^-1  Edep=3.827e-09 J
[z=0.976 m] PPT_i cap-hit = 0.000% (cap=1.00e+19)
[U] z=0.977 m  U= 2.107e-03 J  Δrel=-2.97%
[NL] z=0.977 m  Ipk=4.224e+17 W/m^2  Δn_e=3.295e-06  Δn_R=7.413e-06  IR=3.223e+17 W/m^2  Δn_p,min=-2.179e-06  |φ_K|=1.293e-03 rad  |φ_p|=8.559e-04 rad  α_ion(raw/appl)=9.710e-01/9.710e-01  α_IB=0.000e+00  α_R(raw/appl)=8.223e-03/8.223e-03 m^-1  Edep=3.755e-09 J
[z=0.977 m] PPT_i cap-hit = 0.000% (cap=1.00e+19)
[U] z=0.979 m  U= 2.107e-03 J  Δrel=-2.97%
[NL] z=0.979 m  Ipk=4.184e+17 W/m^2  Δn_e=3.265e-06  Δn_R=7.408e-06  IR=3.221e+17 W/m^2  Δn_p,min=-2.135e-06  |φ_K|=1.281e-03 rad  |φ_p|=8.386e-04 rad  α_ion(raw/appl)=9.281e-01/9.281e-01  α_IB=0.000e+00  α_R(raw/appl)=8.231e-03/8.231e-03 m^-1  Edep=3.684e-09 J
[z=0.979 m] PPT_i cap-hit = 0.000% (cap=1.00e+19)
[U] z=0.980 m  U= 2.107e-03 J  Δrel=-2.98%
[NL] z=0.980 m  Ipk=4.144e+17 W/m^2  Δn_e=3.233e-06  Δn_R=7.402e-06  IR=3.218e+17 W/m^2  Δn_p,min=-2.088e-06  |φ_K|=1.269e-03 rad  |φ_p|=8.203e-04 rad  α_ion(raw/appl)=8.852e-01/8.852e-01  α_IB=0.000e+00  α_R(raw/appl)=8.243e-03/8.243e-03 m^-1  Edep=3.615e-09 J
[z=0.980 m] PPT_i cap-hit = 0.000% (cap=1.00e+19)
[U] z=0.981 m  U= 2.107e-03 J  Δrel=-2.99%
[NL] z=0.981 m  Ipk=4.104e+17 W/m^2  Δn_e=3.202e-06  Δn_R=7.396e-06  IR=3.215e+17 W/m^2  Δn_p,min=-2.043e-06  |φ_K|=1.256e-03 rad  |φ_p|=8.026e-04 rad  α_ion(raw/appl)=8.428e-01/8.428e-01  α_IB=0.000e+00  α_R(raw/appl)=8.255e-03/8.255e-03 m^-1  Edep=3.547e-09 J
[z=0.981 m] PPT_i cap-hit = 0.000% (cap=1.00e+19)
[U] z=0.982 m  U= 2.107e-03 J  Δrel=-2.99%
[NL] z=0.982 m  Ipk=4.062e+17 W/m^2  Δn_e=3.169e-06  Δn_R=7.388e-06  IR=3.212e+17 W/m^2  Δn_p,min=-1.998e-06  |φ_K|=1.244e-03 rad  |φ_p|=7.848e-04 rad  α_ion(raw/appl)=8.012e-01/8.012e-01  α_IB=0.000e+00  α_R(raw/appl)=8.268e-03/8.268e-03 m^-1  Edep=3.480e-09 J
[z=0.982 m] PPT_i cap-hit = 0.000% (cap=1.00e+19)
[U] z=0.984 m  U= 2.106e-03 J  Δrel=-3.00%
[NL] z=0.984 m  Ipk=4.020e+17 W/m^2  Δn_e=3.136e-06  Δn_R=7.377e-06  IR=3.208e+17 W/m^2  Δn_p,min=-1.952e-06  |φ_K|=1.231e-03 rad  |φ_p|=7.668e-04 rad  α_ion(raw/appl)=7.597e-01/7.597e-01  α_IB=0.000e+00  α_R(raw/appl)=8.281e-03/8.281e-03 m^-1  Edep=3.415e-09 J
[z=0.984 m] PPT_i cap-hit = 0.000% (cap=1.00e+19)
[U] z=0.985 m  U= 2.106e-03 J  Δrel=-3.01%
[NL] z=0.985 m  Ipk=3.977e+17 W/m^2  Δn_e=3.103e-06  Δn_R=7.367e-06  IR=3.203e+17 W/m^2  Δn_p,min=-1.908e-06  |φ_K|=1.218e-03 rad  |φ_p|=7.495e-04 rad  α_ion(raw/appl)=7.197e-01/7.197e-01  α_IB=0.000e+00  α_R(raw/appl)=8.295e-03/8.295e-03 m^-1  Edep=3.350e-09 J
[z=0.985 m] PPT_i cap-hit = 0.000% (cap=1.00e+19)
[U] z=0.986 m  U= 2.106e-03 J  Δrel=-3.01%
[NL] z=0.986 m  Ipk=3.932e+17 W/m^2  Δn_e=3.068e-06  Δn_R=7.352e-06  IR=3.197e+17 W/m^2  Δn_p,min=-1.861e-06  |φ_K|=1.204e-03 rad  |φ_p|=7.311e-04 rad  α_ion(raw/appl)=6.796e-01/6.796e-01  α_IB=0.000e+00  α_R(raw/appl)=8.307e-03/8.307e-03 m^-1  Edep=3.287e-09 J
[z=0.986 m] PPT_i cap-hit = 0.000% (cap=1.00e+19)
[U] z=0.987 m  U= 2.106e-03 J  Δrel=-3.02%
[NL] z=0.987 m  Ipk=3.888e+17 W/m^2  Δn_e=3.034e-06  Δn_R=7.339e-06  IR=3.191e+17 W/m^2  Δn_p,min=-1.819e-06  |φ_K|=1.191e-03 rad  |φ_p|=7.145e-04 rad  α_ion(raw/appl)=6.422e-01/6.422e-01  α_IB=0.000e+00  α_R(raw/appl)=8.317e-03/8.317e-03 m^-1  Edep=3.224e-09 J
[z=0.987 m] PPT_i cap-hit = 0.000% (cap=1.00e+19)
[z] 0.987/1.300 m ( 75.96%)  elapsed 5614.2s  ETA 1776.6s
[U] z=0.989 m  U= 2.106e-03 J  Δrel=-3.03%
[NL] z=0.989 m  Ipk=3.842e+17 W/m^2  Δn_e=2.998e-06  Δn_R=7.322e-06  IR=3.183e+17 W/m^2  Δn_p,min=-1.772e-06  |φ_K|=1.177e-03 rad  |φ_p|=6.962e-04 rad  α_ion(raw/appl)=6.044e-01/6.044e-01  α_IB=0.000e+00  α_R(raw/appl)=8.327e-03/8.327e-03 m^-1  Edep=3.163e-09 J
[z=0.989 m] PPT_i cap-hit = 0.000% (cap=1.00e+19)
[U] z=0.990 m  U= 2.106e-03 J  Δrel=-3.03%
[NL] z=0.990 m  Ipk=3.797e+17 W/m^2  Δn_e=2.963e-06  Δn_R=7.307e-06  IR=3.177e+17 W/m^2  Δn_p,min=-1.731e-06  |φ_K|=1.163e-03 rad  |φ_p|=6.799e-04 rad  α_ion(raw/appl)=5.688e-01/5.688e-01  α_IB=0.000e+00  α_R(raw/appl)=8.336e-03/8.336e-03 m^-1  Edep=3.102e-09 J
[z=0.990 m] PPT_i cap-hit = 0.000% (cap=1.00e+19)
[U] z=0.991 m  U= 2.106e-03 J  Δrel=-3.04%
[NL] z=0.991 m  Ipk=3.750e+17 W/m^2  Δn_e=2.926e-06  Δn_R=7.287e-06  IR=3.168e+17 W/m^2  Δn_p,min=-1.685e-06  |φ_K|=1.149e-03 rad  |φ_p|=6.619e-04 rad  α_ion(raw/appl)=5.333e-01/5.333e-01  α_IB=0.000e+00  α_R(raw/appl)=8.343e-03/8.343e-03 m^-1  Edep=3.042e-09 J
[z=0.991 m] PPT_i cap-hit = 0.000% (cap=1.00e+19)
[U] z=0.992 m  U= 2.105e-03 J  Δrel=-3.04%
[NL] z=0.992 m  Ipk=3.704e+17 W/m^2  Δn_e=2.890e-06  Δn_R=7.269e-06  IR=3.160e+17 W/m^2  Δn_p,min=-1.644e-06  |φ_K|=1.135e-03 rad  |φ_p|=6.457e-04 rad  α_ion(raw/appl)=5.000e-01/5.000e-01  α_IB=0.000e+00  α_R(raw/appl)=8.349e-03/8.349e-03 m^-1  Edep=2.983e-09 J
[z=0.992 m] PPT_i cap-hit = 0.000% (cap=1.00e+19)
[U] z=0.994 m  U= 2.105e-03 J  Δrel=-3.05%
[NL] z=0.994 m  Ipk=3.672e+17 W/m^2  Δn_e=2.864e-06  Δn_R=7.247e-06  IR=3.151e+17 W/m^2  Δn_p,min=-1.600e-06  |φ_K|=1.125e-03 rad  |φ_p|=6.284e-04 rad  α_ion(raw/appl)=4.767e-01/4.767e-01  α_IB=0.000e+00  α_R(raw/appl)=8.355e-03/8.355e-03 m^-1  Edep=2.924e-09 J
[z=0.994 m] PPT_i cap-hit = 0.000% (cap=1.00e+19)
[U] z=0.995 m  U= 2.105e-03 J  Δrel=-3.06%
[NL] z=0.995 m  Ipk=3.673e+17 W/m^2  Δn_e=2.865e-06  Δn_R=7.225e-06  IR=3.141e+17 W/m^2  Δn_p,min=-1.559e-06  |φ_K|=1.125e-03 rad  |φ_p|=6.122e-04 rad  α_ion(raw/appl)=4.774e-01/4.774e-01  α_IB=0.000e+00  α_R(raw/appl)=8.358e-03/8.358e-03 m^-1  Edep=2.867e-09 J
[z=0.995 m] PPT_i cap-hit = 0.000% (cap=1.00e+19)
[U] z=0.996 m  U= 2.105e-03 J  Δrel=-3.06%
[NL] z=0.996 m  Ipk=3.673e+17 W/m^2  Δn_e=2.865e-06  Δn_R=7.200e-06  IR=3.130e+17 W/m^2  Δn_p,min=-1.516e-06  |φ_K|=1.125e-03 rad  |φ_p|=5.956e-04 rad  α_ion(raw/appl)=4.770e-01/4.770e-01  α_IB=0.000e+00  α_R(raw/appl)=8.359e-03/8.359e-03 m^-1  Edep=2.810e-09 J
[z=0.996 m] PPT_i cap-hit = 0.000% (cap=1.00e+19)
[U] z=0.997 m  U= 2.105e-03 J  Δrel=-3.07%
[NL] z=0.997 m  Ipk=3.671e+17 W/m^2  Δn_e=2.864e-06  Δn_R=7.175e-06  IR=3.119e+17 W/m^2  Δn_p,min=-1.476e-06  |φ_K|=1.125e-03 rad  |φ_p|=5.797e-04 rad  α_ion(raw/appl)=4.761e-01/4.761e-01  α_IB=0.000e+00  α_R(raw/appl)=8.359e-03/8.359e-03 m^-1  Edep=2.753e-09 J
[z=0.997 m] PPT_i cap-hit = 0.000% (cap=1.00e+19)
[U] z=0.999 m  U= 2.105e-03 J  Δrel=-3.07%
[NL] z=0.999 m  Ipk=3.668e+17 W/m^2  Δn_e=2.861e-06  Δn_R=7.148e-06  IR=3.108e+17 W/m^2  Δn_p,min=-1.434e-06  |φ_K|=1.124e-03 rad  |φ_p|=5.633e-04 rad  α_ion(raw/appl)=4.742e-01/4.742e-01  α_IB=0.000e+00  α_R(raw/appl)=8.357e-03/8.357e-03 m^-1  Edep=2.697e-09 J
[z=0.999 m] PPT_i cap-hit = 0.000% (cap=1.00e+19)
[U] z=1.000 m  U= 2.105e-03 J  Δrel=-3.08%
[NL] z=1.000 m  Ipk=3.665e+17 W/m^2  Δn_e=2.859e-06  Δn_R=7.121e-06  IR=3.096e+17 W/m^2  Δn_p,min=-1.394e-06  |φ_K|=1.122e-03 rad  |φ_p|=5.474e-04 rad  α_ion(raw/appl)=4.717e-01/4.717e-01  α_IB=0.000e+00  α_R(raw/appl)=8.354e-03/8.354e-03 m^-1  Edep=2.641e-09 J
[z=1.000 m] PPT_i cap-hit = 0.000% (cap=1.00e+19)
[z] 1.000/1.300 m ( 76.92%)  elapsed 5737.4s  ETA 1721.2s
[U] z=1.001 m  U= 2.105e-03 J  Δrel=-3.09%
[NL] z=1.001 m  Ipk=3.659e+17 W/m^2  Δn_e=2.854e-06  Δn_R=7.091e-06  IR=3.083e+17 W/m^2  Δn_p,min=-1.352e-06  |φ_K|=1.121e-03 rad  |φ_p|=5.312e-04 rad  α_ion(raw/appl)=4.681e-01/4.681e-01  α_IB=0.000e+00  α_R(raw/appl)=8.349e-03/8.349e-03 m^-1  Edep=2.586e-09 J
[z=1.001 m] PPT_i cap-hit = 0.000% (cap=1.00e+19)
[U] z=1.002 m  U= 2.104e-03 J  Δrel=-3.09%
[NL] z=1.002 m  Ipk=3.653e+17 W/m^2  Δn_e=2.850e-06  Δn_R=7.059e-06  IR=3.069e+17 W/m^2  Δn_p,min=-1.313e-06  |φ_K|=1.119e-03 rad  |φ_p|=5.156e-04 rad  α_ion(raw/appl)=4.640e-01/4.640e-01  α_IB=0.000e+00  α_R(raw/appl)=8.344e-03/8.344e-03 m^-1  Edep=2.533e-09 J
[z=1.002 m] PPT_i cap-hit = 0.000% (cap=1.00e+19)
[U] z=1.004 m  U= 2.104e-03 J  Δrel=-3.10%
[NL] z=1.004 m  Ipk=3.645e+17 W/m^2  Δn_e=2.844e-06  Δn_R=7.026e-06  IR=3.055e+17 W/m^2  Δn_p,min=-1.273e-06  |φ_K|=1.117e-03 rad  |φ_p|=4.999e-04 rad  α_ion(raw/appl)=4.589e-01/4.589e-01  α_IB=0.000e+00  α_R(raw/appl)=8.337e-03/8.337e-03 m^-1  Edep=2.480e-09 J
[z=1.004 m] PPT_i cap-hit = 0.000% (cap=1.00e+19)
[U] z=1.005 m  U= 2.104e-03 J  Δrel=-3.10%
[NL] z=1.005 m  Ipk=3.637e+17 W/m^2  Δn_e=2.837e-06  Δn_R=6.991e-06  IR=3.040e+17 W/m^2  Δn_p,min=-1.233e-06  |φ_K|=1.115e-03 rad  |φ_p|=4.844e-04 rad  α_ion(raw/appl)=4.534e-01/4.534e-01  α_IB=0.000e+00  α_R(raw/appl)=8.328e-03/8.328e-03 m^-1  Edep=2.427e-09 J
[z=1.005 m] PPT_i cap-hit = 0.000% (cap=1.00e+19)
[U] z=1.006 m  U= 2.104e-03 J  Δrel=-3.11%
[NL] z=1.006 m  Ipk=3.628e+17 W/m^2  Δn_e=2.830e-06  Δn_R=6.956e-06  IR=3.024e+17 W/m^2  Δn_p,min=-1.195e-06  |φ_K|=1.112e-03 rad  |φ_p|=4.693e-04 rad  α_ion(raw/appl)=4.480e-01/4.480e-01  α_IB=0.000e+00  α_R(raw/appl)=8.316e-03/8.316e-03 m^-1  Edep=2.376e-09 J
[z=1.006 m] PPT_i cap-hit = 0.000% (cap=1.00e+19)
[U] z=1.007 m  U= 2.104e-03 J  Δrel=-3.11%
[NL] z=1.007 m  Ipk=3.619e+17 W/m^2  Δn_e=2.823e-06  Δn_R=6.920e-06  IR=3.009e+17 W/m^2  Δn_p,min=-1.156e-06  |φ_K|=1.109e-03 rad  |φ_p|=4.542e-04 rad  α_ion(raw/appl)=4.420e-01/4.420e-01  α_IB=0.000e+00  α_R(raw/appl)=8.304e-03/8.304e-03 m^-1  Edep=2.326e-09 J
[z=1.007 m] PPT_i cap-hit = 0.000% (cap=1.00e+19)
[U] z=1.009 m  U= 2.104e-03 J  Δrel=-3.12%
[NL] z=1.009 m  Ipk=3.609e+17 W/m^2  Δn_e=2.815e-06  Δn_R=6.883e-06  IR=2.993e+17 W/m^2  Δn_p,min=-1.119e-06  |φ_K|=1.106e-03 rad  |φ_p|=4.396e-04 rad  α_ion(raw/appl)=4.358e-01/4.358e-01  α_IB=0.000e+00  α_R(raw/appl)=8.289e-03/8.289e-03 m^-1  Edep=2.276e-09 J
[z=1.009 m] PPT_i cap-hit = 0.000% (cap=1.00e+19)
[U] z=1.010 m  U= 2.104e-03 J  Δrel=-3.12%
[NL] z=1.010 m  Ipk=3.597e+17 W/m^2  Δn_e=2.806e-06  Δn_R=6.844e-06  IR=2.975e+17 W/m^2  Δn_p,min=-1.081e-06  |φ_K|=1.102e-03 rad  |φ_p|=4.247e-04 rad  α_ion(raw/appl)=4.283e-01/4.283e-01  α_IB=0.000e+00  α_R(raw/appl)=8.271e-03/8.271e-03 m^-1  Edep=2.226e-09 J
[z=1.010 m] PPT_i cap-hit = 0.000% (cap=1.00e+19)
[U] z=1.011 m  U= 2.104e-03 J  Δrel=-3.13%
[NL] z=1.011 m  Ipk=3.584e+17 W/m^2  Δn_e=2.796e-06  Δn_R=6.804e-06  IR=2.958e+17 W/m^2  Δn_p,min=-1.045e-06  |φ_K|=1.098e-03 rad  |φ_p|=4.106e-04 rad  α_ion(raw/appl)=4.207e-01/4.207e-01  α_IB=0.000e+00  α_R(raw/appl)=8.251e-03/8.251e-03 m^-1  Edep=2.178e-09 J
[z=1.011 m] PPT_i cap-hit = 0.000% (cap=1.00e+19)
[U] z=1.012 m  U= 2.103e-03 J  Δrel=-3.13%
[NL] z=1.012 m  Ipk=3.570e+17 W/m^2  Δn_e=2.785e-06  Δn_R=6.761e-06  IR=2.940e+17 W/m^2  Δn_p,min=-1.008e-06  |φ_K|=1.094e-03 rad  |φ_p|=3.958e-04 rad  α_ion(raw/appl)=4.118e-01/4.118e-01  α_IB=0.000e+00  α_R(raw/appl)=8.230e-03/8.230e-03 m^-1  Edep=2.129e-09 J
[z=1.012 m] PPT_i cap-hit = 0.000% (cap=1.00e+19)
[z] 1.012/1.300 m ( 77.88%)  elapsed 5860.5s  ETA 1664.1s
[U] z=1.014 m  U= 2.103e-03 J  Δrel=-3.14%
[NL] z=1.014 m  Ipk=3.555e+17 W/m^2  Δn_e=2.773e-06  Δn_R=6.718e-06  IR=2.921e+17 W/m^2  Δn_p,min=-9.721e-07  |φ_K|=1.089e-03 rad  |φ_p|=3.818e-04 rad  α_ion(raw/appl)=4.027e-01/4.027e-01  α_IB=0.000e+00  α_R(raw/appl)=8.206e-03/8.206e-03 m^-1  Edep=2.081e-09 J
[z=1.014 m] PPT_i cap-hit = 0.000% (cap=1.00e+19)
[U] z=1.015 m  U= 2.103e-03 J  Δrel=-3.14%
[NL] z=1.015 m  Ipk=3.539e+17 W/m^2  Δn_e=2.761e-06  Δn_R=6.673e-06  IR=2.901e+17 W/m^2  Δn_p,min=-9.357e-07  |φ_K|=1.085e-03 rad  |φ_p|=3.676e-04 rad  α_ion(raw/appl)=3.937e-01/3.937e-01  α_IB=0.000e+00  α_R(raw/appl)=8.182e-03/8.182e-03 m^-1  Edep=2.034e-09 J
[z=1.015 m] PPT_i cap-hit = 0.000% (cap=1.00e+19)
[U] z=1.016 m  U= 2.103e-03 J  Δrel=-3.15%
[NL] z=1.016 m  Ipk=3.523e+17 W/m^2  Δn_e=2.748e-06  Δn_R=6.628e-06  IR=2.882e+17 W/m^2  Δn_p,min=-9.005e-07  |φ_K|=1.080e-03 rad  |φ_p|=3.537e-04 rad  α_ion(raw/appl)=3.843e-01/3.843e-01  α_IB=0.000e+00  α_R(raw/appl)=8.155e-03/8.155e-03 m^-1  Edep=1.988e-09 J
[z=1.016 m] PPT_i cap-hit = 0.000% (cap=1.00e+19)
[U] z=1.017 m  U= 2.103e-03 J  Δrel=-3.15%
[NL] z=1.017 m  Ipk=3.506e+17 W/m^2  Δn_e=2.735e-06  Δn_R=6.581e-06  IR=2.861e+17 W/m^2  Δn_p,min=-8.657e-07  |φ_K|=1.074e-03 rad  |φ_p|=3.401e-04 rad  α_ion(raw/appl)=3.743e-01/3.743e-01  α_IB=0.000e+00  α_R(raw/appl)=8.126e-03/8.126e-03 m^-1  Edep=1.942e-09 J
[z=1.017 m] PPT_i cap-hit = 0.000% (cap=1.00e+19)
[U] z=1.019 m  U= 2.103e-03 J  Δrel=-3.16%
[NL] z=1.019 m  Ipk=3.488e+17 W/m^2  Δn_e=2.721e-06  Δn_R=6.533e-06  IR=2.840e+17 W/m^2  Δn_p,min=-8.319e-07  |φ_K|=1.069e-03 rad  |φ_p|=3.268e-04 rad  α_ion(raw/appl)=3.644e-01/3.644e-01  α_IB=0.000e+00  α_R(raw/appl)=8.096e-03/8.096e-03 m^-1  Edep=1.897e-09 J
[z=1.019 m] PPT_i cap-hit = 0.000% (cap=1.00e+19)
[U] z=1.020 m  U= 2.103e-03 J  Δrel=-3.16%
[NL] z=1.020 m  Ipk=3.470e+17 W/m^2  Δn_e=2.707e-06  Δn_R=6.483e-06  IR=2.819e+17 W/m^2  Δn_p,min=-7.988e-07  |φ_K|=1.064e-03 rad  |φ_p|=3.138e-04 rad  α_ion(raw/appl)=3.546e-01/3.546e-01  α_IB=0.000e+00  α_R(raw/appl)=8.064e-03/8.064e-03 m^-1  Edep=1.852e-09 J
[z=1.020 m] PPT_i cap-hit = 0.000% (cap=1.00e+19)
[U] z=1.021 m  U= 2.103e-03 J  Δrel=-3.17%
[NL] z=1.021 m  Ipk=3.451e+17 W/m^2  Δn_e=2.692e-06  Δn_R=6.432e-06  IR=2.797e+17 W/m^2  Δn_p,min=-7.672e-07  |φ_K|=1.058e-03 rad  |φ_p|=3.013e-04 rad  α_ion(raw/appl)=3.444e-01/3.444e-01  α_IB=0.000e+00  α_R(raw/appl)=8.031e-03/8.031e-03 m^-1  Edep=1.809e-09 J
[z=1.021 m] PPT_i cap-hit = 0.000% (cap=1.00e+19)
[U] z=1.022 m  U= 2.103e-03 J  Δrel=-3.17%
[NL] z=1.022 m  Ipk=3.431e+17 W/m^2  Δn_e=2.676e-06  Δn_R=6.379e-06  IR=2.774e+17 W/m^2  Δn_p,min=-7.353e-07  |φ_K|=1.051e-03 rad  |φ_p|=2.888e-04 rad  α_ion(raw/appl)=3.335e-01/3.335e-01  α_IB=0.000e+00  α_R(raw/appl)=7.997e-03/7.997e-03 m^-1  Edep=1.765e-09 J
[z=1.022 m] PPT_i cap-hit = 0.000% (cap=1.00e+19)
[U] z=1.024 m  U= 2.102e-03 J  Δrel=-3.18%
[NL] z=1.024 m  Ipk=3.410e+17 W/m^2  Δn_e=2.660e-06  Δn_R=6.328e-06  IR=2.751e+17 W/m^2  Δn_p,min=-7.046e-07  |φ_K|=1.045e-03 rad  |φ_p|=2.768e-04 rad  α_ion(raw/appl)=3.228e-01/3.228e-01  α_IB=0.000e+00  α_R(raw/appl)=7.960e-03/7.960e-03 m^-1  Edep=1.722e-09 J
[z=1.024 m] PPT_i cap-hit = 0.000% (cap=1.00e+19)
[U] z=1.025 m  U= 2.102e-03 J  Δrel=-3.18%
[NL] z=1.025 m  Ipk=3.387e+17 W/m^2  Δn_e=2.642e-06  Δn_R=6.275e-06  IR=2.728e+17 W/m^2  Δn_p,min=-6.734e-07  |φ_K|=1.038e-03 rad  |φ_p|=2.645e-04 rad  α_ion(raw/appl)=3.116e-01/3.116e-01  α_IB=0.000e+00  α_R(raw/appl)=7.922e-03/7.922e-03 m^-1  Edep=1.680e-09 J
[z=1.025 m] PPT_i cap-hit = 0.000% (cap=1.00e+19)
[z] 1.025/1.300 m ( 78.85%)  elapsed 5984.0s  ETA 1605.5s
[U] z=1.026 m  U= 2.102e-03 J  Δrel=-3.19%
[NL] z=1.026 m  Ipk=3.364e+17 W/m^2  Δn_e=2.624e-06  Δn_R=6.221e-06  IR=2.705e+17 W/m^2  Δn_p,min=-6.436e-07  |φ_K|=1.031e-03 rad  |φ_p|=2.528e-04 rad  α_ion(raw/appl)=3.007e-01/3.007e-01  α_IB=0.000e+00  α_R(raw/appl)=7.881e-03/7.881e-03 m^-1  Edep=1.638e-09 J
[z=1.026 m] PPT_i cap-hit = 0.000% (cap=1.00e+19)
[U] z=1.027 m  U= 2.102e-03 J  Δrel=-3.19%
[NL] z=1.027 m  Ipk=3.339e+17 W/m^2  Δn_e=2.605e-06  Δn_R=6.166e-06  IR=2.681e+17 W/m^2  Δn_p,min=-6.140e-07  |φ_K|=1.024e-03 rad  |φ_p|=2.412e-04 rad  α_ion(raw/appl)=2.895e-01/2.895e-01  α_IB=0.000e+00  α_R(raw/appl)=7.838e-03/7.838e-03 m^-1  Edep=1.597e-09 J
[z=1.027 m] PPT_i cap-hit = 0.000% (cap=1.00e+19)
[U] z=1.029 m  U= 2.102e-03 J  Δrel=-3.20%
[NL] z=1.029 m  Ipk=3.315e+17 W/m^2  Δn_e=2.586e-06  Δn_R=6.109e-06  IR=2.656e+17 W/m^2  Δn_p,min=-5.844e-07  |φ_K|=1.016e-03 rad  |φ_p|=2.295e-04 rad  α_ion(raw/appl)=2.787e-01/2.787e-01  α_IB=0.000e+00  α_R(raw/appl)=7.792e-03/7.792e-03 m^-1  Edep=1.556e-09 J
[z=1.029 m] PPT_i cap-hit = 0.000% (cap=1.00e+19)
[U] z=1.030 m  U= 2.102e-03 J  Δrel=-3.20%
[NL] z=1.030 m  Ipk=3.292e+17 W/m^2  Δn_e=2.568e-06  Δn_R=6.053e-06  IR=2.632e+17 W/m^2  Δn_p,min=-5.557e-07  |φ_K|=1.009e-03 rad  |φ_p|=2.183e-04 rad  α_ion(raw/appl)=2.682e-01/2.682e-01  α_IB=0.000e+00  α_R(raw/appl)=7.744e-03/7.744e-03 m^-1  Edep=1.516e-09 J
[z=1.030 m] PPT_i cap-hit = 0.000% (cap=1.00e+19)
[U] z=1.031 m  U= 2.102e-03 J  Δrel=-3.21%
[NL] z=1.031 m  Ipk=3.266e+17 W/m^2  Δn_e=2.548e-06  Δn_R=5.995e-06  IR=2.606e+17 W/m^2  Δn_p,min=-5.265e-07  |φ_K|=1.001e-03 rad  |φ_p|=2.068e-04 rad  α_ion(raw/appl)=2.571e-01/2.571e-01  α_IB=0.000e+00  α_R(raw/appl)=7.694e-03/7.694e-03 m^-1  Edep=1.477e-09 J
[z=1.031 m] PPT_i cap-hit = 0.000% (cap=1.00e+19)
[U] z=1.032 m  U= 2.102e-03 J  Δrel=-3.21%
[NL] z=1.032 m  Ipk=3.240e+17 W/m^2  Δn_e=2.527e-06  Δn_R=5.937e-06  IR=2.581e+17 W/m^2  Δn_p,min=-4.991e-07  |φ_K|=9.927e-04 rad  |φ_p|=1.960e-04 rad  α_ion(raw/appl)=2.462e-01/2.462e-01  α_IB=0.000e+00  α_R(raw/appl)=7.642e-03/7.642e-03 m^-1  Edep=1.439e-09 J
[z=1.032 m] PPT_i cap-hit = 0.000% (cap=1.00e+19)
[U] z=1.034 m  U= 2.102e-03 J  Δrel=-3.22%
[NL] z=1.034 m  Ipk=3.212e+17 W/m^2  Δn_e=2.506e-06  Δn_R=5.878e-06  IR=2.556e+17 W/m^2  Δn_p,min=-4.720e-07  |φ_K|=9.842e-04 rad  |φ_p|=1.854e-04 rad  α_ion(raw/appl)=2.352e-01/2.352e-01  α_IB=0.000e+00  α_R(raw/appl)=7.590e-03/7.590e-03 m^-1  Edep=1.402e-09 J
[z=1.034 m] PPT_i cap-hit = 0.000% (cap=1.00e+19)
[U] z=1.035 m  U= 2.102e-03 J  Δrel=-3.22%
[NL] z=1.035 m  Ipk=3.184e+17 W/m^2  Δn_e=2.484e-06  Δn_R=5.818e-06  IR=2.529e+17 W/m^2  Δn_p,min=-4.460e-07  |φ_K|=9.758e-04 rad  |φ_p|=1.752e-04 rad  α_ion(raw/appl)=2.241e-01/2.241e-01  α_IB=0.000e+00  α_R(raw/appl)=7.535e-03/7.535e-03 m^-1  Edep=1.366e-09 J
[z=1.035 m] PPT_i cap-hit = 0.000% (cap=1.00e+19)
[U] z=1.036 m  U= 2.101e-03 J  Δrel=-3.22%
[NL] z=1.036 m  Ipk=3.157e+17 W/m^2  Δn_e=2.463e-06  Δn_R=5.758e-06  IR=2.503e+17 W/m^2  Δn_p,min=-4.214e-07  |φ_K|=9.676e-04 rad  |φ_p|=1.655e-04 rad  α_ion(raw/appl)=2.149e-01/2.149e-01  α_IB=0.000e+00  α_R(raw/appl)=7.479e-03/7.479e-03 m^-1  Edep=1.331e-09 J
[z=1.036 m] PPT_i cap-hit = 0.000% (cap=1.00e+19)
[U] z=1.037 m  U= 2.101e-03 J  Δrel=-3.23%
[NL] z=1.037 m  Ipk=3.129e+17 W/m^2  Δn_e=2.441e-06  Δn_R=5.695e-06  IR=2.476e+17 W/m^2  Δn_p,min=-3.967e-07  |φ_K|=9.588e-04 rad  |φ_p|=1.558e-04 rad  α_ion(raw/appl)=2.049e-01/2.049e-01  α_IB=0.000e+00  α_R(raw/appl)=7.422e-03/7.422e-03 m^-1  Edep=1.297e-09 J
[z=1.037 m] PPT_i cap-hit = 0.000% (cap=1.00e+19)
[z] 1.037/1.300 m ( 79.81%)  elapsed 6107.1s  ETA 1545.2s
[U] z=1.039 m  U= 2.101e-03 J  Δrel=-3.23%
[NL] z=1.039 m  Ipk=3.100e+17 W/m^2  Δn_e=2.419e-06  Δn_R=5.634e-06  IR=2.450e+17 W/m^2  Δn_p,min=-3.740e-07  |φ_K|=9.501e-04 rad  |φ_p|=1.469e-04 rad  α_ion(raw/appl)=1.953e-01/1.953e-01  α_IB=0.000e+00  α_R(raw/appl)=7.364e-03/7.364e-03 m^-1  Edep=1.264e-09 J
[z=1.039 m] PPT_i cap-hit = 0.000% (cap=1.00e+19)
[U] z=1.040 m  U= 2.101e-03 J  Δrel=-3.24%
[NL] z=1.040 m  Ipk=3.071e+17 W/m^2  Δn_e=2.396e-06  Δn_R=5.573e-06  IR=2.423e+17 W/m^2  Δn_p,min=-3.517e-07  |φ_K|=9.408e-04 rad  |φ_p|=1.382e-04 rad  α_ion(raw/appl)=1.854e-01/1.854e-01  α_IB=0.000e+00  α_R(raw/appl)=7.305e-03/7.305e-03 m^-1  Edep=1.232e-09 J
[z=1.040 m] PPT_i cap-hit = 0.000% (cap=1.00e+19)
[U] z=1.041 m  U= 2.101e-03 J  Δrel=-3.24%
[NL] z=1.041 m  Ipk=3.041e+17 W/m^2  Δn_e=2.372e-06  Δn_R=5.511e-06  IR=2.396e+17 W/m^2  Δn_p,min=-3.307e-07  |φ_K|=9.322e-04 rad  |φ_p|=1.299e-04 rad  α_ion(raw/appl)=1.759e-01/1.759e-01  α_IB=0.000e+00  α_R(raw/appl)=7.246e-03/7.246e-03 m^-1  Edep=1.201e-09 J
[z=1.041 m] PPT_i cap-hit = 0.000% (cap=1.00e+19)
[U] z=1.042 m  U= 2.101e-03 J  Δrel=-3.25%
[NL] z=1.042 m  Ipk=3.013e+17 W/m^2  Δn_e=2.351e-06  Δn_R=5.449e-06  IR=2.369e+17 W/m^2  Δn_p,min=-3.110e-07  |φ_K|=9.235e-04 rad  |φ_p|=1.222e-04 rad  α_ion(raw/appl)=1.676e-01/1.676e-01  α_IB=0.000e+00  α_R(raw/appl)=7.187e-03/7.187e-03 m^-1  Edep=1.171e-09 J
[z=1.042 m] PPT_i cap-hit = 0.000% (cap=1.00e+19)
[U] z=1.044 m  U= 2.101e-03 J  Δrel=-3.25%
[NL] z=1.044 m  Ipk=2.983e+17 W/m^2  Δn_e=2.327e-06  Δn_R=5.385e-06  IR=2.341e+17 W/m^2  Δn_p,min=-2.920e-07  |φ_K|=9.142e-04 rad  |φ_p|=1.147e-04 rad  α_ion(raw/appl)=1.594e-01/1.594e-01  α_IB=0.000e+00  α_R(raw/appl)=7.128e-03/7.128e-03 m^-1  Edep=1.142e-09 J
[z=1.044 m] PPT_i cap-hit = 0.000% (cap=1.00e+19)
[U] z=1.045 m  U= 2.101e-03 J  Δrel=-3.25%
[NL] z=1.045 m  Ipk=2.953e+17 W/m^2  Δn_e=2.304e-06  Δn_R=5.322e-06  IR=2.314e+17 W/m^2  Δn_p,min=-2.741e-07  |φ_K|=9.050e-04 rad  |φ_p|=1.077e-04 rad  α_ion(raw/appl)=1.513e-01/1.513e-01  α_IB=0.000e+00  α_R(raw/appl)=7.067e-03/7.067e-03 m^-1  Edep=1.115e-09 J
[z=1.045 m] PPT_i cap-hit = 0.000% (cap=1.00e+19)
[U] z=1.046 m  U= 2.101e-03 J  Δrel=-3.26%
[NL] z=1.046 m  Ipk=2.922e+17 W/m^2  Δn_e=2.280e-06  Δn_R=5.258e-06  IR=2.286e+17 W/m^2  Δn_p,min=-2.571e-07  |φ_K|=8.955e-04 rad  |φ_p|=1.010e-04 rad  α_ion(raw/appl)=1.430e-01/1.430e-01  α_IB=0.000e+00  α_R(raw/appl)=7.004e-03/7.004e-03 m^-1  Edep=1.088e-09 J
[z=1.046 m] PPT_i cap-hit = 0.000% (cap=1.00e+19)
[U] z=1.048 m  U= 2.101e-03 J  Δrel=-3.26%
[NL] z=1.048 m  Ipk=2.892e+17 W/m^2  Δn_e=2.256e-06  Δn_R=5.195e-06  IR=2.258e+17 W/m^2  Δn_p,min=-2.407e-07  |φ_K|=8.864e-04 rad  |φ_p|=9.456e-05 rad  α_ion(raw/appl)=1.351e-01/1.351e-01  α_IB=0.000e+00  α_R(raw/appl)=6.940e-03/6.940e-03 m^-1  Edep=1.062e-09 J
[z=1.047 m] PPT_i cap-hit = 0.000% (cap=1.00e+19)
[U] z=1.049 m  U= 2.101e-03 J  Δrel=-3.27%
[NL] z=1.049 m  Ipk=2.862e+17 W/m^2  Δn_e=2.233e-06  Δn_R=5.132e-06  IR=2.231e+17 W/m^2  Δn_p,min=-2.259e-07  |φ_K|=8.773e-04 rad  |φ_p|=8.873e-05 rad  α_ion(raw/appl)=1.283e-01/1.283e-01  α_IB=0.000e+00  α_R(raw/appl)=6.876e-03/6.876e-03 m^-1  Edep=1.036e-09 J
[z=1.049 m] PPT_i cap-hit = 0.000% (cap=1.00e+19)
[U] z=1.050 m  U= 2.100e-03 J  Δrel=-3.27%
[NL] z=1.050 m  Ipk=2.830e+17 W/m^2  Δn_e=2.208e-06  Δn_R=5.065e-06  IR=2.202e+17 W/m^2  Δn_p,min=-2.110e-07  |φ_K|=1.735e-03 rad  |φ_p|=1.657e-04 rad  α_ion(raw/appl)=1.216e-01/1.216e-01  α_IB=0.000e+00  α_R(raw/appl)=6.809e-03/6.809e-03 m^-1  Edep=2.024e-09 J
[z=1.050 m] PPT_i cap-hit = 0.000% (cap=1.00e+19)
[z] 1.050/1.300 m ( 80.77%)  elapsed 6230.8s  ETA 1483.2s
[U] z=1.053 m  U= 2.100e-03 J  Δrel=-3.28%
[NL] z=1.053 m  Ipk=2.767e+17 W/m^2  Δn_e=2.159e-06  Δn_R=4.935e-06  IR=2.146e+17 W/m^2  Δn_p,min=-1.846e-07  |φ_K|=1.696e-03 rad  |φ_p|=1.450e-04 rad  α_ion(raw/appl)=1.080e-01/1.080e-01  α_IB=0.000e+00  α_R(raw/appl)=6.676e-03/6.676e-03 m^-1  Edep=1.930e-09 J
[z=1.052 m] PPT_i cap-hit = 0.000% (cap=1.00e+19)
[U] z=1.055 m  U= 2.100e-03 J  Δrel=-3.28%
[NL] z=1.055 m  Ipk=2.704e+17 W/m^2  Δn_e=2.110e-06  Δn_R=4.805e-06  IR=2.089e+17 W/m^2  Δn_p,min=-1.617e-07  |φ_K|=1.658e-03 rad  |φ_p|=1.271e-04 rad  α_ion(raw/appl)=9.688e-02/9.688e-02  α_IB=0.000e+00  α_R(raw/appl)=6.539e-03/6.539e-03 m^-1  Edep=1.841e-09 J
[z=1.055 m] PPT_i cap-hit = 0.000% (cap=1.00e+19)
[U] z=1.058 m  U= 2.100e-03 J  Δrel=-3.29%
[NL] z=1.058 m  Ipk=2.640e+17 W/m^2  Δn_e=2.060e-06  Δn_R=4.676e-06  IR=2.033e+17 W/m^2  Δn_p,min=-1.416e-07  |φ_K|=1.619e-03 rad  |φ_p|=1.113e-04 rad  α_ion(raw/appl)=8.604e-02/8.604e-02  α_IB=0.000e+00  α_R(raw/appl)=6.400e-03/6.400e-03 m^-1  Edep=1.757e-09 J
[z=1.057 m] PPT_i cap-hit = 0.000% (cap=1.00e+19)
[U] z=1.060 m  U= 2.100e-03 J  Δrel=-3.29%
[NL] z=1.060 m  Ipk=2.575e+17 W/m^2  Δn_e=2.010e-06  Δn_R=4.546e-06  IR=1.977e+17 W/m^2  Δn_p,min=-1.243e-07  |φ_K|=1.578e-03 rad  |φ_p|=9.768e-05 rad  α_ion(raw/appl)=7.690e-02/7.690e-02  α_IB=0.000e+00  α_R(raw/appl)=6.262e-03/6.262e-03 m^-1  Edep=1.678e-09 J
[z=1.060 m] PPT_i cap-hit = 0.000% (cap=1.00e+19)
[U] z=1.063 m  U= 2.100e-03 J  Δrel=-3.29%
[NL] z=1.063 m  Ipk=2.509e+17 W/m^2  Δn_e=1.958e-06  Δn_R=4.420e-06  IR=1.922e+17 W/m^2  Δn_p,min=-1.096e-07  |φ_K|=1.539e-03 rad  |φ_p|=8.614e-05 rad  α_ion(raw/appl)=6.906e-02/6.906e-02  α_IB=0.000e+00  α_R(raw/appl)=6.124e-03/6.124e-03 m^-1  Edep=1.605e-09 J
[z=1.062 m] PPT_i cap-hit = 0.000% (cap=1.00e+19)
[U] z=1.065 m  U= 2.100e-03 J  Δrel=-3.30%
[NL] z=1.065 m  Ipk=2.445e+17 W/m^2  Δn_e=1.908e-06  Δn_R=4.293e-06  IR=1.867e+17 W/m^2  Δn_p,min=-9.692e-08  |φ_K|=1.499e-03 rad  |φ_p|=7.614e-05 rad  α_ion(raw/appl)=6.268e-02/6.268e-02  α_IB=0.000e+00  α_R(raw/appl)=5.984e-03/5.984e-03 m^-1  Edep=1.534e-09 J
[z=1.065 m] PPT_i cap-hit = 0.000% (cap=1.00e+19)
[U] z=1.068 m  U= 2.100e-03 J  Δrel=-3.30%
[NL] z=1.068 m  Ipk=2.379e+17 W/m^2  Δn_e=1.857e-06  Δn_R=4.166e-06  IR=1.811e+17 W/m^2  Δn_p,min=-8.602e-08  |φ_K|=1.459e-03 rad  |φ_p|=6.758e-05 rad  α_ion(raw/appl)=5.806e-02/5.806e-02  α_IB=0.000e+00  α_R(raw/appl)=5.845e-03/5.845e-03 m^-1  Edep=1.468e-09 J
[z=1.067 m] PPT_i cap-hit = 0.000% (cap=1.00e+19)
[U] z=1.070 m  U= 2.100e-03 J  Δrel=-3.31%
[NL] z=1.070 m  Ipk=2.312e+17 W/m^2  Δn_e=1.805e-06  Δn_R=4.040e-06  IR=1.756e+17 W/m^2  Δn_p,min=-7.592e-08  |φ_K|=1.417e-03 rad  |φ_p|=5.964e-05 rad  α_ion(raw/appl)=5.698e-02/5.698e-02  α_IB=0.000e+00  α_R(raw/appl)=5.707e-03/5.707e-03 m^-1  Edep=1.404e-09 J
[z=1.070 m] PPT_i cap-hit = 0.000% (cap=1.00e+19)
[U] z=1.073 m  U= 2.100e-03 J  Δrel=-3.31%
[NL] z=1.073 m  Ipk=2.246e+17 W/m^2  Δn_e=1.753e-06  Δn_R=3.916e-06  IR=1.703e+17 W/m^2  Δn_p,min=-6.500e-08  |φ_K|=1.377e-03 rad  |φ_p|=5.106e-05 rad  α_ion(raw/appl)=5.185e-02/5.185e-02  α_IB=0.000e+00  α_R(raw/appl)=5.568e-03/5.568e-03 m^-1  Edep=1.344e-09 J
[z=1.072 m] PPT_i cap-hit = 0.000% (cap=1.00e+19)
[U] z=1.075 m  U= 2.099e-03 J  Δrel=-3.32%
[NL] z=1.075 m  Ipk=2.182e+17 W/m^2  Δn_e=1.703e-06  Δn_R=3.794e-06  IR=1.649e+17 W/m^2  Δn_p,min=-5.489e-08  |φ_K|=1.338e-03 rad  |φ_p|=4.312e-05 rad  α_ion(raw/appl)=4.607e-02/4.607e-02  α_IB=0.000e+00  α_R(raw/appl)=5.432e-03/5.432e-03 m^-1  Edep=1.288e-09 J
[z=1.075 m] PPT_i cap-hit = 0.000% (cap=1.00e+19)
[z] 1.075/1.300 m ( 82.70%)  elapsed 6354.2s  ETA 1329.6s
[U] z=1.078 m  U= 2.099e-03 J  Δrel=-3.32%
[NL] z=1.078 m  Ipk=2.121e+17 W/m^2  Δn_e=1.655e-06  Δn_R=3.672e-06  IR=1.597e+17 W/m^2  Δn_p,min=-4.587e-08  |φ_K|=1.301e-03 rad  |φ_p|=3.604e-05 rad  α_ion(raw/appl)=4.044e-02/4.044e-02  α_IB=0.000e+00  α_R(raw/appl)=5.297e-03/5.297e-03 m^-1  Edep=1.235e-09 J
[z=1.077 m] PPT_i cap-hit = 0.000% (cap=1.00e+19)
[U] z=1.080 m  U= 2.099e-03 J  Δrel=-3.33%
[NL] z=1.080 m  Ipk=2.060e+17 W/m^2  Δn_e=1.607e-06  Δn_R=3.554e-06  IR=1.545e+17 W/m^2  Δn_p,min=-3.804e-08  |φ_K|=1.263e-03 rad  |φ_p|=2.989e-05 rad  α_ion(raw/appl)=3.514e-02/3.514e-02  α_IB=0.000e+00  α_R(raw/appl)=5.164e-03/5.164e-03 m^-1  Edep=1.187e-09 J
[z=1.080 m] PPT_i cap-hit = 0.000% (cap=1.00e+19)
[U] z=1.083 m  U= 2.099e-03 J  Δrel=-3.33%
[NL] z=1.083 m  Ipk=1.998e+17 W/m^2  Δn_e=1.560e-06  Δn_R=3.437e-06  IR=1.495e+17 W/m^2  Δn_p,min=-3.136e-08  |φ_K|=1.225e-03 rad  |φ_p|=2.464e-05 rad  α_ion(raw/appl)=3.022e-02/3.022e-02  α_IB=0.000e+00  α_R(raw/appl)=5.034e-03/5.034e-03 m^-1  Edep=1.142e-09 J
[z=1.082 m] PPT_i cap-hit = 0.000% (cap=1.00e+19)
[U] z=1.085 m  U= 2.099e-03 J  Δrel=-3.33%
[NL] z=1.085 m  Ipk=1.940e+17 W/m^2  Δn_e=1.514e-06  Δn_R=3.323e-06  IR=1.445e+17 W/m^2  Δn_p,min=-2.570e-08  |φ_K|=1.190e-03 rad  |φ_p|=2.019e-05 rad  α_ion(raw/appl)=2.596e-02/2.596e-02  α_IB=0.000e+00  α_R(raw/appl)=4.905e-03/4.905e-03 m^-1  Edep=1.100e-09 J
[z=1.085 m] PPT_i cap-hit = 0.000% (cap=1.00e+19)
[U] z=1.088 m  U= 2.099e-03 J  Δrel=-3.34%
[NL] z=1.088 m  Ipk=1.882e+17 W/m^2  Δn_e=1.469e-06  Δn_R=3.211e-06  IR=1.396e+17 W/m^2  Δn_p,min=-2.094e-08  |φ_K|=1.154e-03 rad  |φ_p|=1.645e-05 rad  α_ion(raw/appl)=2.212e-02/2.212e-02  α_IB=0.000e+00  α_R(raw/appl)=4.778e-03/4.778e-03 m^-1  Edep=1.061e-09 J
[z=1.087 m] PPT_i cap-hit = 0.000% (cap=1.00e+19)
[U] z=1.090 m  U= 2.099e-03 J  Δrel=-3.34%
[NL] z=1.090 m  Ipk=1.825e+17 W/m^2  Δn_e=1.424e-06  Δn_R=3.100e-06  IR=1.348e+17 W/m^2  Δn_p,min=-1.699e-08  |φ_K|=1.119e-03 rad  |φ_p|=1.335e-05 rad  α_ion(raw/appl)=1.878e-02/1.878e-02  α_IB=0.000e+00  α_R(raw/appl)=4.650e-03/4.650e-03 m^-1  Edep=1.024e-09 J
[z=1.090 m] PPT_i cap-hit = 0.000% (cap=1.00e+19)
[U] z=1.093 m  U= 2.099e-03 J  Δrel=-3.34%
[NL] z=1.093 m  Ipk=1.770e+17 W/m^2  Δn_e=1.381e-06  Δn_R=2.991e-06  IR=1.301e+17 W/m^2  Δn_p,min=-1.371e-08  |φ_K|=1.085e-03 rad  |φ_p|=1.077e-05 rad  α_ion(raw/appl)=1.592e-02/1.592e-02  α_IB=0.000e+00  α_R(raw/appl)=4.525e-03/4.525e-03 m^-1  Edep=9.889e-10 J
[z=1.092 m] PPT_i cap-hit = 0.000% (cap=1.00e+19)
[U] z=1.095 m  U= 2.099e-03 J  Δrel=-3.35%
[NL] z=1.095 m  Ipk=1.715e+17 W/m^2  Δn_e=1.338e-06  Δn_R=2.885e-06  IR=1.254e+17 W/m^2  Δn_p,min=-1.101e-08  |φ_K|=1.051e-03 rad  |φ_p|=8.650e-06 rad  α_ion(raw/appl)=1.337e-02/1.337e-02  α_IB=0.000e+00  α_R(raw/appl)=4.403e-03/4.403e-03 m^-1  Edep=9.561e-10 J
[z=1.095 m] PPT_i cap-hit = 0.000% (cap=1.00e+19)
[U] z=1.098 m  U= 2.099e-03 J  Δrel=-3.35%
[NL] z=1.098 m  Ipk=1.660e+17 W/m^2  Δn_e=1.296e-06  Δn_R=2.782e-06  IR=1.210e+17 W/m^2  Δn_p,min=-8.822e-09  |φ_K|=1.018e-03 rad  |φ_p|=6.931e-06 rad  α_ion(raw/appl)=1.117e-02/1.117e-02  α_IB=0.000e+00  α_R(raw/appl)=4.281e-03/4.281e-03 m^-1  Edep=9.246e-10 J
[z=1.097 m] PPT_i cap-hit = 0.000% (cap=1.00e+19)
[U] z=1.100 m  U= 2.099e-03 J  Δrel=-3.36%
[NL] z=1.100 m  Ipk=1.609e+17 W/m^2  Δn_e=1.255e-06  Δn_R=2.682e-06  IR=1.166e+17 W/m^2  Δn_p,min=-7.054e-09  |φ_K|=9.866e-04 rad  |φ_p|=5.541e-06 rad  α_ion(raw/appl)=9.365e-03/9.365e-03  α_IB=0.000e+00  α_R(raw/appl)=4.160e-03/4.160e-03 m^-1  Edep=8.942e-10 J
[z=1.100 m] PPT_i cap-hit = 0.000% (cap=1.00e+19)
[z] 1.100/1.300 m ( 84.62%)  elapsed 6478.0s  ETA 1177.5s
[U] z=1.103 m  U= 2.099e-03 J  Δrel=-3.36%
[NL] z=1.103 m  Ipk=1.558e+17 W/m^2  Δn_e=1.216e-06  Δn_R=2.586e-06  IR=1.124e+17 W/m^2  Δn_p,min=-5.621e-09  |φ_K|=9.551e-04 rad  |φ_p|=4.416e-06 rad  α_ion(raw/appl)=7.811e-03/7.811e-03  α_IB=0.000e+00  α_R(raw/appl)=4.043e-03/4.043e-03 m^-1  Edep=8.656e-10 J
[z=1.102 m] PPT_i cap-hit = 0.000% (cap=1.00e+19)
[U] z=1.105 m  U= 2.098e-03 J  Δrel=-3.36%
[NL] z=1.105 m  Ipk=1.507e+17 W/m^2  Δn_e=1.176e-06  Δn_R=2.492e-06  IR=1.083e+17 W/m^2  Δn_p,min=-4.465e-09  |φ_K|=9.238e-04 rad  |φ_p|=3.507e-06 rad  α_ion(raw/appl)=6.472e-03/6.472e-03  α_IB=0.000e+00  α_R(raw/appl)=3.930e-03/3.930e-03 m^-1  Edep=8.385e-10 J
[z=1.105 m] PPT_i cap-hit = 0.000% (cap=1.00e+19)
[U] z=1.108 m  U= 2.098e-03 J  Δrel=-3.37%
[NL] z=1.108 m  Ipk=1.458e+17 W/m^2  Δn_e=1.138e-06  Δn_R=2.400e-06  IR=1.043e+17 W/m^2  Δn_p,min=-3.539e-09  |φ_K|=8.945e-04 rad  |φ_p|=2.780e-06 rad  α_ion(raw/appl)=5.352e-03/5.352e-03  α_IB=0.000e+00  α_R(raw/appl)=3.817e-03/3.817e-03 m^-1  Edep=8.121e-10 J
[z=1.107 m] PPT_i cap-hit = 0.000% (cap=1.00e+19)
[U] z=1.110 m  U= 2.098e-03 J  Δrel=-3.37%
[NL] z=1.110 m  Ipk=1.412e+17 W/m^2  Δn_e=1.102e-06  Δn_R=2.311e-06  IR=1.005e+17 W/m^2  Δn_p,min=-2.799e-09  |φ_K|=8.657e-04 rad  |φ_p|=2.199e-06 rad  α_ion(raw/appl)=4.436e-03/4.436e-03  α_IB=0.000e+00  α_R(raw/appl)=3.705e-03/3.705e-03 m^-1  Edep=7.863e-10 J
[z=1.110 m] PPT_i cap-hit = 0.000% (cap=1.00e+19)
[U] z=1.113 m  U= 2.098e-03 J  Δrel=-3.38%
[NL] z=1.113 m  Ipk=1.366e+17 W/m^2  Δn_e=1.066e-06  Δn_R=2.225e-06  IR=9.676e+16 W/m^2  Δn_p,min=-2.211e-09  |φ_K|=8.373e-04 rad  |φ_p|=1.737e-06 rad  α_ion(raw/appl)=3.660e-03/3.660e-03  α_IB=0.000e+00  α_R(raw/appl)=3.598e-03/3.598e-03 m^-1  Edep=7.621e-10 J
[z=1.112 m] PPT_i cap-hit = 0.000% (cap=1.00e+19)
[U] z=1.115 m  U= 2.098e-03 J  Δrel=-3.38%
[NL] z=1.115 m  Ipk=1.320e+17 W/m^2  Δn_e=1.030e-06  Δn_R=2.141e-06  IR=9.311e+16 W/m^2  Δn_p,min=-1.741e-09  |φ_K|=8.095e-04 rad  |φ_p|=1.368e-06 rad  α_ion(raw/appl)=2.999e-03/2.999e-03  α_IB=0.000e+00  α_R(raw/appl)=3.494e-03/3.494e-03 m^-1  Edep=7.388e-10 J
[z=1.115 m] PPT_i cap-hit = 0.000% (cap=1.00e+19)
[U] z=1.118 m  U= 2.098e-03 J  Δrel=-3.38%
[NL] z=1.118 m  Ipk=1.277e+17 W/m^2  Δn_e=9.965e-07  Δn_R=2.061e-06  IR=8.960e+16 W/m^2  Δn_p,min=-1.367e-09  |φ_K|=7.831e-04 rad  |φ_p|=1.074e-06 rad  α_ion(raw/appl)=2.464e-03/2.464e-03  α_IB=0.000e+00  α_R(raw/appl)=3.391e-03/3.391e-03 m^-1  Edep=7.161e-10 J
[z=1.117 m] PPT_i cap-hit = 0.000% (cap=1.00e+19)
[U] z=1.120 m  U= 2.098e-03 J  Δrel=-3.39%
[NL] z=1.120 m  Ipk=1.235e+17 W/m^2  Δn_e=9.640e-07  Δn_R=1.983e-06  IR=8.623e+16 W/m^2  Δn_p,min=-1.075e-09  |φ_K|=7.573e-04 rad  |φ_p|=8.442e-07 rad  α_ion(raw/appl)=2.025e-03/2.025e-03  α_IB=0.000e+00  α_R(raw/appl)=3.292e-03/3.292e-03 m^-1  Edep=6.943e-10 J
[z=1.120 m] PPT_i cap-hit = 0.000% (cap=1.00e+19)
[U] z=1.123 m  U= 2.098e-03 J  Δrel=-3.39%
[NL] z=1.123 m  Ipk=1.194e+17 W/m^2  Δn_e=9.320e-07  Δn_R=1.908e-06  IR=8.296e+16 W/m^2  Δn_p,min=-8.429e-10  |φ_K|=7.321e-04 rad  |φ_p|=6.622e-07 rad  α_ion(raw/appl)=1.656e-03/1.656e-03  α_IB=0.000e+00  α_R(raw/appl)=3.198e-03/3.198e-03 m^-1  Edep=6.737e-10 J
[z=1.122 m] PPT_i cap-hit = 0.000% (cap=1.00e+19)
[U] z=1.125 m  U= 2.098e-03 J  Δrel=-3.39%
[NL] z=1.125 m  Ipk=1.155e+17 W/m^2  Δn_e=9.013e-07  Δn_R=1.836e-06  IR=7.982e+16 W/m^2  Δn_p,min=-6.599e-10  |φ_K|=7.084e-04 rad  |φ_p|=5.185e-07 rad  α_ion(raw/appl)=1.355e-03/1.355e-03  α_IB=0.000e+00  α_R(raw/appl)=3.105e-03/3.105e-03 m^-1  Edep=6.537e-10 J
[z=1.125 m] PPT_i cap-hit = 0.000% (cap=1.00e+19)
[z] 1.125/1.300 m ( 86.54%)  elapsed 6601.9s  ETA 1026.6s
[U] z=1.128 m  U= 2.098e-03 J  Δrel=-3.40%
[NL] z=1.128 m  Ipk=1.117e+17 W/m^2  Δn_e=8.718e-07  Δn_R=1.766e-06  IR=7.676e+16 W/m^2  Δn_p,min=-5.158e-10  |φ_K|=6.851e-04 rad  |φ_p|=4.052e-07 rad  α_ion(raw/appl)=1.110e-03/1.110e-03  α_IB=0.000e+00  α_R(raw/appl)=3.014e-03/3.014e-03 m^-1  Edep=6.341e-10 J
[z=1.127 m] PPT_i cap-hit = 0.000% (cap=1.00e+19)
[U] z=1.130 m  U= 2.098e-03 J  Δrel=-3.40%
[NL] z=1.130 m  Ipk=1.080e+17 W/m^2  Δn_e=8.429e-07  Δn_R=1.697e-06  IR=7.380e+16 W/m^2  Δn_p,min=-4.028e-10  |φ_K|=6.621e-04 rad  |φ_p|=3.165e-07 rad  α_ion(raw/appl)=9.057e-04/9.057e-04  α_IB=0.000e+00  α_R(raw/appl)=2.926e-03/2.926e-03 m^-1  Edep=6.152e-10 J
[z=1.130 m] PPT_i cap-hit = 0.000% (cap=1.00e+19)
[U] z=1.133 m  U= 2.098e-03 J  Δrel=-3.40%
[NL] z=1.133 m  Ipk=1.043e+17 W/m^2  Δn_e=8.144e-07  Δn_R=1.632e-06  IR=7.095e+16 W/m^2  Δn_p,min=-3.139e-10  |φ_K|=6.395e-04 rad  |φ_p|=2.466e-07 rad  α_ion(raw/appl)=7.351e-04/7.351e-04  α_IB=0.000e+00  α_R(raw/appl)=2.842e-03/2.842e-03 m^-1  Edep=5.973e-10 J
[z=1.132 m] PPT_i cap-hit = 0.000% (cap=1.00e+19)
[U] z=1.135 m  U= 2.098e-03 J  Δrel=-3.41%
[NL] z=1.135 m  Ipk=1.007e+17 W/m^2  Δn_e=7.862e-07  Δn_R=1.568e-06  IR=6.817e+16 W/m^2  Δn_p,min=-2.437e-10  |φ_K|=6.180e-04 rad  |φ_p|=1.915e-07 rad  α_ion(raw/appl)=5.932e-04/5.932e-04  α_IB=0.000e+00  α_R(raw/appl)=2.760e-03/2.760e-03 m^-1  Edep=5.799e-10 J
[z=1.135 m] PPT_i cap-hit = 0.000% (cap=1.00e+19)
[U] z=1.138 m  U= 2.097e-03 J  Δrel=-3.41%
[NL] z=1.138 m  Ipk=9.739e+16 W/m^2  Δn_e=7.602e-07  Δn_R=1.507e-06  IR=6.551e+16 W/m^2  Δn_p,min=-1.895e-10  |φ_K|=5.974e-04 rad  |φ_p|=1.489e-07 rad  α_ion(raw/appl)=4.830e-04/4.830e-04  α_IB=0.000e+00  α_R(raw/appl)=2.681e-03/2.681e-03 m^-1  Edep=5.630e-10 J
[z=1.137 m] PPT_i cap-hit = 0.000% (cap=1.00e+19)
[U] z=1.140 m  U= 2.097e-03 J  Δrel=-3.41%
[NL] z=1.140 m  Ipk=9.412e+16 W/m^2  Δn_e=7.346e-07  Δn_R=1.448e-06  IR=6.297e+16 W/m^2  Δn_p,min=-1.473e-10  |φ_K|=5.772e-04 rad  |φ_p|=1.157e-07 rad  α_ion(raw/appl)=3.916e-04/3.916e-04  α_IB=0.000e+00  α_R(raw/appl)=2.604e-03/2.604e-03 m^-1  Edep=5.467e-10 J
[z=1.140 m] PPT_i cap-hit = 0.000% (cap=1.00e+19)
[U] z=1.143 m  U= 2.097e-03 J  Δrel=-3.42%
[NL] z=1.143 m  Ipk=9.090e+16 W/m^2  Δn_e=7.095e-07  Δn_R=1.392e-06  IR=6.051e+16 W/m^2  Δn_p,min=-1.143e-10  |φ_K|=5.572e-04 rad  |φ_p|=8.976e-08 rad  α_ion(raw/appl)=3.161e-04/3.161e-04  α_IB=0.000e+00  α_R(raw/appl)=2.531e-03/2.531e-03 m^-1  Edep=5.312e-10 J
[z=1.142 m] PPT_i cap-hit = 0.000% (cap=1.00e+19)
[U] z=1.145 m  U= 2.097e-03 J  Δrel=-3.42%
[NL] z=1.145 m  Ipk=8.771e+16 W/m^2  Δn_e=6.846e-07  Δn_R=1.336e-06  IR=5.810e+16 W/m^2  Δn_p,min=-8.831e-11  |φ_K|=5.380e-04 rad  |φ_p|=6.938e-08 rad  α_ion(raw/appl)=2.535e-04/2.535e-04  α_IB=0.000e+00  α_R(raw/appl)=2.460e-03/2.460e-03 m^-1  Edep=5.163e-10 J
[z=1.145 m] PPT_i cap-hit = 0.000% (cap=1.00e+19)
[U] z=1.148 m  U= 2.097e-03 J  Δrel=-3.42%
[NL] z=1.148 m  Ipk=8.474e+16 W/m^2  Δn_e=6.614e-07  Δn_R=1.284e-06  IR=5.582e+16 W/m^2  Δn_p,min=-6.832e-11  |φ_K|=5.198e-04 rad  |φ_p|=5.367e-08 rad  α_ion(raw/appl)=2.047e-04/2.047e-04  α_IB=0.000e+00  α_R(raw/appl)=2.392e-03/2.392e-03 m^-1  Edep=5.020e-10 J
[z=1.147 m] PPT_i cap-hit = 0.000% (cap=1.00e+19)
[U] z=1.150 m  U= 2.097e-03 J  Δrel=-3.42%
[NL] z=1.150 m  Ipk=8.188e+16 W/m^2  Δn_e=6.391e-07  Δn_R=1.233e-06  IR=5.362e+16 W/m^2  Δn_p,min=-5.288e-11  |φ_K|=5.021e-04 rad  |φ_p|=4.154e-08 rad  α_ion(raw/appl)=1.653e-04/1.653e-04  α_IB=0.000e+00  α_R(raw/appl)=2.326e-03/2.326e-03 m^-1  Edep=4.880e-10 J
[z=1.150 m] PPT_i cap-hit = 0.000% (cap=1.00e+19)
[z] 1.150/1.300 m ( 88.47%)  elapsed 6725.8s  ETA  876.9s
[U] z=1.153 m  U= 2.097e-03 J  Δrel=-3.43%
[NL] z=1.153 m  Ipk=7.904e+16 W/m^2  Δn_e=6.170e-07  Δn_R=1.184e-06  IR=5.148e+16 W/m^2  Δn_p,min=-4.079e-11  |φ_K|=4.846e-04 rad  |φ_p|=3.205e-08 rad  α_ion(raw/appl)=1.327e-04/1.327e-04  α_IB=0.000e+00  α_R(raw/appl)=2.264e-03/2.264e-03 m^-1  Edep=4.749e-10 J
[z=1.152 m] PPT_i cap-hit = 0.000% (cap=1.00e+19)
[U] z=1.155 m  U= 2.097e-03 J  Δrel=-3.43%
[NL] z=1.155 m  Ipk=7.631e+16 W/m^2  Δn_e=5.956e-07  Δn_R=1.137e-06  IR=4.944e+16 W/m^2  Δn_p,min=-3.143e-11  |φ_K|=4.683e-04 rad  |φ_p|=2.469e-08 rad  α_ion(raw/appl)=1.065e-04/1.065e-04  α_IB=0.000e+00  α_R(raw/appl)=2.204e-03/2.204e-03 m^-1  Edep=4.623e-10 J
[z=1.155 m] PPT_i cap-hit = 0.000% (cap=1.00e+19)
[U] z=1.158 m  U= 2.097e-03 J  Δrel=-3.43%
[NL] z=1.158 m  Ipk=7.376e+16 W/m^2  Δn_e=5.758e-07  Δn_R=1.092e-06  IR=4.749e+16 W/m^2  Δn_p,min=-2.428e-11  |φ_K|=4.526e-04 rad  |φ_p|=1.907e-08 rad  α_ion(raw/appl)=8.609e-05/8.609e-05  α_IB=0.000e+00  α_R(raw/appl)=2.146e-03/2.146e-03 m^-1  Edep=4.502e-10 J
[z=1.157 m] PPT_i cap-hit = 0.000% (cap=1.00e+19)
[U] z=1.160 m  U= 2.097e-03 J  Δrel=-3.44%
[NL] z=1.160 m  Ipk=7.127e+16 W/m^2  Δn_e=5.563e-07  Δn_R=1.049e-06  IR=4.560e+16 W/m^2  Δn_p,min=-1.871e-11  |φ_K|=4.371e-04 rad  |φ_p|=1.470e-08 rad  α_ion(raw/appl)=6.929e-05/6.929e-05  α_IB=0.000e+00  α_R(raw/appl)=2.091e-03/2.091e-03 m^-1  Edep=4.385e-10 J
[z=1.160 m] PPT_i cap-hit = 0.000% (cap=1.00e+19)
[U] z=1.163 m  U= 2.097e-03 J  Δrel=-3.44%
[NL] z=1.163 m  Ipk=6.880e+16 W/m^2  Δn_e=5.370e-07  Δn_R=1.007e-06  IR=4.380e+16 W/m^2  Δn_p,min=-1.439e-11  |φ_K|=4.218e-04 rad  |φ_p|=1.131e-08 rad  α_ion(raw/appl)=5.549e-05/5.549e-05  α_IB=0.000e+00  α_R(raw/appl)=2.037e-03/2.037e-03 m^-1  Edep=4.273e-10 J
[z=1.162 m] PPT_i cap-hit = 0.000% (cap=1.00e+19)
[U] z=1.165 m  U= 2.097e-03 J  Δrel=-3.44%
[NL] z=1.165 m  Ipk=6.643e+16 W/m^2  Δn_e=5.185e-07  Δn_R=9.680e-07  IR=4.209e+16 W/m^2  Δn_p,min=-1.111e-11  |φ_K|=4.072e-04 rad  |φ_p|=8.729e-09 rad  α_ion(raw/appl)=4.445e-05/4.445e-05  α_IB=0.000e+00  α_R(raw/appl)=1.987e-03/1.987e-03 m^-1  Edep=4.166e-10 J
[z=1.165 m] PPT_i cap-hit = 0.000% (cap=1.00e+19)
[U] z=1.168 m  U= 2.097e-03 J  Δrel=-3.45%
[NL] z=1.168 m  Ipk=6.410e+16 W/m^2  Δn_e=5.004e-07  Δn_R=9.297e-07  IR=4.042e+16 W/m^2  Δn_p,min=-8.561e-12  |φ_K|=3.929e-04 rad  |φ_p|=6.725e-09 rad  α_ion(raw/appl)=3.545e-05/3.545e-05  α_IB=0.000e+00  α_R(raw/appl)=1.938e-03/1.938e-03 m^-1  Edep=4.064e-10 J
[z=1.167 m] PPT_i cap-hit = 0.000% (cap=1.00e+19)
[U] z=1.170 m  U= 2.097e-03 J  Δrel=-3.45%
[NL] z=1.170 m  Ipk=6.184e+16 W/m^2  Δn_e=4.827e-07  Δn_R=8.928e-07  IR=3.882e+16 W/m^2  Δn_p,min=-6.574e-12  |φ_K|=3.794e-04 rad  |φ_p|=5.165e-09 rad  α_ion(raw/appl)=2.819e-05/2.819e-05  α_IB=0.000e+00  α_R(raw/appl)=1.892e-03/1.892e-03 m^-1  Edep=3.966e-10 J
[z=1.170 m] PPT_i cap-hit = 0.000% (cap=1.00e+19)
[U] z=1.173 m  U= 2.097e-03 J  Δrel=-3.45%
[NL] z=1.173 m  Ipk=5.974e+16 W/m^2  Δn_e=4.663e-07  Δn_R=8.579e-07  IR=3.730e+16 W/m^2  Δn_p,min=-5.068e-12  |φ_K|=3.664e-04 rad  |φ_p|=3.981e-09 rad  α_ion(raw/appl)=2.263e-05/2.263e-05  α_IB=0.000e+00  α_R(raw/appl)=1.847e-03/1.847e-03 m^-1  Edep=3.872e-10 J
[z=1.172 m] PPT_i cap-hit = 0.000% (cap=1.00e+19)
[U] z=1.175 m  U= 2.096e-03 J  Δrel=-3.46%
[NL] z=1.175 m  Ipk=5.770e+16 W/m^2  Δn_e=4.504e-07  Δn_R=8.242e-07  IR=3.584e+16 W/m^2  Δn_p,min=-3.907e-12  |φ_K|=3.538e-04 rad  |φ_p|=3.069e-09 rad  α_ion(raw/appl)=1.811e-05/1.811e-05  α_IB=0.000e+00  α_R(raw/appl)=1.804e-03/1.804e-03 m^-1  Edep=3.782e-10 J
[z=1.175 m] PPT_i cap-hit = 0.000% (cap=1.00e+19)
[z] 1.175/1.300 m ( 90.39%)  elapsed 6850.2s  ETA  728.4s
[U] z=1.178 m  U= 2.096e-03 J  Δrel=-3.46%
[NL] z=1.178 m  Ipk=5.569e+16 W/m^2  Δn_e=4.347e-07  Δn_R=7.919e-07  IR=3.443e+16 W/m^2  Δn_p,min=-3.005e-12  |φ_K|=3.414e-04 rad  |φ_p|=2.361e-09 rad  α_ion(raw/appl)=1.443e-05/1.443e-05  α_IB=0.000e+00  α_R(raw/appl)=1.763e-03/1.763e-03 m^-1  Edep=3.696e-10 J
[z=1.177 m] PPT_i cap-hit = 0.000% (cap=1.00e+19)
[U] z=1.180 m  U= 2.096e-03 J  Δrel=-3.46%
[NL] z=1.180 m  Ipk=5.376e+16 W/m^2  Δn_e=4.196e-07  Δn_R=7.608e-07  IR=3.308e+16 W/m^2  Δn_p,min=-2.307e-12  |φ_K|=3.298e-04 rad  |φ_p|=1.813e-09 rad  α_ion(raw/appl)=1.150e-05/1.150e-05  α_IB=0.000e+00  α_R(raw/appl)=1.724e-03/1.724e-03 m^-1  Edep=3.615e-10 J
[z=1.180 m] PPT_i cap-hit = 0.000% (cap=1.00e+19)
[U] z=1.183 m  U= 2.096e-03 J  Δrel=-3.47%
[NL] z=1.183 m  Ipk=5.197e+16 W/m^2  Δn_e=4.056e-07  Δn_R=7.313e-07  IR=3.180e+16 W/m^2  Δn_p,min=-1.779e-12  |φ_K|=3.187e-04 rad  |φ_p|=1.398e-09 rad  α_ion(raw/appl)=9.251e-06/9.251e-06  α_IB=0.000e+00  α_R(raw/appl)=1.687e-03/1.687e-03 m^-1  Edep=3.536e-10 J
[z=1.182 m] PPT_i cap-hit = 0.000% (cap=1.00e+19)
[U] z=1.185 m  U= 2.096e-03 J  Δrel=-3.47%
[NL] z=1.185 m  Ipk=5.020e+16 W/m^2  Δn_e=3.918e-07  Δn_R=7.028e-07  IR=3.056e+16 W/m^2  Δn_p,min=-1.368e-12  |φ_K|=3.078e-04 rad  |φ_p|=1.075e-09 rad  α_ion(raw/appl)=7.402e-06/7.402e-06  α_IB=0.000e+00  α_R(raw/appl)=1.651e-03/1.651e-03 m^-1  Edep=3.461e-10 J
[z=1.185 m] PPT_i cap-hit = 0.000% (cap=1.00e+19)
[U] z=1.188 m  U= 2.096e-03 J  Δrel=-3.47%
[NL] z=1.188 m  Ipk=4.848e+16 W/m^2  Δn_e=3.784e-07  Δn_R=6.755e-07  IR=2.937e+16 W/m^2  Δn_p,min=-1.052e-12  |φ_K|=2.972e-04 rad  |φ_p|=8.265e-10 rad  α_ion(raw/appl)=5.905e-06/5.905e-06  α_IB=0.000e+00  α_R(raw/appl)=1.617e-03/1.617e-03 m^-1  Edep=3.389e-10 J
[z=1.187 m] PPT_i cap-hit = 0.000% (cap=1.00e+19)
[U] z=1.190 m  U= 2.096e-03 J  Δrel=-3.47%
[NL] z=1.190 m  Ipk=4.681e+16 W/m^2  Δn_e=3.654e-07  Δn_R=6.495e-07  IR=2.824e+16 W/m^2  Δn_p,min=-8.102e-13  |φ_K|=2.872e-04 rad  |φ_p|=6.365e-10 rad  α_ion(raw/appl)=4.706e-06/4.706e-06  α_IB=0.000e+00  α_R(raw/appl)=1.584e-03/1.584e-03 m^-1  Edep=3.321e-10 J
[z=1.190 m] PPT_i cap-hit = 0.000% (cap=1.00e+19)
[U] z=1.193 m  U= 2.096e-03 J  Δrel=-3.48%
[NL] z=1.193 m  Ipk=4.524e+16 W/m^2  Δn_e=3.531e-07  Δn_R=6.241e-07  IR=2.713e+16 W/m^2  Δn_p,min=-6.225e-13  |φ_K|=2.776e-04 rad  |φ_p|=4.890e-10 rad  α_ion(raw/appl)=3.771e-06/3.771e-06  α_IB=0.000e+00  α_R(raw/appl)=1.553e-03/1.553e-03 m^-1  Edep=3.255e-10 J
[z=1.192 m] PPT_i cap-hit = 0.000% (cap=1.00e+19)
[U] z=1.195 m  U= 2.096e-03 J  Δrel=-3.48%
[NL] z=1.195 m  Ipk=4.371e+16 W/m^2  Δn_e=3.412e-07  Δn_R=5.999e-07  IR=2.608e+16 W/m^2  Δn_p,min=-4.781e-13  |φ_K|=2.681e-04 rad  |φ_p|=3.756e-10 rad  α_ion(raw/appl)=3.018e-06/3.018e-06  α_IB=0.000e+00  α_R(raw/appl)=1.523e-03/1.523e-03 m^-1  Edep=3.193e-10 J
[z=1.195 m] PPT_i cap-hit = 0.000% (cap=1.00e+19)
[U] z=1.198 m  U= 2.096e-03 J  Δrel=-3.48%
[NL] z=1.198 m  Ipk=4.223e+16 W/m^2  Δn_e=3.296e-07  Δn_R=5.768e-07  IR=2.508e+16 W/m^2  Δn_p,min=-3.673e-13  |φ_K|=2.590e-04 rad  |φ_p|=2.886e-10 rad  α_ion(raw/appl)=2.411e-06/2.411e-06  α_IB=0.000e+00  α_R(raw/appl)=1.495e-03/1.495e-03 m^-1  Edep=3.133e-10 J
[z=1.197 m] PPT_i cap-hit = 0.000% (cap=1.00e+19)
[U] z=1.200 m  U= 2.096e-03 J  Δrel=-3.49%
[NL] z=1.200 m  Ipk=4.077e+16 W/m^2  Δn_e=3.182e-07  Δn_R=5.542e-07  IR=2.410e+16 W/m^2  Δn_p,min=-2.814e-13  |φ_K|=2.499e-04 rad  |φ_p|=2.210e-10 rad  α_ion(raw/appl)=1.916e-06/1.916e-06  α_IB=0.000e+00  α_R(raw/appl)=1.467e-03/1.467e-03 m^-1  Edep=3.075e-10 J
[z=1.200 m] PPT_i cap-hit = 0.000% (cap=1.00e+19)
[z] 1.200/1.300 m ( 92.31%)  elapsed 6974.4s  ETA  580.9s
[U] z=1.203 m  U= 2.096e-03 J  Δrel=-3.49%
[NL] z=1.203 m  Ipk=3.935e+16 W/m^2  Δn_e=3.071e-07  Δn_R=5.328e-07  IR=2.316e+16 W/m^2  Δn_p,min=-2.156e-13  |φ_K|=2.412e-04 rad  |φ_p|=1.694e-10 rad  α_ion(raw/appl)=1.519e-06/1.519e-06  α_IB=0.000e+00  α_R(raw/appl)=1.441e-03/1.441e-03 m^-1  Edep=3.020e-10 J
[z=1.202 m] PPT_i cap-hit = 0.000% (cap=1.00e+19)
[U] z=1.205 m  U= 2.096e-03 J  Δrel=-3.49%
[NL] z=1.205 m  Ipk=3.800e+16 W/m^2  Δn_e=2.966e-07  Δn_R=5.124e-07  IR=2.228e+16 W/m^2  Δn_p,min=-1.656e-13  |φ_K|=2.331e-04 rad  |φ_p|=1.301e-10 rad  α_ion(raw/appl)=1.210e-06/1.210e-06  α_IB=0.000e+00  α_R(raw/appl)=1.416e-03/1.416e-03 m^-1  Edep=2.968e-10 J
[z=1.205 m] PPT_i cap-hit = 0.000% (cap=1.00e+19)
[U] z=1.208 m  U= 2.096e-03 J  Δrel=-3.49%
[NL] z=1.208 m  Ipk=3.672e+16 W/m^2  Δn_e=2.866e-07  Δn_R=4.927e-07  IR=2.142e+16 W/m^2  Δn_p,min=-1.268e-13  |φ_K|=2.252e-04 rad  |φ_p|=9.961e-11 rad  α_ion(raw/appl)=9.657e-07/9.657e-07  α_IB=0.000e+00  α_R(raw/appl)=1.392e-03/1.392e-03 m^-1  Edep=2.917e-10 J
[z=1.207 m] PPT_i cap-hit = 0.000% (cap=1.00e+19)
[U] z=1.210 m  U= 2.096e-03 J  Δrel=-3.50%
[NL] z=1.210 m  Ipk=3.546e+16 W/m^2  Δn_e=2.768e-07  Δn_R=4.839e-07  IR=2.104e+16 W/m^2  Δn_p,min=-9.704e-14  |φ_K|=2.174e-04 rad  |φ_p|=7.624e-11 rad  α_ion(raw/appl)=7.687e-07/7.687e-07  α_IB=0.000e+00  α_R(raw/appl)=1.369e-03/1.369e-03 m^-1  Edep=2.868e-10 J
[z=1.210 m] PPT_i cap-hit = 0.000% (cap=1.00e+19)
[U] z=1.213 m  U= 2.096e-03 J  Δrel=-3.50%
[NL] z=1.213 m  Ipk=3.425e+16 W/m^2  Δn_e=2.673e-07  Δn_R=4.792e-07  IR=2.083e+16 W/m^2  Δn_p,min=-7.435e-14  |φ_K|=2.101e-04 rad  |φ_p|=5.841e-11 rad  α_ion(raw/appl)=6.110e-07/6.110e-07  α_IB=0.000e+00  α_R(raw/appl)=1.346e-03/1.346e-03 m^-1  Edep=2.822e-10 J
[z=1.212 m] PPT_i cap-hit = 0.000% (cap=1.00e+19)
[U] z=1.215 m  U= 2.095e-03 J  Δrel=-3.50%
[NL] z=1.215 m  Ipk=3.309e+16 W/m^2  Δn_e=2.583e-07  Δn_R=4.742e-07  IR=2.062e+16 W/m^2  Δn_p,min=-5.692e-14  |φ_K|=2.031e-04 rad  |φ_p|=4.472e-11 rad  α_ion(raw/appl)=4.871e-07/4.871e-07  α_IB=0.000e+00  α_R(raw/appl)=1.325e-03/1.325e-03 m^-1  Edep=2.777e-10 J
[z=1.215 m] PPT_i cap-hit = 0.000% (cap=1.00e+19)
[U] z=1.218 m  U= 2.095e-03 J  Δrel=-3.50%
[NL] z=1.218 m  Ipk=3.198e+16 W/m^2  Δn_e=2.496e-07  Δn_R=4.693e-07  IR=2.040e+16 W/m^2  Δn_p,min=-4.352e-14  |φ_K|=1.962e-04 rad  |φ_p|=3.419e-11 rad  α_ion(raw/appl)=3.892e-07/3.892e-07  α_IB=0.000e+00  α_R(raw/appl)=1.305e-03/1.305e-03 m^-1  Edep=2.734e-10 J
[z=1.217 m] PPT_i cap-hit = 0.000% (cap=1.00e+19)
[U] z=1.220 m  U= 2.095e-03 J  Δrel=-3.51%
[NL] z=1.220 m  Ipk=3.091e+16 W/m^2  Δn_e=2.412e-07  Δn_R=4.645e-07  IR=2.020e+16 W/m^2  Δn_p,min=-3.328e-14  |φ_K|=1.896e-04 rad  |φ_p|=2.615e-11 rad  α_ion(raw/appl)=3.104e-07/3.104e-07  α_IB=0.000e+00  α_R(raw/appl)=1.285e-03/1.285e-03 m^-1  Edep=2.694e-10 J
[z=1.220 m] PPT_i cap-hit = 0.000% (cap=1.00e+19)
[U] z=1.223 m  U= 2.095e-03 J  Δrel=-3.51%
[NL] z=1.223 m  Ipk=2.985e+16 W/m^2  Δn_e=2.330e-07  Δn_R=4.595e-07  IR=1.998e+16 W/m^2  Δn_p,min=-2.541e-14  |φ_K|=1.830e-04 rad  |φ_p|=1.997e-11 rad  α_ion(raw/appl)=2.467e-07/2.467e-07  α_IB=0.000e+00  α_R(raw/appl)=1.267e-03/1.267e-03 m^-1  Edep=2.654e-10 J
[z=1.222 m] PPT_i cap-hit = 0.000% (cap=1.00e+19)
[U] z=1.225 m  U= 2.095e-03 J  Δrel=-3.51%
[NL] z=1.225 m  Ipk=2.882e+16 W/m^2  Δn_e=2.250e-07  Δn_R=4.544e-07  IR=1.976e+16 W/m^2  Δn_p,min=-1.939e-14  |φ_K|=1.767e-04 rad  |φ_p|=1.524e-11 rad  α_ion(raw/appl)=1.955e-07/1.955e-07  α_IB=0.000e+00  α_R(raw/appl)=1.249e-03/1.249e-03 m^-1  Edep=2.616e-10 J
[z=1.225 m] PPT_i cap-hit = 0.000% (cap=1.00e+19)
[z] 1.225/1.300 m ( 94.23%)  elapsed 7099.0s  ETA  434.3s
[U] z=1.228 m  U= 2.095e-03 J  Δrel=-3.51%
[NL] z=1.228 m  Ipk=2.782e+16 W/m^2  Δn_e=2.171e-07  Δn_R=4.492e-07  IR=1.953e+16 W/m^2  Δn_p,min=-1.479e-14  |φ_K|=1.705e-04 rad  |φ_p|=1.162e-11 rad  α_ion(raw/appl)=1.546e-07/1.546e-07  α_IB=0.000e+00  α_R(raw/appl)=1.231e-03/1.231e-03 m^-1  Edep=2.580e-10 J
[z=1.227 m] PPT_i cap-hit = 0.000% (cap=1.00e+19)
[U] z=1.230 m  U= 2.095e-03 J  Δrel=-3.52%
[NL] z=1.230 m  Ipk=2.686e+16 W/m^2  Δn_e=2.096e-07  Δn_R=4.442e-07  IR=1.931e+16 W/m^2  Δn_p,min=-1.135e-14  |φ_K|=1.646e-04 rad  |φ_p|=8.913e-12 rad  α_ion(raw/appl)=1.225e-07/1.225e-07  α_IB=0.000e+00  α_R(raw/appl)=1.215e-03/1.215e-03 m^-1  Edep=2.545e-10 J
[z=1.230 m] PPT_i cap-hit = 0.000% (cap=1.00e+19)
[U] z=1.233 m  U= 2.095e-03 J  Δrel=-3.52%
[NL] z=1.233 m  Ipk=2.592e+16 W/m^2  Δn_e=2.023e-07  Δn_R=4.395e-07  IR=1.911e+16 W/m^2  Δn_p,min=-9.693e-15  |φ_K|=1.590e-04 rad  |φ_p|=7.615e-12 rad  α_ion(raw/appl)=9.653e-08/9.653e-08  α_IB=0.000e+00  α_R(raw/appl)=1.198e-03/1.198e-03 m^-1  Edep=2.511e-10 J
[z=1.232 m] PPT_i cap-hit = 0.000% (cap=1.00e+19)
[U] z=1.235 m  U= 2.095e-03 J  Δrel=-3.52%
[NL] z=1.235 m  Ipk=2.503e+16 W/m^2  Δn_e=1.953e-07  Δn_R=4.347e-07  IR=1.890e+16 W/m^2  Δn_p,min=-8.870e-15  |φ_K|=1.535e-04 rad  |φ_p|=6.969e-12 rad  α_ion(raw/appl)=7.653e-08/7.653e-08  α_IB=0.000e+00  α_R(raw/appl)=1.183e-03/1.183e-03 m^-1  Edep=2.478e-10 J
[z=1.235 m] PPT_i cap-hit = 0.000% (cap=1.00e+19)
[U] z=1.238 m  U= 2.095e-03 J  Δrel=-3.53%
[NL] z=1.238 m  Ipk=2.468e+16 W/m^2  Δn_e=1.926e-07  Δn_R=4.295e-07  IR=1.867e+16 W/m^2  Δn_p,min=-8.099e-15  |φ_K|=1.513e-04 rad  |φ_p|=6.363e-12 rad  α_ion(raw/appl)=6.955e-08/6.955e-08  α_IB=0.000e+00  α_R(raw/appl)=1.168e-03/1.168e-03 m^-1  Edep=2.446e-10 J
[z=1.237 m] PPT_i cap-hit = 0.000% (cap=1.00e+19)
[U] z=1.240 m  U= 2.095e-03 J  Δrel=-3.53%
[NL] z=1.240 m  Ipk=2.438e+16 W/m^2  Δn_e=1.902e-07  Δn_R=4.242e-07  IR=1.844e+16 W/m^2  Δn_p,min=-7.374e-15  |φ_K|=1.494e-04 rad  |φ_p|=5.793e-12 rad  α_ion(raw/appl)=6.406e-08/6.406e-08  α_IB=0.000e+00  α_R(raw/appl)=1.153e-03/1.153e-03 m^-1  Edep=2.416e-10 J
[z=1.240 m] PPT_i cap-hit = 0.000% (cap=1.00e+19)
[U] z=1.243 m  U= 2.095e-03 J  Δrel=-3.53%
[NL] z=1.243 m  Ipk=2.407e+16 W/m^2  Δn_e=1.878e-07  Δn_R=4.188e-07  IR=1.821e+16 W/m^2  Δn_p,min=-6.711e-15  |φ_K|=1.475e-04 rad  |φ_p|=5.272e-12 rad  α_ion(raw/appl)=5.881e-08/5.881e-08  α_IB=0.000e+00  α_R(raw/appl)=1.139e-03/1.139e-03 m^-1  Edep=2.386e-10 J
[z=1.242 m] PPT_i cap-hit = 0.000% (cap=1.00e+19)
[U] z=1.245 m  U= 2.095e-03 J  Δrel=-3.53%
[NL] z=1.245 m  Ipk=2.375e+16 W/m^2  Δn_e=1.853e-07  Δn_R=4.136e-07  IR=1.798e+16 W/m^2  Δn_p,min=-6.085e-15  |φ_K|=1.455e-04 rad  |φ_p|=4.780e-12 rad  α_ion(raw/appl)=5.387e-08/5.387e-08  α_IB=0.000e+00  α_R(raw/appl)=1.125e-03/1.125e-03 m^-1  Edep=2.356e-10 J
[z=1.245 m] PPT_i cap-hit = 0.000% (cap=1.00e+19)
[U] z=1.248 m  U= 2.095e-03 J  Δrel=-3.54%
[NL] z=1.248 m  Ipk=2.343e+16 W/m^2  Δn_e=1.828e-07  Δn_R=4.083e-07  IR=1.775e+16 W/m^2  Δn_p,min=-5.524e-15  |φ_K|=1.437e-04 rad  |φ_p|=4.340e-12 rad  α_ion(raw/appl)=4.924e-08/4.924e-08  α_IB=0.000e+00  α_R(raw/appl)=1.111e-03/1.111e-03 m^-1  Edep=2.328e-10 J
[z=1.247 m] PPT_i cap-hit = 0.000% (cap=1.00e+19)
[U] z=1.250 m  U= 2.095e-03 J  Δrel=-3.54%
[NL] z=1.250 m  Ipk=2.313e+16 W/m^2  Δn_e=1.805e-07  Δn_R=4.030e-07  IR=1.752e+16 W/m^2  Δn_p,min=-5.007e-15  |φ_K|=1.418e-04 rad  |φ_p|=3.934e-12 rad  α_ion(raw/appl)=4.512e-08/4.512e-08  α_IB=0.000e+00  α_R(raw/appl)=1.098e-03/1.098e-03 m^-1  Edep=2.300e-10 J
[z=1.250 m] PPT_i cap-hit = 0.000% (cap=1.00e+19)
[z] 1.250/1.300 m ( 96.16%)  elapsed 7222.5s  ETA  288.6s
[U] z=1.253 m  U= 2.095e-03 J  Δrel=-3.54%
[NL] z=1.253 m  Ipk=2.282e+16 W/m^2  Δn_e=1.781e-07  Δn_R=3.977e-07  IR=1.729e+16 W/m^2  Δn_p,min=-4.540e-15  |φ_K|=1.399e-04 rad  |φ_p|=3.567e-12 rad  α_ion(raw/appl)=4.129e-08/4.129e-08  α_IB=0.000e+00  α_R(raw/appl)=1.085e-03/1.085e-03 m^-1  Edep=2.273e-10 J
[z=1.252 m] PPT_i cap-hit = 0.000% (cap=1.00e+19)
[U] z=1.255 m  U= 2.095e-03 J  Δrel=-3.54%
[NL] z=1.255 m  Ipk=2.252e+16 W/m^2  Δn_e=1.757e-07  Δn_R=3.922e-07  IR=1.705e+16 W/m^2  Δn_p,min=-4.114e-15  |φ_K|=1.380e-04 rad  |φ_p|=3.232e-12 rad  α_ion(raw/appl)=3.772e-08/3.772e-08  α_IB=0.000e+00  α_R(raw/appl)=1.072e-03/1.072e-03 m^-1  Edep=2.246e-10 J
[z=1.255 m] PPT_i cap-hit = 0.000% (cap=1.00e+19)
[U] z=1.258 m  U= 2.094e-03 J  Δrel=-3.55%
[NL] z=1.258 m  Ipk=2.223e+16 W/m^2  Δn_e=1.734e-07  Δn_R=3.869e-07  IR=1.682e+16 W/m^2  Δn_p,min=-3.724e-15  |φ_K|=1.362e-04 rad  |φ_p|=2.925e-12 rad  α_ion(raw/appl)=3.458e-08/3.458e-08  α_IB=0.000e+00  α_R(raw/appl)=1.060e-03/1.060e-03 m^-1  Edep=2.220e-10 J
[z=1.257 m] PPT_i cap-hit = 0.000% (cap=1.00e+19)
[U] z=1.260 m  U= 2.094e-03 J  Δrel=-3.55%
[NL] z=1.260 m  Ipk=2.192e+16 W/m^2  Δn_e=1.710e-07  Δn_R=3.818e-07  IR=1.660e+16 W/m^2  Δn_p,min=-3.352e-15  |φ_K|=1.344e-04 rad  |φ_p|=2.634e-12 rad  α_ion(raw/appl)=3.151e-08/3.151e-08  α_IB=0.000e+00  α_R(raw/appl)=1.048e-03/1.048e-03 m^-1  Edep=2.195e-10 J
[z=1.260 m] PPT_i cap-hit = 0.000% (cap=1.00e+19)
[U] z=1.263 m  U= 2.094e-03 J  Δrel=-3.55%
[NL] z=1.263 m  Ipk=2.163e+16 W/m^2  Δn_e=1.687e-07  Δn_R=3.766e-07  IR=1.637e+16 W/m^2  Δn_p,min=-3.012e-15  |φ_K|=1.326e-04 rad  |φ_p|=2.366e-12 rad  α_ion(raw/appl)=2.879e-08/2.879e-08  α_IB=0.000e+00  α_R(raw/appl)=1.036e-03/1.036e-03 m^-1  Edep=2.169e-10 J
[z=1.262 m] PPT_i cap-hit = 0.000% (cap=1.00e+19)
[U] z=1.265 m  U= 2.094e-03 J  Δrel=-3.56%
[NL] z=1.265 m  Ipk=2.134e+16 W/m^2  Δn_e=1.665e-07  Δn_R=3.713e-07  IR=1.614e+16 W/m^2  Δn_p,min=-2.715e-15  |φ_K|=1.308e-04 rad  |φ_p|=2.133e-12 rad  α_ion(raw/appl)=2.635e-08/2.635e-08  α_IB=0.000e+00  α_R(raw/appl)=1.024e-03/1.024e-03 m^-1  Edep=2.145e-10 J
[z=1.265 m] PPT_i cap-hit = 0.000% (cap=1.00e+19)
[U] z=1.268 m  U= 2.094e-03 J  Δrel=-3.56%
[NL] z=1.268 m  Ipk=2.106e+16 W/m^2  Δn_e=1.643e-07  Δn_R=3.664e-07  IR=1.593e+16 W/m^2  Δn_p,min=-2.455e-15  |φ_K|=1.291e-04 rad  |φ_p|=1.929e-12 rad  α_ion(raw/appl)=2.412e-08/2.412e-08  α_IB=0.000e+00  α_R(raw/appl)=1.012e-03/1.012e-03 m^-1  Edep=2.120e-10 J
[z=1.267 m] PPT_i cap-hit = 0.000% (cap=1.00e+19)
[U] z=1.270 m  U= 2.094e-03 J  Δrel=-3.56%
[NL] z=1.270 m  Ipk=2.078e+16 W/m^2  Δn_e=1.621e-07  Δn_R=3.614e-07  IR=1.571e+16 W/m^2  Δn_p,min=-2.210e-15  |φ_K|=1.273e-04 rad  |φ_p|=1.736e-12 rad  α_ion(raw/appl)=2.202e-08/2.202e-08  α_IB=0.000e+00  α_R(raw/appl)=1.001e-03/1.001e-03 m^-1  Edep=2.096e-10 J
[z=1.270 m] PPT_i cap-hit = 0.000% (cap=1.00e+19)
[U] z=1.273 m  U= 2.094e-03 J  Δrel=-3.56%
[NL] z=1.273 m  Ipk=2.048e+16 W/m^2  Δn_e=1.598e-07  Δn_R=3.564e-07  IR=1.550e+16 W/m^2  Δn_p,min=-1.982e-15  |φ_K|=1.256e-04 rad  |φ_p|=1.557e-12 rad  α_ion(raw/appl)=2.000e-08/2.000e-08  α_IB=0.000e+00  α_R(raw/appl)=9.894e-04/9.894e-04 m^-1  Edep=2.072e-10 J
[z=1.272 m] PPT_i cap-hit = 0.000% (cap=1.00e+19)
[U] z=1.275 m  U= 2.094e-03 J  Δrel=-3.57%
[NL] z=1.275 m  Ipk=2.021e+16 W/m^2  Δn_e=1.577e-07  Δn_R=3.513e-07  IR=1.528e+16 W/m^2  Δn_p,min=-1.787e-15  |φ_K|=1.239e-04 rad  |φ_p|=1.404e-12 rad  α_ion(raw/appl)=1.830e-08/1.830e-08  α_IB=0.000e+00  α_R(raw/appl)=9.783e-04/9.783e-04 m^-1  Edep=2.049e-10 J
[z=1.275 m] PPT_i cap-hit = 0.000% (cap=1.00e+19)
[z] 1.275/1.300 m ( 98.08%)  elapsed 7347.0s  ETA  143.8s
[U] z=1.278 m  U= 2.094e-03 J  Δrel=-3.57%
[NL] z=1.278 m  Ipk=1.993e+16 W/m^2  Δn_e=1.555e-07  Δn_R=3.463e-07  IR=1.505e+16 W/m^2  Δn_p,min=-1.607e-15  |φ_K|=1.222e-04 rad  |φ_p|=1.263e-12 rad  α_ion(raw/appl)=1.666e-08/1.666e-08  α_IB=0.000e+00  α_R(raw/appl)=9.674e-04/9.674e-04 m^-1  Edep=2.026e-10 J
[z=1.277 m] PPT_i cap-hit = 0.000% (cap=1.00e+19)
[U] z=1.280 m  U= 2.094e-03 J  Δrel=-3.57%
[NL] z=1.280 m  Ipk=1.965e+16 W/m^2  Δn_e=1.533e-07  Δn_R=3.413e-07  IR=1.484e+16 W/m^2  Δn_p,min=-1.438e-15  |φ_K|=1.204e-04 rad  |φ_p|=1.130e-12 rad  α_ion(raw/appl)=1.514e-08/1.514e-08  α_IB=0.000e+00  α_R(raw/appl)=9.565e-04/9.565e-04 m^-1  Edep=2.003e-10 J
[z=1.280 m] PPT_i cap-hit = 0.000% (cap=1.00e+19)
[U] z=1.283 m  U= 2.094e-03 J  Δrel=-3.57%
[NL] z=1.283 m  Ipk=1.937e+16 W/m^2  Δn_e=1.511e-07  Δn_R=3.363e-07  IR=1.462e+16 W/m^2  Δn_p,min=-1.287e-15  |φ_K|=1.187e-04 rad  |φ_p|=1.011e-12 rad  α_ion(raw/appl)=1.377e-08/1.377e-08  α_IB=0.000e+00  α_R(raw/appl)=9.458e-04/9.458e-04 m^-1  Edep=1.980e-10 J
[z=1.282 m] PPT_i cap-hit = 0.000% (cap=1.00e+19)
[U] z=1.285 m  U= 2.094e-03 J  Δrel=-3.58%
[NL] z=1.285 m  Ipk=1.910e+16 W/m^2  Δn_e=1.490e-07  Δn_R=3.314e-07  IR=1.441e+16 W/m^2  Δn_p,min=-1.153e-15  |φ_K|=1.170e-04 rad  |φ_p|=9.058e-13 rad  α_ion(raw/appl)=1.252e-08/1.252e-08  α_IB=0.000e+00  α_R(raw/appl)=9.351e-04/9.351e-04 m^-1  Edep=1.958e-10 J
[z=1.285 m] PPT_i cap-hit = 0.000% (cap=1.00e+19)
[U] z=1.288 m  U= 2.094e-03 J  Δrel=-3.58%
[NL] z=1.288 m  Ipk=1.881e+16 W/m^2  Δn_e=1.468e-07  Δn_R=3.263e-07  IR=1.419e+16 W/m^2  Δn_p,min=-1.026e-15  |φ_K|=1.153e-04 rad  |φ_p|=8.062e-13 rad  α_ion(raw/appl)=1.130e-08/1.130e-08  α_IB=0.000e+00  α_R(raw/appl)=9.246e-04/9.246e-04 m^-1  Edep=1.936e-10 J
[z=1.287 m] PPT_i cap-hit = 0.000% (cap=1.00e+19)
[U] z=1.290 m  U= 2.094e-03 J  Δrel=-3.58%
[NL] z=1.290 m  Ipk=1.852e+16 W/m^2  Δn_e=1.445e-07  Δn_R=3.212e-07  IR=1.397e+16 W/m^2  Δn_p,min=-9.151e-16  |φ_K|=1.135e-04 rad  |φ_p|=7.189e-13 rad  α_ion(raw/appl)=1.019e-08/1.019e-08  α_IB=0.000e+00  α_R(raw/appl)=9.142e-04/9.142e-04 m^-1  Edep=1.914e-10 J
[z=1.290 m] PPT_i cap-hit = 0.000% (cap=1.00e+19)
[U] z=1.293 m  U= 2.094e-03 J  Δrel=-3.59%
[NL] z=1.293 m  Ipk=1.824e+16 W/m^2  Δn_e=1.424e-07  Δn_R=3.163e-07  IR=1.375e+16 W/m^2  Δn_p,min=-8.140e-16  |φ_K|=1.119e-04 rad  |φ_p|=6.395e-13 rad  α_ion(raw/appl)=9.211e-09/9.211e-09  α_IB=0.000e+00  α_R(raw/appl)=9.039e-04/9.039e-04 m^-1  Edep=1.893e-10 J
[z=1.292 m] PPT_i cap-hit = 0.000% (cap=1.00e+19)
[U] z=1.295 m  U= 2.094e-03 J  Δrel=-3.59%
[NL] z=1.295 m  Ipk=1.797e+16 W/m^2  Δn_e=1.402e-07  Δn_R=3.114e-07  IR=1.354e+16 W/m^2  Δn_p,min=-7.246e-16  |φ_K|=1.102e-04 rad  |φ_p|=5.693e-13 rad  α_ion(raw/appl)=8.312e-09/8.312e-09  α_IB=0.000e+00  α_R(raw/appl)=8.937e-04/8.937e-04 m^-1  Edep=1.871e-10 J
[z=1.295 m] PPT_i cap-hit = 0.000% (cap=1.00e+19)
[U] z=1.298 m  U= 2.094e-03 J  Δrel=-3.59%
[NL] z=1.298 m  Ipk=1.771e+16 W/m^2  Δn_e=1.382e-07  Δn_R=3.068e-07  IR=1.334e+16 W/m^2  Δn_p,min=-6.476e-16  |φ_K|=1.086e-04 rad  |φ_p|=5.088e-13 rad  α_ion(raw/appl)=7.544e-09/7.544e-09  α_IB=0.000e+00  α_R(raw/appl)=8.836e-04/8.836e-04 m^-1  Edep=1.850e-10 J
[z=1.297 m] PPT_i cap-hit = 0.000% (cap=1.00e+19)
[U] z=1.300 m  U= 2.093e-03 J  Δrel=-3.59%
[NL] z=1.300 m  Ipk=1.746e+16 W/m^2  Δn_e=1.362e-07  Δn_R=3.021e-07  IR=1.314e+16 W/m^2  Δn_p,min=-5.775e-16  |φ_K|=5.349e-05 rad  |φ_p|=2.269e-13 rad  α_ion(raw/appl)=6.835e-09/6.835e-09  α_IB=0.000e+00  α_R(raw/appl)=8.736e-04/8.736e-04 m^-1  Edep=9.144e-11 J
[z=1.300 m] PPT_i cap-hit = 0.000% (cap=1.00e+19)
[z] 1.300/1.300 m (100.00%)  elapsed 7471.2s  ETA    0.0s
Pulse 1/1: Δn_gas min/max = -6.534e-20/4.351e-27  (elapsed 7493.7s)
[total] 7493.7s
Peak intensity out: 1.746e+16 W/m^2; Pulse energy ~ 2.093e-03 J
[focus] estimated z_of_focus ≈ 0.8774 m (min second-moment radius)
Saved diagnostics to /data/run01/scvi806/user_Wangjimin/Filament_1/Filament_python/outputs/raman_phase_causality/raman_phase_off_120fs_20260718T201000Z/cases/120fs_talebpour_full_model_raman_phase_off/result.npz
[diagnostic-check] PASS: 15000 z records; report=/data/run01/scvi806/user_Wangjimin/Filament_1/Filament_python/outputs/raman_phase_causality/raman_phase_off_120fs_20260718T201000Z/cases/120fs_talebpour_full_model_raman_phase_off/result.diagnostic_report.json
[figures] wrote: /data/run01/scvi806/user_Wangjimin/Filament_1/Filament_python/outputs/raman_phase_causality/raman_phase_off_120fs_20260718T201000Z/cases/120fs_talebpour_full_model_raman_phase_off/figures/01_intensity_vs_z.png
[figures] wrote: /data/run01/scvi806/user_Wangjimin/Filament_1/Filament_python/outputs/raman_phase_causality/raman_phase_off_120fs_20260718T201000Z/cases/120fs_talebpour_full_model_raman_phase_off/figures/02_plasma_density_vs_z.png
[figures] wrote: /data/run01/scvi806/user_Wangjimin/Filament_1/Filament_python/outputs/raman_phase_causality/raman_phase_off_120fs_20260718T201000Z/cases/120fs_talebpour_full_model_raman_phase_off/figures/03_beam_radius_vs_z.png
[figures] wrote: /data/run01/scvi806/user_Wangjimin/Filament_1/Filament_python/outputs/raman_phase_causality/raman_phase_off_120fs_20260718T201000Z/cases/120fs_talebpour_full_model_raman_phase_off/figures/04_energy_vs_z.png
[figures] wrote: /data/run01/scvi806/user_Wangjimin/Filament_1/Filament_python/outputs/raman_phase_causality/raman_phase_off_120fs_20260718T201000Z/cases/120fs_talebpour_full_model_raman_phase_off/figures/05_fwhm_vs_z.png
[figures] wrote: /data/run01/scvi806/user_Wangjimin/Filament_1/Filament_python/outputs/raman_phase_causality/raman_phase_off_120fs_20260718T201000Z/cases/120fs_talebpour_full_model_raman_phase_off/figures/06_rho_onaxis_t_z.png
[figures] summary: /data/run01/scvi806/user_Wangjimin/Filament_1/Filament_python/outputs/raman_phase_causality/raman_phase_off_120fs_20260718T201000Z/cases/120fs_talebpour_full_model_raman_phase_off/figures/diagnostic_summary.json
[total] 7509.18s
formal_baseline_gate=passed
