t_fs,I_W_m-2,I_R_continuous_W_m-2,I_R_iir_fp64_W_m-2,I_R_iir_fp32_W_m-2,fp64_error_over_response_peak,fp32_error_over_response_peak,Q_gaussian_dimensionless,p_rot_over_A_gaussian,delta_n_elec,delta_n_rot,rot_over_electronic_peak,rot_over_instantaneous_electronic,eq10_power_density_W_m-3
-480.0,0.027105054312137652,0.00028370907078218127,0.0,0.0,-6.776227792159991e-22,-6.776227792159991e-22,2.417107194721108e-23,1.0388155278281321e-27,2.114194236346737e-25,6.525308627990169e-27,1.6731560584590178e-21,nan,1.0904978899577897e-22
-477.50000000000006,0.04297484550777785,0.00045410211975230324,4.2135748243326215e-05,4.217344394419342e-05,-9.83957956775264e-22,-9.838679227643114e-22,3.868799463356233e-23,1.662718544450536e-27,3.3520379496066725e-25,1.0444348754302976e-26,2.678038142128968e-21,nan,2.752968982419183e-22
-475.0,0.06797248120716816,0.0007251154273731662,0.00019620473892171484,0.0001963002869160846,-1.2632727239823936e-21,-1.2630445130996228e-21,6.177742966324045e-23,2.655047874733961e-27,5.301853534159117e-25,1.6677654829582822e-26,4.276321751175083e-21,nan,6.916620812155559e-22
-472.49999999999994,0.10725231609884302,0.0011551389627030878,0.0005214124470267272,0.0005215973942540586,-1.5136192918737571e-21,-1.5131775560707845e-21,9.841400875744127e-23,4.229601429192709e-27,8.365680655709754e-25,2.656819614217102e-26,6.812357985172056e-21,nan,1.72942930655585e-21
-470.0,0.16882431358627836,0.001835840548340355,0.0011108362077259448,0.0011111596832051873,-1.7316311208392103e-21,-1.7308585182831898e-21,1.5640752639738701e-22,6.722025710967333e-27,1.3168296459729711e-24,4.2224332611828164e-26,1.0826751951750812e-20,nan,4.303560349348463e-21
-467.5,0.2651050878493166,0.0029107807131087777,0.0021103647460642117,0.0021109033841639757,-1.911747448265462e-21,-1.9104609421796765e-21,2.4798886353945043e-22,1.0657975067711347e-26,2.0678196852246692e-24,6.694795640150188e-26,1.7166142667051765e-20,nan,1.065784145841041e-20
-465.00000000000006,0.4152942229250522,0.004604240443109937,0.0037480214079571895,0.0037488939706236124,-2.0450298632266556e-21,-2.0429457975412284e-21,3.922660164014008e-22,1.685866600236062e-26,3.239294938815407e-24,1.0589753019152854e-25,2.71532128696227e-20,nan,2.6267995124623753e-20
-462.5,0.6490056442600927,0.0072657533504516736,0.006379250882423901,0.006380641367286444,-2.1173600988881403e-21,-2.114039005859932e-21,6.190180895530516e-22,2.6603934026534207e-26,5.062244025228723e-24,1.671123270603885e-25,4.284931463086885e-20,nan,6.443190185461137e-20
-459.99999999999994,1.0118026551806878,0.01143872529531236,0.010556685292032169,0.01055887807160616,-2.106701758793222e-21,-2.1014644310439228e-21,9.74541460148279e-22,4.188348797791497e-26,7.892060710409364e-24,2.630906817921843e-25,6.745914917748315e-20,nan,1.5728647008878765e-19
-457.5,1.5736129200912499,0.017965905528378956,0.017137353101918978,0.017140785232186317,-1.978949761444259e-21,-1.9707523159273633e-21,1.5306355694797158e-21,6.578309809735387e-26,1.227418077671175e-23,4.13215827152716e-25,1.059527761930041e-19,nan,3.821186297986236e-19
-455.0,2.441488975502993,0.028151093862407776,0.027447013813249654,0.027452358976006508,-1.6816546555445148e-21,-1.6688880420813813e-21,2.398379837715385e-21,1.0307669525331625e-25,1.9043614008923346e-23,6.474751588353789e-25,1.66019271496251e-19,nan,9.238926840003647e-19
-452.5,3.7789085269990106,0.04400644667229464,0.04353142680552352,0.04353971779346466,-1.1345575995044165e-21,-1.114755052213164e-21,3.7492033149471914e-21,1.6113189473176152e-25,2.9475486510592285e-23,1.0121482734627769e-24,2.5952519832378895e-19,nan,2.2231120597412387e-18
-450.0,5.834891009621451,0.06862974422309703,0.06853958022624722,0.0685523971915245,-2.153515147124146e-22,-1.8473893116559352e-22,5.8470266063814515e-21,2.512913801919369e-25,4.551214987504732e-23,1.5784841171312318e-24,4.0473951721313637e-19,nan,5.323750959576947e-18
-447.5,8.98780981450331,0.10677847055237077,0.10730671623516896,0.10732647031545639,1.2616843962714919e-21,1.3088658795716815e-21,9.097171574454339e-21,3.909749270325705e-25,7.010491655312582e-23,2.455904822704528e-24,6.297191853088533e-19,nan,1.2687927798955842e-17
-445.0,13.811147286162674,0.16574118517981307,0.16723909069242432,0.16726945340633392,3.577661065471835e-21,3.650180659319302e-21,1.4120599318704997e-20,6.068699752557978e-25,1.0772694883206885e-22,3.8120472591357006e-24,9.774480151630001e-19,nan,3.009402634410104e-17
-442.5,21.17192741602689,0.25665681828638176,0.2596532534980838,0.2596997916698456,7.156812964408605e-21,7.26796670793147e-21,2.1866309749769354e-20,9.397622974259943e-25,1.6514103384500974e-22,5.903106820586781e-24,1.51361713348379e-18,nan,7.103731967347874e-17
-440.0,32.37768496578185,0.3965071199776827,0.4017982537636366,0.40186941623687744,1.2637568377200259e-20,1.2807535846905767e-20,3.378109165892753e-20,1.451831455341324e-24,2.5254594273309847e-22,9.119663759486702e-24,2.338375322945308e-18,nan,1.6688202033015648e-16
-437.5,49.39533630918596,0.611118162823332,0.6199013309028529,0.6200098395347595,2.0978091211386254e-20,2.1237257830623186e-20,5.2065240780373205e-20,2.2376409577897426e-24,3.8528362321165044e-22,1.4055717744936636e-23,3.604030191009394e-18,nan,3.9016587714220587e-16
-435.0,75.17628447178294,0.9396705404730544,0.9537435641691554,0.9539086818695068,3.361260675463566e-20,3.400698087422733e-20,8.005681375583085e-20,3.440652587507506e-24,5.863750188799069e-22,2.1612422430880253e-23,5.541646777148783e-18,nan,9.078326850826252e-16
-432.5,114.13807003546208,1.441459535444669,1.463516732299796,1.4637672901153564,5.268234460561417e-20,5.328078752062672e-20,1.2280757201089402e-19,5.2779791073563904e-24,8.902769462766041e-22,3.315356931522739e-23,8.500915209032664e-18,nan,2.102224925138239e-15
-430.0,172.8760971123498,2.2060021472287565,2.2400728141071373,2.2404518127441406,8.137582600450605e-20,8.22810424257407e-20,1.879440670309274e-19,8.077391669732127e-24,1.3484335574763285e-21,5.0738049386261405e-23,1.300975625288754e-17,nan,4.844728283820914e-15
-427.5,261.2126052459826,3.36810985918191,3.4202061367244037,3.420778751373291,1.244289591370009e-19,1.2579661625395206e-19,2.869517901135435e-19,1.2332509536980732e-23,2.0374583209186642e-21,7.746652676118394e-23,1.9863211990047165e-17,nan,1.1111599701817132e-14
-425.0,393.7386692252756,5.130310171934101,5.209381818170912,5.210244655609131,1.8885807398561723e-19,1.9091891152347094e-19,4.370854126568741e-19,1.8784897692860376e-23,3.0711616199571496e-21,1.1799713395448434e-22,3.0255675372944704e-17,nan,2.5363005214114442e-14
-422.5,592.075055654056,7.79611560367376,7.915453456735259,7.916749954223633,2.850315904044126e-19,2.8812820000133683e-19,6.642031946516412e-19,2.8545883018514137e-23,4.6181854341016365e-21,1.793106588844965e-22,4.597709202166577e-17,nan,5.761583193113305e-14
-420.0,888.1784197001263,11.819263410965991,11.998557102179609,12.000500679016113,4.2823265749350556e-19,4.328747788537465e-19,1.006962045597878e-18,4.3276848092843935e-23,6.927791673660984e-21,2.718430584522178e-22,6.970334832108149e-17,nan,1.3025668099092002e-13
-417.5,1329.1635594446689,17.87640850100508,18.144755657977548,18.147661209106445,6.409317326410132e-19,6.478714742068696e-19,1.5230107195524595e-18,6.545540007390287e-23,1.0367475763668417e-20,4.1115739552311686e-22,1.054249732110556e-16,nan,2.9307263244728394e-13
-415.0,1984.3185500580864,26.974168942226004,27.37446453835738,27.37879753112793,9.560829818046966e-19,9.66432085537644e-19,2.2981097376309926e-18,9.876732340700199e-23,1.5477684690453074e-20,6.2040588567119815e-22,1.5907843222338415e-16,nan,6.562474838731119e-13
-412.5,2955.283272013402,40.60635906716226,41.20168143866325,41.2081298828125,1.4218932048728047e-18,1.4372949424132602e-18,3.4595271269286124e-18,1.4868229701375536e-22,2.3051209521704535e-20,9.33946258544732e-22,2.3947339962685435e-16,nan,1.4624371406778435e-12
-410.0,4390.779174660817,60.98435519869165,61.867233072274296,61.87681198120117,2.108702963764938e-18,2.1315816361704116e-18,5.195664816418806e-18,2.2329739038772405e-22,3.424807756235438e-20,1.4026401695699081e-21,3.5965132553074566e-16,nan,3.243425880082957e-12
-407.5,6507.869458278748,91.37375392935245,92.67957956537026,92.69377136230469,3.1188893404442604e-18,3.152785630239514e-18,7.784740805868704e-18,3.3456975540494326e-22,5.076138177457424e-20,2.1015963403751064e-21,5.388708565064375e-16,nan,7.158928129295302e-12
-405.0,9622.564412388308,136.58511891408887,138.51151230733242,138.53248596191406,4.601079695457604e-18,4.651174061734803e-18,1.1636599165084475e-17,5.001135212456479e-22,7.505600241662881e-20,3.141457735024044e-21,8.055019833394985e-16,nan,1.5725676025322508e-11
-402.5,14193.763934858003,203.6875261577468,206.52221850019515,206.5531463623047,6.7704994345665885e-18,6.844368852347605e-18,1.7353501726027836e-17,7.458124775996962e-22,1.1071135869189242e-19,4.684813101628176e-21,1.2012341286226093e-15,nan,3.437858403510298e-11
-400.0,20886.183339649695,303.0434217810666,307.2043025659128,307.2497863769531,9.938024165531939e-18,1.0046659629183102e-17,2.5818294532510392e-17,1.1096092602341774e-21,1.6291223004926761e-19,6.969998700964533e-21,1.78717915409347e-15,nan,7.479697384702263e-11
-397.5,30660.225938763382,449.80566393780646,455.8981492556366,455.9648132324219,1.4551550368195095e-17,1.4710773438145873e-17,3.832195084679195e-17,1.6469868478839735e-21,2.3914976232235436e-19,1.0345530270569549e-20,2.6527000693768077e-15,nan,1.6195616806696235e-10
-395.0,44900.003288970795,666.0776560741649,674.9766573670563,675.07421875,2.1254752171690418e-17,2.1487771917136693e-17,5.674760733948845e-17,2.438878002601623e-21,3.502200256539722e-19,1.5319786089705793e-20,3.928150279411741e-15,nan,3.4900240742261736e-10
-392.5,65595.21376362666,984.0223381870808,996.9890774481833,997.1314697265625,3.097031008297716e-17,3.1310405840748415e-17,8.383543983422275e-17,3.6030490030517794e-21,5.116426673562879e-19,2.263251377830286e-20,5.803208661103298e-15,nan,7.484742421759453e-10
-390.0,95598.85430163764,1450.325423326743,1469.173477441159,1469.3807373046875,4.5017491956151863e-17,4.551252020588969e-17,1.2356291625590775e-16,5.3104420172467574e-21,7.456710635527736e-19,3.3357484736515093e-20,8.55320121449105e-15,nan,1.5975072711367087e-09
-387.5,138991.41629834246,2132.5864266032413,2159.917135520346,2160.218505859375,6.527782450978036e-17,6.599763021124407e-17,1.8168929110711464e-16,7.808576187864682e-21,1.0841330471270712e-18,4.9049487811874554e-20,1.2576791746634502e-14,nan,3.3933325021707617e-09
-385.0,201594.19864334163,3128.4467820363675,3167.9821310859866,3168.4189453125,9.44279047068102e-17,9.547121033449093e-17,2.665332907514894e-16,1.1454970707152461e-20,1.5724347494180647e-18,7.195427598683646e-20,1.8449814355599092e-14,nan,7.1734424791010415e-09
-382.5,291690.87067175,4578.59393682443,4635.6460513250295,4636.27783203125,1.3626569034772568e-16,1.3777466218575649e-16,3.9008101911910554e-16,1.6764759984867154e-20,2.27518879123965e-18,1.053076605469619e-19,2.700196424281074e-14,nan,1.5091989492228332e-08
-380.0,421039.0726654094,6685.239843166806,6767.371438684269,6768.28271484375,1.9616658664648925e-16,1.9834311728091027e-16,5.695602639282826e-16,2.4478353607766138e-20,3.2841047667901934e-18,1.5376051639283656e-19,3.942577343406066e-14,nan,3.159970869006376e-08
-377.5,606284.8569897538,9738.311192604178,9856.262230070182,9857.572265625,2.8171926120926806e-16,2.8484820569835303e-16,8.296718177949432e-16,3.5657333245670356e-20,4.72902188452008e-18,2.239811574298961e-19,5.743106600766567e-14,nan,6.584721551377226e-08
-375.0,870935.1101957192,14152.47463412205,14321.459091451692,14323.33984375,4.036096459810858e-16,4.0810171454936484e-16,1.2057439040258162e-15,5.1820022414465276e-20,6.793293859526609e-18,3.255069165848072e-19,8.346331194482235e-14,nan,1.3655560812303622e-07
-372.5,1248100.7186852735,20003.269430229942,20760.861003221406,20763.5546875,1.809463848955435e-15,1.8158975587489193e-15,1.7042122172707873e-15,7.324301205514277e-20,9.735185605745133e-18,4.600751968952887e-19,1.1796799920392018e-13,nan,2.7474954635279784e-07
-370.0,1784301.4350890645,28937.698749782812,30025.263689051924,30029.111328125,2.5975862340024293e-15,2.606776098376274e-15,2.465395965449162e-15,1.0595688998596209e-19,1.3917551193694702e-17,6.655670712450048e-19,1.7065822339615507e-13,nan,5.644091283022812e-07
-367.5,2544729.2001232454,41765.16475991786,43322.347087852126,43327.828125,3.719240325632647e-15,3.732331467254905e-15,3.558253528926305e-15,1.5292532436586413e-19,1.9848887760961315e-17,9.605987894781108e-19,2.463073819174643e-13,nan,1.1539133681465376e-06
-365.0,3620509.3941838723,61691.52467624184,62362.154319218826,62369.94921875,1.6017602864999409e-15,1.6203779551894247e-15,5.255913310672487e-15,2.2588672823321455e-19,2.82399732746342e-17,1.4189050675535623e-18,3.638218121932211e-13,nan,2.408508237045951e-06
-362.5,5138691.44519639,88609.51173385333,89560.09340298294,89571.140625,2.2704095809538798e-15,2.2967952346278358e-15,7.549236538054078e-15,3.2444833874580926e-19,4.008179327253184e-17,2.038018769878627e-18,5.225689153534941e-13,nan,4.8764186602551305e-06
-360.0,7275957.614183429,126975.33808499844,128319.4762011267,128335.1171875,3.2103964931042865e-15,3.247754088428024e-15,1.0817877708007033e-14,4.649268086151286e-19,5.675246939063075e-17,2.920432775954964e-18,7.488289169115292e-13,nan,9.825895207164176e-06
-357.5,10277382.890392726,181527.70941917,183423.74292098233,183445.8125,4.528566842937251e-15,4.5812787616251146e-15,1.546555882998846e-14,6.64673155341181e-19,8.016358654506327e-17,4.17513731664091e-18,1.0705480299079257e-12,nan,1.9704326698875282e-05
-355.0,14482037.576735491,258911.4866447608,261579.54689214632,261610.609375,6.372508270407601e-15,6.4466992220843675e-15,2.205840001659526e-14,9.480178829606038e-19,1.1295989309853683e-16,5.954964192829499e-18,1.5269138955973074e-12,nan,3.932506331251243e-05
-352.5,20357833.60098586,368421.42756395205,372166.77948889247,372210.40625,8.945557410353753e-15,9.049757417171914e-15,3.138828380774422e-14,1.348994230896047e-18,1.587911020876897e-16,8.473692833970897e-18,2.17274175230023e-12,nan,7.810802410840786e-05
-350.0,28548822.961424943,523026.81051951274,528271.7062352808,528332.8125,1.2527131409011277e-14,1.2673080203712643e-14,4.456014970735114e-14,1.9150898867637354e-18,2.2268081909911454e-16,1.2029616641948793e-17,3.0845170876791777e-12,nan,0.00015439751008096498
-347.5,39939222.99792855,740779.356358884,748106.3895083946,748191.8125,1.7500196777250782e-14,1.7704224673930226e-14,6.311194446548473e-14,2.7124021659178818e-18,3.115259393838427e-16,1.7037925196254335e-17,4.368698768270342e-12,nan,0.0003037409736121511
-345.0,55739847.05252665,1046742.8106739558,1056953.7658403397,1057072.875,2.438827845447082e-14,2.4672763823854925e-14,8.917901608599251e-14,3.832703277243478e-18,4.3477080700970788e-16,2.4075084645500986e-17,6.173098627051535e-12,nan,0.0005946822056208468
-342.5,77604461.6946884,1475630.5928419803,1489826.1137019298,1489991.75,3.3905184176937614e-14,3.430079693731899e-14,1.257188327773741e-13,5.403098212391585e-18,6.053148012185695e-16,3.393950363536555e-17,8.70243682958091e-12,nan,0.0011587373503317365
-340.0,107786002.60234527,2075401.9493307073,2095089.100497549,2095319.125,4.702162694954124e-14,4.757102722852752e-14,1.768173632882143e-13,7.599192248261811e-18,8.407308202982932e-16,4.773424483460627e-17,1.2239549957591351e-11,nan,0.0022470026891846704
-337.5,149345725.78393635,2912152.1386263357,2939389.236197203,2939707.5,6.505423919955824e-14,6.581439396648418e-14,2.481057044453959e-13,1.066299661361741e-17,1.1648966611147035e-15,6.697949918840572e-17,1.717423056112967e-11,nan,0.004336513711573871
-335.0,206432459.41078272,4076744.9218439898,4114336.0192842637,4114775.25,8.978417169049399e-14,9.08332489635388e-14,3.473251473583388e-13,1.4927213698632317e-17,1.6101731834041053e-15,9.376513320241177e-17,2.404234184677225e-11,nan,0.008329068267296813
-332.5,284654420.57900614,5693784.590599383,5745539.9377782615,5746145.5,1.2361466659473145e-13,1.2506101709227233e-13,4.850915644391275e-13,2.084808860187727e-17,2.2203044805162477e-15,1.3095704558378582e-16,3.3578729636868156e-11,nan,0.01592101325919704
-330.0,391572907.2195082,7933720.986104623,8004804.894961044,8005637.5,1.6977982319714353e-13,1.7176845239017925e-13,6.759267168847864e-13,2.9049732287724344e-17,3.0542686763121637e-15,1.8247558268040634e-16,4.678861094369393e-11,nan,0.03028751118338015
-327.5,537355991.1516274,11029138.68860845,11126532.87527415,11127674.0,2.3262040676366584e-13,2.353459174638734e-13,9.396460395966566e-13,4.038376530122579e-17,4.191376730982694e-15,2.536701898379944e-16,6.504363841999856e-11,nan,0.05734229710451694
-325.0,735641653.8864932,15296619.062384209,15429738.117735047,15431300.0,3.179471985324652e-13,3.216776643870387e-13,1.3032212149108026e-12,5.600936678361055e-17,5.738004900314647e-15,3.518222384348368e-16,9.021083036790687e-11,nan,0.10804513427016962
-322.5,1004674283.5614086,21166004.515127584,21347511.21925437,21349642.0,4.3351831140837043e-13,4.3860755852610447e-13,1.8032733904476749e-12,7.750042708107819e-17,7.836459411778987e-15,4.868181038479345e-16,1.2482515483280371e-10,nan,0.2026067818038551
-320.0,1368796911.3472793,29219467.994093046,29466350.407330822,29469248.0,5.896644281993187e-13,5.965851614423937e-13,2.48940177061414e-12,1.0698860273820819e-16,1.0676615908508779e-14,6.7204776386414e-16,1.723199394523436e-10,nan,0.3781128076489137
-317.5,1860405026.4697144,40243535.29422555,40578525.768794544,40582464.0,8.001054593090728e-13,8.095116977746913e-13,3.428615744731232e-12,1.4735379888659745e-16,1.451115920646377e-14,9.256013117671877e-16,2.373336696838943e-10,nan,0.7022753878889656
-315.0,2522497525.321107,55298171.19568161,55751610.70487413,55756952.0,1.0830141580537409e-12,1.0957715339029782e-12,4.711220796835952e-12,2.024771317328649e-16,1.9675480697504635e-14,1.2718579375006771e-15,3.261174198719685e-10,nan,1.2981119871950437
-312.5,3411997862.5420604,75808283.36044091,76420564.13610682,76427776.0,1.4623973767331482e-12,1.4796224983732554e-12,6.458614334212067e-12,2.775759748382606e-16,2.661358332782807e-14,1.743590517290141e-15,4.470744916128567e-10,nan,2.388006604127919
-310.0,4604065663.84915,103684596.49236642,104509353.50241885,104519072.0,1.969884627899971e-12,1.993096699768486e-12,8.83358376496414e-12,3.796465461464172e-16,3.5911712178023367e-14,2.3847457193244277e-15,6.114732613652379e-10,nan,4.371973629167219
-307.5,6197678224.469495,141482898.98931798,142591168.25246182,142604240.0,2.647037319394588e-12,2.678258435700846e-12,1.2053873784657249e-11,5.18046997887787e-16,4.834189015086206e-14,3.2541066767543136e-15,8.34386327372901e-10,nan,7.9659611414821345
-305.0,8322835231.782819,192613284.42963135,194098905.9790134,194116416.0,3.54832152662592e-12,3.5901432035019864e-12,1.641001305704342e-11,7.052635651720041e-16,6.491811480790599e-14,4.430105541881521e-15,1.135924497918339e-09,nan,14.444997206110125
-302.5,11149832068.066065,261614349.09994185,263600967.53117248,263624384.0,4.744923730851608e-12,4.800852618294578e-12,2.2288674934092542e-11,9.579145545061585e-16,8.696869013091531e-14,6.0171300292986624e-15,1.5428538536663237e-09,nan,26.06845874593891
-300.0,14901161193.84765,354511548.30391306,357161657.87520415,357192928.0,6.329634114179946e-12,6.4043210066792905e-12,3.0203208225054965e-11,1.2980624840692534e-15,1.1622905731201167e-13,8.15376561099e-15,2.090709131023077e-09,nan,46.82004680227378
-297.5,19866742193.840244,479284285.5367479,482810884.08693683,482852544.0,8.423077570871392e-12,8.522579874389331e-12,4.0833431645090675e-11,1.7549243550335455e-15,1.549605891119539e-13,1.1023538567345201e-14,2.8265483506013336e-09,nan,83.68871606065437
-295.0,26423354804.580067,646473089.2411584,651154651.006508,651209920.0,1.1181640705958054e-11,1.1313647514451246e-11,5.5077363261256914e-11,2.3670948608560165e-15,2.0610216747572452e-13,1.4868881052546644e-14,3.812533603217088e-09,nan,148.87456742284684
-292.5,35059362401.07644,869966764.3128486,876166422.3562274,876239680.0,1.4807526252019423e-11,1.4982497915897304e-11,7.411828319029193e-11,3.1854285834816684e-15,2.734630267283962e-13,2.0009235579195517e-14,5.130573225434748e-09,nan,263.5679717246394
-290.0,46406073959.85418,1168020107.9905486,1176210159.9304461,1176307072.0,1.956146746431526e-11,1.9792936362118226e-11,9.951143961732638e-11,4.2767664130401864e-15,3.619673768868626e-13,2.686446248378262e-14,6.888323713790415e-09,nan,464.39040094964577
-287.5,61277409753.85833,1564566160.7806988,1575359285.7640421,1575487104.0,2.5778757540162892e-11,2.6084044036803492e-11,1.3329584822276062e-10,5.728740422900552e-15,4.77963796080095e-13,3.598502169795607e-14,9.226928640501556e-09,nan,814.3146910334183
-285.0,80719920810.27588,2090903638.5218682,2105092549.4971068,2105260800.0,3.388939684791147e-11,3.429125348598321e-11,1.7813805579800904e-10,7.655952489994464e-15,6.296153823201518e-13,4.809078368600297e-14,1.2330970175898197e-08,nan,1421.0838194502824
-282.5,106075677011.43742,2787860904.427691,2806468570.1829896,2806689280.0,4.4443338202282616e-11,4.49704908914459e-11,2.3751650348703234e-10,1.0207897791071816e-14,8.273902806892119e-13,6.41208008018369e-14,1.6441230974829975e-08,nan,2468.11536127108
-280.0,139061098048.22357,3708563482.142866,3732906552.8354144,3733195008.0,5.814202264262646e-11,5.883098119360548e-11,3.159573097206197e-10,1.357909819578578e-14,1.0846765647761438e-12,8.529696008928592e-14,2.187101540750921e-08,nan,4266.084881104809
-277.5,181865471690.2421,4921963749.44334,4953732424.401044,4954108928.0,7.58776508537381e-11,7.677690802026464e-11,4.19334988413884e-10,1.8022026423872963e-14,1.4185506791838883e-12,1.1320516623719683e-13,2.9026965701845344e-08,nan,7338.57505971719
-275.0,237273703657.23502,6517330357.510814,6558688664.538996,6559179264.0,9.878193487025253e-11,9.995370343348894e-11,5.552549325998876e-10,2.3863544287471274e-14,1.850734888526433e-12,1.4989859822274873e-13,3.843553800583301e-08,nan,12563.54291909704
-272.5,308818793727.6778,8609942598.301743,8663653932.115835,8664291328.0,1.2828642804461795e-10,1.2980881141183922e-10,7.335385556448682e-10,3.152575291359522e-14,2.4087865910758868e-12,1.9802867976094008e-13,5.07765845540872e-08,nan,21405.75616120658
-270.0,400970656992.7767,11348293168.561789,11417876988.054827,11418702848.0,1.6619694612985338e-10,1.6816946505478099e-10,9.66836942855261e-10,4.155236603943053e-14,3.127571124543658e-12,2.6101074287692115e-13,6.692583150690287e-08,nan,36296.687473115715
-267.5,519369233217.16003,14923173638.827957,15013100477.900234,15014170624.0,2.147850770166263e-10,2.1734105935547505e-10,1.2714049033059296e-09,5.464197692992332e-14,4.0510800190938486e-12,3.4323299369304304e-13,8.80084599212931e-08,nan,61252.14284193589
-265.0,671111379413.1111,19579102865.47551,19695036303.050762,19696418816.0,2.769003400463048e-10,2.8020239261861716e-10,1.6680746326457537e-09,7.168990410326232e-14,5.234668759422266e-12,4.5031936590593675e-13,1.1546650407844532e-07,nan,102871.09292085681
-262.5,865102851629.448,25628662415.00754,25777758413.465893,25779535872.0,3.5610720717103554e-10,3.603525645313141e-10,2.183477043705571e-09,9.384068123297803e-14,6.747802242709694e-12,5.894592355451735e-13,1.5114339372953165e-07,nan,171942.43819654643
-260.0,1112488784385.7888,33470428075.81676,33661704174.22649,33663985664.0,4.5685194711840713e-10,4.623011540712072e-10,2.8515694718328054e-09,1.2255371431147373e-13,8.677412518209153e-12,7.698198457437855e-13,1.973897040368681e-07,nan,286016.0108980999
-257.5,1427178504712.4624,43611336477.02576,43856125761.1243,43859046400.0,5.846651097754266e-10,5.916408875557531e-10,3.7155412366407384e-09,1.5968517818894205e-13,1.1131992336757206e-11,1.0030607389715925e-12,2.571950612747673e-07,nan,473494.5824387443
-255.00000000000003,1826483308217.1794,56694505018.471466,57007012632.11563,57010745344.0,7.464064405832836e-10,7.553218079845627e-10,4.830183807782085e-09,2.0758988069484423e-13,1.4246569804094e-11,1.3039736154248438e-12,3.343522090832933e-07,nan,780111.9759935043
-252.49999999999997,2331889013383.221,73533736627.47884,73931719892.72052,73936478208.0,9.505601126217702e-10,9.619250746766587e-10,6.26483049579567e-09,2.6924760360057874e-13,1.8188734304389124e-11,1.6912759424320132e-12,4.336604980594906e-07,nan,1279133.8237978702
-250.0,2969988733430.6533,95156193813.10266,95661790843.83931,95667847168.0,1.2075893949621381e-09,1.2220545764887125e-09,8.106992140005002e-09,3.484193558899869e-13,2.3165912120759097e-11,2.188592457701361e-12,5.611775532567593e-07,nan,2087334.0696036676
-247.5,3773605397010.714,122855025271.22972,123495761356.72691,123503443968.0,1.530361245770421e-09,1.5487107204211696e-09,1.0466840720743831e-08,4.4984006881279663e-13,2.943412209668357e-11,2.825665581238284e-12,7.245296362149446e-07,nan,3389882.9472431354
-245.00000000000003,4783138141188.276,158254079786.6622,159064085845.97745,159073812480.0,1.9346528314436603e-09,1.957884336733948e-09,1.3482722769198606e-08,5.794555492050273e-13,3.7308477501268554e-11,3.6398438350932305e-12,9.332932910495463e-07,nan,5478908.053233797
-242.49999999999997,6048171819222.974,203387253980.47232,204408737106.9633,204421005312.0,2.439753629260874e-09,2.4690555305714295e-09,1.7327919532336823e-08,7.447130153954477e-13,4.717574018993919e-11,4.677906841550863e-12,1.1994632927053497e-06,nan,8812917.102967203
-240.0,7629394531250.003,260795500882.02338,262080513467.41544,262095962112.0,3.069178567467898e-09,3.1060767655045397e-09,2.2218911781527184e-08,9.549162991406781e-13,5.950927734375002e-11,5.998296520286538e-12,1.53802474879142e-06,nan,14107871.631612644
-237.5,9600874308318.928,333645084388.1179,335257645593.21967,335277031424.0,3.8515095849574595e-09,3.897811525514259e-09,2.842545470028382e-08,1.221658840481715e-12,7.488681960488764e-11,7.673836940926712e-12,1.967650497673516e-06,nan,22476010.06068191
-235.0,12052752857276.297,425871310091.15955,427889941564.43634,427914264576.0,4.821385038425141e-09,4.879479150993449e-09,3.628282327416149e-08,1.5593499656514741e-12,9.401147228675511e-11,9.79504013209667e-12,2.511548751819659e-06,nan,35636298.36518427
-232.50000000000003,15094421588042.805,542352705987.22015,544873452763.0282,544903823360.0,6.020658526051245e-09,6.093196948138855e-09,4.620665190943574e-08,1.9858526588023185e-12,1.1773648838673388e-10,1.2474112237706064e-11,3.1984903173605293e-06,nan,56231715.53389894
-229.99999999999997,18858252959126.137,689121477965.3552,692261495428.0118,692299366400.0,7.499750903155761e-09,7.59020353908833e-09,5.8710864542844885e-08,2.523254155732987e-12,1.4709437308118386e-10,1.584979399320317e-11,4.064049741846966e-06,nan,88304974.17235298
-227.5,23503968431840.844,873617035808.841,877518834497.0232,877566033920.0,9.319221495943276e-09,9.43195459991756e-09,7.442927421611015e-08,3.1987942425364563e-12,1.8333095376835859e-10,2.0093191823603343e-11,5.152100467590601e-06,nan,138007846.61974117
-225.0,29223732931475.04,1104990486905.5537,1109826938742.186,1109885452288.0,1.1551586722439589e-08,1.169134295732812e-08,9.414152493024704e-08,4.045980175167356e-12,2.279451168655053e-10,2.5414781198827736e-11,6.516610563801984e-06,nan,214652937.71481833
-222.5,36248074555631.3,1394469238025.8464,1400449460252.993,1400521883648.0,1.428341644035586e-08,1.4456395549094452e-08,1.1880415450788712e-07,5.105921687826747e-12,2.827349815339241e-10,3.207279247459447e-11,8.223792942203711e-06,nan,332264532.40180266
-220.0,44852737191027.79,1755792240972.2705,1763168487576.3586,1763257876480.0,1.7617740279732723e-08,1.7831240528947637e-08,1.4958767607919988e-07,6.4289246675602006e-12,3.4985135009001674e-10,4.038322154236222e-11,1.0354672190349287e-05,nan,511852521.28210586
-217.5,55366582504284.51,2205727975359.83,2214803679978.4453,2214913638400.0,2.1676797890368285e-08,2.1939427248698875e-08,1.8792070849694944e-07,8.076387775165243e-12,4.3185934353341914e-10,5.0731743433276094e-11,1.3008139341865665e-05,0.11747283969404324,784727765.5989301
-215.0,68180666218764.93,2764688989631.11,2775828118680.2544,2775963402240.0,2.6605168327952724e-08,2.6928285320597033e-08,2.3554233319293973e-07,1.0123052619100986e-11,5.318091965063665e-10,6.358784676151553e-11,1.630457609269629e-05,0.11956891151797579,1197308518.702757
-212.5,83758621388551.86,3457458726129.9688,3471096615968.587,3471262613504.0,3.257331459162668e-08,3.296979014660103e-08,2.945640172638745e-07,1.2659665063321846e-11,6.533172468307045e-10,7.952155070098929e-11,2.039014120538187e-05,0.12171965624167257,1818048850.0388813
-210.0,102648488190150.72,4314048441590.914,4330704308674.5557,4330907238400.0,3.978157946220434e-08,4.026626542646349e-08,3.675426202551891e-07,1.579611288624637e-11,8.006582078831756e-10,9.922311415659102e-11,2.5441824142715646e-05,0.12392693059242167,2747368778.9071374
-207.5,125496135175901.97,5370704301413.397,5390995629241.048,5391243018240.0,4.846466811458387e-08,4.9055542493592084e-08,4.57566195253326e-07,1.966511330885507e-11,9.788698543720353e-10,1.2352619893250816e-10,3.167338434166876e-05,0.1261926683928301,4131804679.722875
-205.0,153060420518025.16,6671087171158.104,6695746191968.973,6696046952448.0,5.889665130740603e-08,5.961500039337274e-08,5.683545032085972e-07,2.4426532862654374e-11,1.1938712800405962e-09,1.5343500493663638e-10,3.934230895811189e-05,0.12851888432345823,6184056771.496138
-202.5,186230243010807.9,8267650243411.268,8297542745546.276,8297907224576.0,7.139652009926867e-08,7.22670572745742e-08,7.04376382175307e-07,3.0272431642136545e-11,1.4525958954843016e-09,1.9015595559845917e-10,4.875793733293825e-05,0.13090767789555152,9211225669.911037
-200.0,226043630929514.2,10223242408143.953,10259389111166.504,10259830669312.0,8.633431879392198e-08,8.73889549989316e-08,8.709863491489987e-07,3.743293412879492e-11,1.7631403212502107e-09,2.3513457538731094e-10,6.0290916765977166e-05,0.13336123764703045,13654349598.94398
-197.5,273709011657851.47,12612968178584.814,12656568926985.18,12657101897728.0,1.041378769649427e-07,1.0541084689500177e-07,1.0745830595826165e-06,4.618303940650368e-11,2.1349302909312416e-09,2.9009826810745073e-10,7.438417130960276e-05,0.13588184557581592,20143437505.46237
-195.0,330628795638889.75,15526337993002.363,15578799024827.957,15579440218112.0,1.2530015373914688e-07,1.2683160697731777e-07,1.3227925059671637e-06,5.6850494603402495e-11,2.57890460598334e-09,3.5710577383905436e-10,9.156558303565496e-05,0.13847188182553555,29573614785.332092
-192.5,398425393992340.2,19069745787081.477,19132710335284.945,19133479518208.0,1.503871978011989e-07,1.5222434692233493e-07,1.6246790987816434e-06,6.982486665209414e-11,3.1077180731402535e-09,4.38604153102874e-10,0.00011246260335971128,0.14113382963972598,43209847870.5921
-190.0,478969769369586.5,23369313822954.02,23444696303696.61,23445618294784.0,1.8004671462974763e-07,1.8224883725250182e-07,1.9909880364919685e-06,8.556795877919444e-11,3.735964201082775e-09,5.374942179279425e-10,0.00013781903023793397,0.14387028060176899,62830100449.8828
-187.5,574412593579237.6,28574147809319.4,28664171841883.906,28665276530688.0,2.150172180762883e-07,2.176557036754094e-07,2.4344226309900605e-06,1.0462572929706093e-10,4.480418229918054e-09,6.572053996143462e-10,0.00016851420502931954,0.14668394017903244,90919827056.44026
-185.0,687218052519026.2,34860048280135.01,34967288766408.332,34968606605312.0,2.5613772641338667e-07,2.5928530875187336e-07,2.969960504749981e-06,1.2764188101002034e-10,5.360300809648405e-09,8.017811104431053e-10,0.00020558490011361676,0.14957763359099546,130934580506.68187
-182.5,820200298343760.6,42433726931711.98,42561156398247.586,42562727444480.0,3.0435794326141455e-07,3.0811029672459506e-07,3.615212808765567e-06,1.5537329955207678e-10,6.397562327081333e-09,9.759757194293756e-10,0.00025025018446907065,0.15255431202256545,187652371829.83972
-180.0,976562500000000.0,51537579050674.695,51688618421970.78,51690480861184.0,3.607488412919614e-07,3.6519717011099686e-07,4.390830817585461e-06,1.8870752788025856e-10,7.6171875e-09,1.185364318165518e-09,0.00030393956876038924,0.1556170592053193,267643469734.8264
-177.5,1159938385780205.2,62455065185049.38,62633639111701.96,62635848499200.0,4.2651354128446813e-07,4.3179053610405124e-07,5.32096442984226e-06,2.2868247154338892e-10,9.047519409085601e-09,1.436466499256136e-09,0.00036832474339900924,0.1587690983910599,379892774263.14276
-175.0,1374436105038051.5,75516756690539.55,75727353499198.02,75729962270720.0,5.029983510352196e-07,5.092292515989305e-07,6.4337772287459295e-06,2.765085347644038e-10,1.0720601619296801e-08,1.7368854038824096e-09,0.0004453552317647204,0.16201379974385594,536618971250.0352
-172.5,1624684160475329.5,91107100582818.9,91354836845298.67,91357913808896.0,5.917037979480295e-07,5.99052948324574e-07,7.762022825064434e-06,3.3359339029908787e-10,1.267253645170757e-08,2.095463313404835e-09,0.0005372982854884192,0.16535468817866214,754345598468.111
-170.0,1915879077478348.0,109671959090387.48,109962648725899.16,109966270660608.0,6.942954561221464e-07,7.029462386183815e-07,9.343687202023146e-06,4.0156958590124027e-10,1.4943856804331113e-08,2.5224550590789124e-09,0.0006467833484817725,0.16879545167669435,1055292147486.127
-167.5,2253834383111247.5,131726978265396.73,132067205991800.25,132071452311552.0,8.126143337478745e-07,8.227564239661663e-07,1.1222701693193762e-05,4.823251864267409e-10,1.757990818826773e-08,3.029720500104125e-09,0.000776851410283109,0.17233995010998202,1469168573194.6477
-165.0,2645030365111119.0,157866837796126.0,158264036632804.97,158268991209472.0,9.486865501681693e-07,9.605202712462313e-07,1.3449731035841522e-05,5.78037642503324e-10,2.063123684786673e-08,3.630937269310898e-09,0.0009310095562335637,0.1759922246099529,2035474214802.1968
-162.5,3096663971442148.0,188775430591391.44,189237962987392.72,189243741700096.0,1.104731994615902e-06,1.1185341171616932e-06,1.608304063775762e-05,6.91211063608671e-10,2.4153978977248754e-08,4.341834903602003e-09,0.0011132910009235906,0.17975650751752692,2806422187245.322
-160.0,3616698094872225.5,225237015586680.47,225774257603173.1,225780978155520.0,1.2831716212797404e-06,1.2992232735819453e-06,1.9189446759355038e-05,8.247170546504999e-10,2.8210245140003357e-08,5.180451358493651e-09,0.0013283208611522181,0.18363723295504245,3850632688971.0864
-157.5,4213909366238743.5,268148380366579.56,268770808182780.16,268778600398848.0,1.4866329987700954e-06,1.505244258161931e-06,2.2845352728763697e-05,9.818392500415685e-10,3.28684930566622e-08,6.1674127484313305e-09,0.0015813878842131617,0.1876390480634232,5257763119815.197
-155.0,4897933456576808.0,318532041424625.4,319251319261946.0,319260354150400.0,1.717953697461713e-06,1.739533008293147e-06,2.7137873560192852e-05,1.1663216471381043e-09,3.8203880961299105e-08,7.326236952766384e-09,0.0018785222955811241,0.19176682495131664,7144268903798.387
-152.5,5679306764517368.0,377550499016349.7,378379567387949.4,378389974220800.0,1.980182066701645e-06,2.0050381877260267e-06,3.21660504201362e-05,1.3824208011260984e-09,4.429859276323547e-08,8.683661477376043e-09,0.002226579865993857,0.1960256734065565,9660515659351.846
-150.0,6569503244169645.0,446521550445997.1,447474713440010.5,447486703435776.0,2.2765749268026275e-06,2.3052123412885534e-06,3.8042155268615754e-05,1.6349618954175763e-09,5.1242125304523234e-08,1.0269995660257934e-08,0.0026333322205789574,0.2004209544242183,12999489680300.838
-147.5,7580965013335252.0,526934650126564.0,528027660223575.06,528041398763520.0,2.6105916797296224e-06,2.6434053913046254e-06,4.489308468204117e-05,1.9293986448618625e-09,5.9131527104014965e-08,1.2119496952910972e-08,0.003107563321259224,0.20495829460978138,17407377976331.877
-145.0,8727125276001923.0,620468286760806.9,621718425472680.8,621734164168704.0,2.9858843286539323e-06,3.023475297850326e-06,5.286184033140258e-05,2.2718769231982075e-09,6.8071577152815e-08,1.4270770595498558e-08,0.003659171947563733,0.209643601520527,23196309263361.92
-142.5,1.0022422000615456e+16,729008327439284.2,730434479841160.5,730452470005760.0,3.4062828921212363e-06,3.449251364369435e-06,6.210909183858797e-05,2.669301930925458e-09,7.817489160480055e-08,1.676719153110354e-08,0.004299279879770138,0.2144830800133006,30759560629525.996
-140.0,1.1482300720903108e+16,854667255317886.5,856289976332343.8,856310513926144.0,3.875775704587689e-06,3.9248285647975035e-06,7.281481576270956e-05,3.1294086350595223e-09,8.956194562304425e-08,1.965734687231139e-08,0.005040345351874716,0.2194832496722086,40589537877476.55
-137.5,1.3123204773500182e+16,999804201852532.8,1001645771939921.2,1001669118656512.0,4.3984841136620475e-06,4.454246401903929e-06,8.518000228006568e-05,3.6608351182032584e-09,1.0236099723330142e-07,2.2995496642608253e-08,0.005896281190412373,0.2246509633957245,53298826903444.9
-135.0,1.4962551260915218e+16,1167045646425845.8,1169130114143251.5,1169156669964288.0,4.978631116588279e-06,5.042058166014314e-06,9.942841872368597e-05,4.273198371306821e-09,1.167078998351387e-07,2.6842049867794455e-08,0.006882576889178066,0.22999342722910335,69644584490269.414
-132.5,1.701869103405997e+16,1359306625761882.2,1361659834481532.5,1361689853296640.0,5.620503525983405e-06,5.692201737344199e-06,0.00011580841655512813,4.977171953043504e-09,1.3274579006566776e-07,3.126405239252329e-08,0.008016423690390588,0.23551822153499058,90556484641900.28
-130.0,1.931085103014513e+16,1579812263029124.8,1582461858962239.8,1582495732596736.0,6.328407318972329e-06,6.409312544477504e-06,0.00013459476557265448,5.784564819740792e-09,1.5062463803513199e-07,3.633568204966987e-08,0.009316841551197403,0.2412333236027088,117168355789731.89
-127.50000000000001,2.185905738341108e+16,1832119392300583.0,1835094810861805.2,1835132956704768.0,7.1066159049043745e-06,7.197725054332314e-06,0.00015609049624351794,6.708400504466429e-09,1.7050064759060642e-07,4.213874602291341e-08,0.010804806672541899,0.2471471318049997,150853529427791.84
-125.0,2.4684037851701892e+16,2120138018481146.5,2123470445959526.0,2123513301303296.0,7.959311146484165e-06,8.061668667410875e-06,0.00018062872801860342,7.762995693669268e-09,1.9253549524327476e-07,4.876317442506637e-08,0.012503378057709326,0.25326849141999785,193263766698480.28
-122.50000000000001,2.7807102274486324e+16,2448152316425832.5,2451874623908350.5,2451922741100544.0,8.890517086557579e-06,9.005442229459557e-06,0.00020857445838766178,8.964037116543591e-09,2.1689539774099334e-07,5.630750327779415e-08,0.014437821353280552,0.25960672224605713,246371431387521.22
-120.0,3.125e+16,2820840836348606.5,2824987482878985.5,2825041045618688.0,9.904026468364418e-06,1.0031957987929745e-05,0.0002403262843131329,1.0328655528185075e-08,2.4375e-07,6.487933923601796e-08,0.016635728009235372,0.26617164814776595,312514331915178.8
-117.5,3.5034753492204932e+16,3243295546441085.5,3247902448497540.5,3247962180288512.0,1.1003320290268997e-05,1.1145986233568119e-05,0.00027631802459810665,1.1875495435130206e-08,2.7327107723919845e-07,7.459579756814497e-08,0.019127127581575636,0.27297362868317787,394442358981357.7
-114.99999999999999,3.918346765261447e+16,3721039308651975.5,3726143673198994.0,3726210278359040.0,1.2191480804425259e-05,1.2350563393981052e-05,0.00031702020876477516,1.3624779083832191e-08,3.056310476903929e-07,8.558390409899544e-08,0.021944590794614218,0.2800235929750591,495364699432813.5
-112.5,4.371811476682222e+16,4260041350669016.5,4265681469286522.5,4265755344371712.0,1.3471098552349677e-05,1.364754493949872e-05,0.0003629413952159834,1.5598363112128053e-08,3.4100129518121336e-07,9.798095106538739e-08,0.025123320785996765,0.28733307600288965,618996013377063.9
-110.0,4.866029540852793e+16,4866730267215194.0,4872945269137932.0,4873026944368640.0,1.4844174224347731e-05,1.5039250809924913e-05,0.00041462927890254973,1.7819786154161358e-08,3.7955030418651784e-07,1.1193479614594947e-07,0.028701229781012687,0.2949142575075969,769599526756848.1
-107.5,5.403097610117712e+16,5548004057795896.0,5554833620110590.0,5554923869569024.0,1.631201633332641e-05,1.652757196811166e-05,0.00047267154650603447,2.0314305594115808e-08,4.2144161358918153e-07,1.276040933293056e-07,0.03271899828956554,0.3027800037176519,952024525830370.2
-105.0,5.9850205043660856e+16,6311236687033521.0,6318720700782700.0,6318819773513728.0,1.7875135900406096e-05,1.8111765413726293e-05,0.0005376964353574923,2.3108921587221846e-08,4.6683159934055466e-07,1.45158443801771e-07,0.0372201137953259,0.3109439121233899,1171735258262423.8
-102.5,6.6136807744855e+16,7164280638741486.0,7172458830271337.0,7172567467032576.0,1.9533139557857357e-05,1.979261220662689e-05,0.0006103729510361073,2.623238641163155e-08,5.15867100409869e-07,1.6477845469105419e-07,0.04225088581821902,0.31942035954635156,1434827767886484.2
-100.0,7.290806497350728e+16,8115464926964107.0,8124376434527121.0,8124495428583424.0,2.1284622677750516e-05,2.1568833129393532e-05,0.0006914106979163868,2.9715197185737638e-08,5.686829067933568e-07,1.8665569332017448e-07,0.04786043418466013,0.32822455377228327,1748030741978819.0
-97.5,8.017937600492365e+16,9173588027360574.0,9183270933737736.0,9183400288059392.0,2.312706432716895e-05,2.343601967604969e-05,0.0007815592769455187,3.3589569986068035e-08,6.253991328384044e-07,2.109925246292932e-07,0.05410064734084442,0.3373725890403675,2118686061576741.0
-95.0,8.796391072243533e+16,1.0347905201507454e+16,1.0358396024242768e+16,1.0358535552499712e+16,2.5056726027711982e-05,2.5389981235199325e-05,0.0008816072057159814,3.78893934345598e-08,6.861185036349956e-07,2.3800181963467146e-07,0.06102610759863371,0.3468815057074816,2554704452138067.0
-92.5,9.627225469682002e+16,1.164810970582149e+16,1.1659442847554428e+16,1.1659593889349632e+16,2.706855645168395e-05,2.7429311082340393e-05,0.0009923803175280847,4.2650159894051974e-08,7.509235866351961e-07,2.679065232338943e-07,0.06869398031638316,0.35676935443505403,3064491472621334.0
-90.0,1.0511205190671432e+17,1.308430740663895e+16,1.3096514568965974e+16,1.3096679209172992e+16,2.915610431338514e-05,2.9549337967644604e-05,0.001114739598678916,4.790887252007755e-08,8.198740048723717e-07,3.0093907035269585e-07,0.07716386419299893,0.3670552652776721,3656839097220132.5
-87.5,1.1448765026281248e+17,1.4666984364162976e+16,1.4680093929443514e+16,1.4680272305913856e+16,3.1311441806285945e-05,3.173748373454239e-05,0.0012495784267221573,5.37039265677996e-08,8.930036720499373e-07,3.3734064037574844e-07,0.08649760009634576,0.3777595220872554,4340778377410741.5
-85.0,1.243997555430442e+17,1.6406967000968032e+16,1.6421003387496112e+16,1.642119542341632e+16,3.352510098843464e-05,3.398376772616666e-05,0.0013978191769567618,6.007496354691742e-08,9.703180932357447e-07,3.7736024102226475e-07,0.09675903615955507,0.3889036426847116,5125389162771043.0
-82.5,1.3484509971963998e+17,1.8315374535790096e+16,1.833035753276131e+16,1.833056608452608e+16,3.578602552477129e-05,3.6284139406230476e-05,0.0015604091699436232,6.706269705551371e-08,1.0517917778131918e-06,4.212536143231722e-07,0.10801374726235186,0.400510465292866,6019563642718299.0
-80.0,1.4581612994701453e+17,2.0403563440462868e+16,2.0419507530156108e+16,2.0419728371613696e+16,3.808154015032296e-05,3.8609007255425796e-05,0.0017383159394207433,7.470870940623597e-08,1.1373658135867133e-06,4.69281959130646e-07,0.1203287074693964,0.4126042417705108,7031721575697607.0
-77.5,1.5730072466749728e+17,2.268306376686092e+16,2.2699977442402924e+16,2.270021212438528e+16,4.039734012004754e-05,4.0957864521602846e-05,0.0019325218075699508,8.305521848408502e-08,1.2269456524064787e-06,5.217104666378012e-07,0.13377191452251314,0.42521073823811234,8169476514179337.0
-75.0,1.6928194336711158e+17,2.5165507291084076e+16,2.518339237904783e+16,2.5183641671827456e+16,4.271750275417745e-05,4.331292420369815e-05,0.002144017763139711,9.214481464260648e-08,1.3203991582634705e-06,5.788066676949338e-07,0.14841196607562404,0.4383573437415352,9439254115410896.0
-72.5,1.817378164645559e+17,2.7862547533078468e+16,2.7881398530959652e+16,2.788166281776333e+16,4.502452297357103e-05,4.5655756786164005e-05,0.0023737966473820838,1.0202016785157085e-07,1.417554968423536e-06,6.408385932608048e-07,0.164317588015591,0.4520731876616269,1.084586573392379e+16
-70.0,1.9464118163411168e+17,3.078577183035773e+16,3.080557526965109e+16,3.0805852646539264e+16,4.729937444370474e-05,4.796187316938141e-05,0.0026228456630253663,1.1272370575032775e-07,1.5182012167460712e-06,7.080727520982278e-07,0.1815571159226225,0.46638926664531677,1.2392042886681416e+16
-67.5,2.0795957254084208e+17,3.3946605773081796e+16,3.396733961921769e+16,3.396763147619533e+16,4.95215976130237e-05,5.021868119860224e-05,0.002892138232459733,1.2429726373187325e-07,1.6220846658185683e-06,7.807719327808813e-07,0.20019793148227727,0.4813385819086532,1.4077940807466354e+16
-65.0,2.216551655005393e+17,3.7356210442796776e+16,3.737784354357383e+16,3.737815118931558e+16,5.166941554316056e-05,5.240420968268248e-05,0.0031826252428186694,1.3678170867714811e-07,1.7289102909042065e-06,8.591928401843258e-07,0.22030585645751946,0.49695628784474105,1.5900622082265392e+16
-62.5,2.3568478896714154e+17,4.1025373036685544e+16,4.104786463102629e+16,4.10481878588457e+16,5.371987798682327e-05,5.449188902158971e-05,0.00349522572752785,1.5021653847003888e-07,1.838341353943704e-06,9.435835798437675e-07,0.2419445076522481,0.5132798529606831,1.78535341774953e+16
-60.0,2.5e+17,4.496439160101242e+16,4.498769089985633e+16,4.498802578397594e+16,5.564903368393591e-05,5.6448885120544714e-05,0.0038308170459768922,1.646394599428867e-07,1.95e-06,1.0341810068232856e-06,0.26517461713417584,0.5303492342683517,1.992599741196641e+16
-57.49999999999999,2.6454723097942006e+17,4.918295473912831e+16,4.920700059004597e+16,4.920735011595878e+16,5.743213032460789e-05,5.826695284119999e-05,0.0041902246350403296,1.8008594842108804e-07,2.0634684016394767e-06,1.1312079589999511e-06,0.2900533228205003,0.5482070663651445,2.2102722437460892e+16
-55.0,2.7926800883206138e+17,5.36900172983097e+16,5.371473794495898e+16,5.371509868173722e+16,5.9043841073952276e-05,5.9905440097073e-05,0.004574211418008556,1.965887925439855e-07,2.178290468890079e-06,1.234870397861123e-06,0.3166334353490059,0.5668988665640795,2.436337842459568e+16
-52.5,2.940992479125703e+17,5.849367317306399e+16,5.8518986119908584e+16,5.85193631996969e+16,6.045851598501862e-05,6.135914934664396e-05,0.004983466967851277,2.141776285275511e-07,2.2939741337180485e-06,1.3453544829804719e-06,0.34496268794371077,0.5864732575689229,2.6682234736743588e+16
-50.0,3.089736164823223e+17,6.360102648748662e+16,6.362683847925604e+16,6.362722607090893e+16,6.16504560522874e-05,6.257619639716531e-05,0.005418596532381541,2.328784684918824e-07,2.409994208562114e-06,1.4628236092121923e-06,0.37508297672107493,0.6069822093410605,2.902789975344974e+16
-47.5,3.238199754517941e+17,6.901806253291587e+16,6.904426965710572e+16,6.904467447978394e+16,6.25942070862367e-05,6.356110274292509e-05,0.005880110038571946,2.527132278927088e-07,2.525795808523994e-06,1.5874154382570651e-06,0.40702959955309365,0.628481301972192,3.136318052533891e+16
-45.0,3.3856388673422317e+17,7.474951993664184e+16,7.477600785594498e+16,7.477641141551104e+16,6.32648700457674e-05,6.422874883181243e-05,0.00636841120175258,2.73699257460467e-07,2.640798316526941e-06,1.7192389585427625e-06,0.44083050219045194,0.6510300115624991,3.3645085975449404e+16
-42.5,3.531281872216554e+17,8.07987656200395e+16,8.082540993997403e+16,8.082582131231949e+16,6.363842394808995e-05,6.462096310784249e-05,0.006883786872458645,2.958488853529971e-07,2.7543998603289124e-06,1.8583716092609087e-06,0.47650554083613045,0.6746920213098595,3.5824994309182904e+16
-40.0,3.674336230688997e+17,8.716767416763006e+16,8.719434094281078e+16,8.719475959608115e+16,6.369205701061647e-05,6.469198624027594e-05,0.007426396759074535,3.19168975459083e-07,2.8659822599374176e-06,2.0048565058554916e-06,0.5140657707321773,0.6995355602442809,3.784900209984825e+16
-37.5,3.813995376861345e+17,9.385651326989168e+16,9.38830596504039e+16,9.38834839648338e+16,6.340450127739959e-05,6.441795186059546e-05,0.007996263667941232,3.436605079413422e-07,2.974916393951849e-06,2.158699805207509e-06,0.5535127705660279,0.725633772295669,3.965846817234297e+16
-35.0,3.9494460562723046e+17,1.0086383692011438e+17,1.0089011193732134e+17,1.0089053412969677e+17,6.27563656482381e-05,6.376474782653744e-05,0.008593264404082533,3.6931818817095096e-07,3.0805679238923975e-06,2.319868249162631e-06,0.5948380126058028,0.7530651186653279,4.119075996402224e+16
-32.5,4.0798760344815654e+17,1.0818638803756114e+17,1.082122335264481e+17,1.082126630953943e+17,6.173046198873247e-05,6.27564626815966e-05,0.00921712147502132,3.961300901772815e-07,3.1823033068956212e-06,2.4882869248639062e-06,0.6380222884266427,0.7819138167855103,4.238020361070635e+16
-30.0,4.204482076268573e+17,1.1581901215443677e+17,1.1584426380730266e+17,1.1584469113136742e+17,6.031211884627328e-05,6.133275776908122e-05,0.009867395737195549,4.240773406082461e-07,3.279496019489487e-06,2.6638372795520457e-06,0.6830351998851399,0.8122703195007142,4.31592317611308e+16
-27.5,4.3224780880941696e+17,1.237545837419248e+17,1.2377907228592253e+17,1.2377950577177395e+17,5.848947725550102e-05,5.9524833250932914e-05,0.010543480119180928,4.531338489692472e-07,3.3715329087134522e-06,2.8463554260642706e-06,0.7298347246318643,0.8442318384934333,4.345971529933709e+16
-25.0,4.4331033100107866e+17,1.3198394666060637e+17,1.3200749914934786e+17,1.3200792437653504e+17,5.62537631752837e-05,5.7269393826723284e-05,0.011244594548264089,4.832660895792868e-07,3.4578205818084135e-06,3.0356307731939468e-06,0.7783668649215248,0.8779029164105256,4.321445704023688e+16
-22.5,4.535630438750997e+17,1.4049587010323858e+17,1.4051831131047203e+17,1.4051873708100813e+17,5.359953128242283e-05,5.461645969145196e-05,0.011969782196913416,5.144329402531567e-07,3.5377917422257776e-06,3.2314050123744873e-06,0.8285653877883301,0.9133960526295624,4.235881739199351e+16
-20.0,4.6293735614364525e+17,1.492770212540366e+17,1.492981751553136e+17,1.4929859512683725e+17,5.052487513020496e-05,5.152795293191693e-05,0.012717907153440556,5.465855821919769e-07,3.610911377920433e-06,3.433371488842842e-06,0.8803516638058569,0.9508323881435611,4.083243431410603e+16
-17.5,4.7136957793428314e+17,1.5831195571972086e+17,1.5833164704605094e+17,1.5833206240156058e+17,4.7031599086524635e-05,4.802365180455564e-05,0.013487653606757364,5.796674649459768e-07,3.6766827078874084e-06,3.6411749815535802e-06,0.9336346106547642,0.9903424556441449,3.85809930207729e+16
-15.0,4.7880164034928685e+17,1.6758312659567706e+17,1.676011824414589e+17,1.6760159825874125e+17,4.312534797024606e-05,4.4118503605791075e-05,0.01427752661878268,6.136143396107122e-07,3.7346527947244373e-06,3.854411911700572e-06,0.9883107465898903,1.032067001555086,3.555799515950234e+16
-12.5,4.8518176085345645e+17,1.7707091281817786e+17,1.7708716428424125e+17,1.7708754892803277e+17,3.8815690911289064e-05,3.97343904590313e-05,0.015085854539957587,6.483543626402003e-07,3.7844177346569603e-06,4.072630994818091e-06,1.0442643576456643,1.0761578875190574,3.1726472984642704e+16
-10.0,4.904650438344575e+17,1.8675366722376992e+17,1.867679510751991e+17,1.8676831931387085e+17,3.4116156655362e-05,3.499567351914798e-05,0.0159107931037458,6.838082718188667e-07,3.825627341908768e-06,4.295334346146709e-06,1.1013677810632587,1.1227790796799313,2.7060591649074868e+16
-7.5,4.946140065969877e+17,1.9660778449313098e+17,1.9661994481069792e+17,1.966202870961275e+17,2.9044218301317915e-05,2.9861747340588862e-05,0.016750331215224963,7.198896350415139e-07,3.857989251456504e-06,4.521979043342013e-06,1.1594818059851315,1.1721077350422457,2.1547082394772396e+16
-5.0,4.975990221721769e+17,2.0660778890280182e+17,2.0661767870634422e+17,2.066180088885412e+17,2.362122629292479e-05,2.440984745803183e-05,0.01760229842724321,7.565051716208551e-07,3.8812723729429795e-06,4.751979144764442e-06,1.2184561909652416,1.2243353952408262,1.5186451292652314e+16
-2.5,4.993986716250906e+17,2.167264415483755e+17,2.1673392437032448e+17,2.1673422023871693e+17,1.7872289354284895e-05,1.857895397314972e-05,0.018464374075479267,7.935551448908015e-07,3.895309638675707e-06,4.984708155612637e-06,1.2781302963109324,1.2796692992311887,7993912327163078.0
0.0,5e+17,2.2693486644135286e+17,2.2693981782886406e+17,2.269400761462948e+17,1.1826103962994822e-05,1.2443080272006852e-05,0.019334098021476395,8.309338239166614e-07,3.9e-06,5.219501928151116e-06,1.3383338277310552,1.3383338277310552,-0.0
2.5,4.993986716250906e+17,2.3720269462347005e+17,2.372050035482371e+17,2.3720520260255744e+17,5.514733855102963e-06,5.990163637450076e-06,0.020208882930705118,8.685300111772506e-07,3.895309638675707e-06,5.455661976339811e-06,1.3988876862409774,1.400572093723101,-8749174909345848.0
5.0,4.975990221721769e+17,2.4749822519140493e+17,2.4749779534723366e+17,2.4749797146833715e+17,-1.0266580520625472e-06,-6.0600293766984e-07,0.021086027991334227,9.062276321652351e-07,3.8812723729429795e-06,5.692459179402314e-06,1.459604917795465,1.4666476949892593,-1.8192052496410964e+16
7.5,4.946140065969877e+17,2.577886018858443e+17,2.577853528554238e+17,2.5778548329414656e+17,-7.760122075805196e-06,-7.4485766973479245e-06,0.021962733959033656,9.439063819771911e-07,3.857989251456504e-06,5.929137843374419e-06,1.5202917547113894,1.5368466465104833,-2.8252148100786564e+16
10.0,4.904650438344575e+17,2.6804000367625e+17,2.68033871950249e+17,2.6803394527730074e+17,-1.4645274480396216e-05,-1.4470137039575253e-05,0.02283611939416451,9.81442423149645e-07,3.825627341908768e-06,6.16492008455375e-06,1.5807487396291666,1.6114795126589117,-3.883897538894662e+16
12.5,4.8518176085345645e+17,2.7821784757032352e+17,2.7820878740394538e+17,2.7820882588073984e+17,-2.1639685697715385e-05,-2.154778608968334e-05,0.023703237940472844,1.018709128256482e-06,3.7844177346569603e-06,6.399010494117441e-06,1.6407719215685748,1.6908837614612546,-4.984935630759993e+16
15.0,4.7880164034928685e+17,2.8828700169883885e+17,2.8827498579323584e+17,2.882749750921134e+17,-2.8699298640890552e-05,-2.872485765563446e-05,0.024561096479210787,1.0555778601301526e-06,3.7346527947244373e-06,6.6306010390732935e-06,1.7001541125828958,1.7754263658564637,-6.116909273143484e+16
17.5,4.7136957793428314e+17,2.982120065754054e+17,2.981970265738564e+17,2.98196968021164e+17,-3.5778871131269674e-05,-3.5918720865410195e-05,0.02540667397973453,1.0919187820158084e-06,3.6766827078874084e-06,6.858876151234324e-06,1.7586861926241857,1.865506679844935,-7.267496186305518e+16
20.0,4.6293735614364525e+17,3.0795730230960224e+17,3.07939369101036e+17,3.079392938782884e+17,-4.283243604228549e-05,-4.301210124361646e-05,0.026236940857309866,1.1276016895240192e-06,3.610911377920433e-06,7.083017953120852e-06,1.8161584495181673,1.961559620773647,-8.423698578970738e+16
22.5,4.535630438750997e+17,3.174874594629313e+17,3.174666032881846e+17,3.174664934134907e+17,-4.981377245621801e-05,-5.007620183583786e-05,0.02704887864127378,1.1624968559218584e-06,3.5377917422257776e-06,7.302211567647421e-06,1.8723619404224157,2.064059192770144,-9.57209155668146e+16
25.0,4.4331033100107866e+17,3.2676741118171923e+17,3.267436815408063e+17,3.267435196936356e+17,-5.667688093618592e-05,-5.706344358399795e-05,0.02783949975198786,1.1964758820996063e-06,3.4578205818084135e-06,7.515650457179542e-06,1.9270898608152673,2.1735223905830634,-1.0699086222185674e+17
27.5,4.3224780880941696e+17,3.357626842203675e+17,3.357361495819364e+17,3.3573594426087834e+17,-6.337645599276919e-05,-6.386685351725607e-05,0.02860586718325305,1.2294125424744018e-06,3.3715329087134522e-06,7.722541737068453e-06,1.980138906940629,2.2905135278704156,-1.1791200150443362e+17
30.0,4.204482076268573e+17,3.44439626482409e+17,3.444103737994275e+17,3.444101289313567e+17,-6.986834889276393e-05,-7.045320218015379e-05,0.02934511388805307,1.2611836181436646e-06,3.279496019489487e-06,7.922111409095407e-06,2.031310617716771,2.4156490393693564,-1.2835327629326653e+17
32.5,4.0798760344815654e+17,3.527656287552694e+17,3.527337627937574e+17,3.5273346631335936e+17,-7.611001418678533e-05,-7.681814054570922e-05,0.03005446166962069,1.291669708778462e-06,3.1823033068956212e-06,8.113609461371195e-06,2.0804126824028706,2.5496028124629415,-1.3819002043322299e+17
35.0,3.9494460562723046e+17,3.607093383963416e+17,3.6067498088660134e+17,3.606746890449715e+17,-8.206093366337632e-05,-8.275798059158008e-05,0.03073123938678267,1.3207560150461927e-06,3.0805679238923975e-06,8.296314783115858e-06,2.127260200798938,2.693112110520581,-1.4730643041502224e+17
37.5,3.813995376861345e+17,3.682408628412748e+17,3.682041514635111e+17,3.6820383543433626e+17,-8.768301189845972e-05,-8.843782938520218e-05,0.03137290029219103,1.3483330837667786e-06,2.974916393951849e-06,8.469539845349321e-06,2.171676883422903,2.846984158132414,-1.5559781660279936e+17
40.0,3.674336230688997e+17,3.7533196094795776e+17,3.752930481663889e+17,3.7529269613625344e+17,-9.294093812721738e-05,-9.378174183546506e-05,0.03197703833419589,1.3742975085286165e-06,2.8659822599374176e-06,8.632635101803028e-06,2.2134961799494945,3.0121034670994553,-1.62972573419136e+17
42.5,3.531281872216554e+17,3.8195622035874995e+17,3.8191527212025024e+17,3.8191488287165645e+17,-9.780250980229545e-05,-9.87322076551137e-05,0.03254140326751936,1.3985525791096195e-06,2.7543998603289124e-06,8.784993068251249e-06,2.252562325192628,3.1894399919125043,-1.6935381766915834e+17
45.0,3.3856388673422317e+17,3.880892192558363e+17,3.88046413570784e+17,3.88046000226304e+17,-0.00010223891393886977,-0.00010322616342842252,0.033063914434275296,1.4210088737528653e-06,2.640798316526941e-06,8.926052042884236e-06,2.28873129304724,3.380058214602082,-1.7468065559584982e+17
47.5,3.238199754517941e+17,3.9370867109652736e+17,3.936641965208457e+17,3.936637830897336e+17,-0.0001062249631101828,-0.00010721241951543201,0.03354267309493692,1.4415847891224309e-06,2.525795808523994e-06,9.05529943522013e-06,2.3218716500564436,3.5851272714367988,-1.7890905181672874e+17
50.0,3.089736164823223e+17,3.987945511430006e+17,3.987486051813472e+17,3.987481653747384e+17,-0.00010973928377924735,-0.00011078973653963775,0.03397597320825113,1.4602070035986252e-06,2.409994208562114e-06,9.172274676289014e-06,2.351865301612568,3.805932248178103,-1.8201228646959955e+17
52.5,2.940992479125703e+17,4.033292038402847e+17,4.032819912909612e+17,4.0328148617579725e+17,-0.00011276445549742363,-0.00011397089398135538,0.03436231057948668,1.4768108704480678e-06,2.2939741337180485e-06,9.276571688326548e-06,2.3786081252119353,4.043886786679317,-1.8398100015380966e+17
55.0,2.7926800883206138e+17,4.072974303430062e+17,4.0724916160543046e+17,4.0724862720802816e+17,-0.00011528710032128322,-0.00011656347774537011,0.034700390317422704,1.4913407383074255e-06,2.178290468890079e-06,9.367840897889144e-06,2.402010486638242,4.300547163786844,-1.8482283907039206e+17
57.49999999999999,2.6454723097942006e+17,4.1068655574135674e+17,4.1063744510685786e+17,4.106369097279734e+17,-0.00011729792264464421,-0.00011857664428239342,0.03498913256177817,1.5037501973347904e-06,2.0634684016394767e-06,9.445790782051205e-06,2.4219976364233857,4.577628024032881,-1.8456172465633568e+17
60.0,2.5e+17,4.1348647578573184e+17,4.134367397320183e+17,4.134362319725527e+17,-0.00011879170042637633,-0.00012000445467249369,0.03522767646399619,1.5140022502943773e-06,1.95e-06,9.510188943071833e-06,2.438509985403034,4.877019970806068,-1.8323678255226502e+17
62.5,2.3568478896714154e+17,4.1568968315357024e+17,4.1563953866249914e+17,4.156390347993252e+17,-0.0001197672295365589,-0.0001209706777144287,0.035415382425091575,1.5220694087339223e-06,1.838341353943704e-06,9.560862712532116e-06,2.4515032596236197,5.200809246890771,-1.8090097459389357e+17
65.0,2.216551655005393e+17,4.172912735373334e+17,4.172409364545962e+17,4.172404047657042e+17,-0.00012022722364122918,-0.00012149713194449104,0.03555183261432652,1.5279337152761357e-06,1.7289102909042065e-06,9.597699291358668e-06,2.4609485362458123,5.551299764858908,-1.7761948442026205e+17
67.5,2.0795957254084208e+17,4.182889320558629e+17,4.1823861550993664e+17,4.1823807412895744e+17,-0.0001201781726509793,-0.0001214712299463586,0.03563682981150334,1.5315866938631835e-06,1.6220846658185683e-06,9.620645437284847e-06,2.4668321634063712,5.931037781206006,-1.7346791208711056e+17
70.0,1.9464118163411168e+17,4.186829006994556e+17,4.1863281359567763e+17,4.1863224904751514e+17,-0.00011963016329137877,-0.00012097855407006322,0.03567039463339279,1.5330292305551307e-06,1.5182012167460712e-06,9.62970671608748e-06,2.469155568227559,6.342839545818984,-1.6853033570110566e+17
72.5,1.817378164645559e+17,4.184759277092344e+17,4.184262733131836e+17,4.184257126601851e+17,-0.0001185966658009269,-0.00011993575320476251,0.035652761221024364,1.5322713881798762e-06,1.417554968423536e-06,9.624946337312393e-06,2.467934958285229,6.7898223008708465,-1.628972985842433e+17
75.0,1.6928194336711158e+17,4.1767319996153446e+17,4.176241745840765e+17,4.176236189277225e+17,-0.00011709429111167841,-0.00011842144431773415,0.035584371479060226,1.5293321587550637e-06,1.3203991582634705e-06,9.606483599115293e-06,2.463200922850075,7.2754390511345886,-1.566637789586922e+17
77.5,1.5730072466749728e+17,4.1628225957631174e+17,4.162340513707421e+17,4.162335269925683e+17,-0.00011514252311027491,-0.00011639497018390501,0.03546586797110819,1.5242391581454287e-06,1.2269456524064787e-06,9.57449197025517e-06,2.454997941091069,7.803517581627329,-1.4992719580706e+17
80.0,1.4581612994701453e+17,4.143129060937546e+17,4.1426569397347315e+17,4.142651606606807e+17,-0.00011276343075534966,-0.00011403721765124878,0.03529808558549344,1.5170282678773715e-06,1.1373658135867133e-06,9.529196840156357e-06,2.443383805168297,8.37830425912467,-1.4278549966874512e+17
82.5,1.3484509971963998e+17,4.1177708566451494e+17,4.1173103834764864e+17,4.117305114807501e+17,-0.00010998136486915734,-0.00011123975611866816,0.035082042094633684,1.5077432294032213e-06,1.0517917778131918e-06,9.470872970283844e-06,2.428428966739447,9.0045132221655,-1.3533539098132806e+17
85.0,1.243997555430442e+17,4.0868876877599296e+17,4.0864404396137146e+17,4.0864352950655386e+17,-0.00010682264440889825,-0.00010805139011774029,0.03481892773772416,1.4964351963896641e-06,9.703180932357447e-07,9.399841681847838e-06,2.41021581585842,9.68738164049064,-1.2767070149571979e+17
87.5,1.1448765026281248e+17,4.0506381809000736e+17,4.050205617669317e+17,4.050200545774797e+17,-0.00010331523690932584,-0.00010452662971085817,0.03451009396094541,1.483162250798495e-06,8.930036720499373e-07,9.316467816070169e-06,2.3888379015564536,10.432731810255296,-1.1988096662410843e+17
90.0,1.0511205190671432e+17,4.009198479965285e+17,4.008781938888898e+17,4.0087771323931034e+17,-9.948843759592821e-05,-0.00010063644144001409,0.034157041451907136,1.4679888886353013e-06,8.198740048723717e-07,9.221156503920157e-06,2.364399103569271,11.24704094668253,-1.12050208653869e+17
92.5,9.627225469682002e+16,3.962760774948907e+17,3.962361466384135e+17,3.962356438663168e+17,-9.537255142370308e-05,-9.65733936263917e-05,0.03376140760561534,1.4509854812663657e-06,7.509235866351961e-07,9.114349782382486e-06,2.337012764713458,12.137519641942344,-1.0425594289174653e+17
95.0,8.796391072243533e+16,3.911531779992885e+17,3.911150784490315e+17,3.911146341002117e+17,-9.099858196590912e-05,-9.205988353574554e-05,0.033324953558005424,1.4322277181505707e-06,6.861185036349956e-07,8.996523093983636e-06,2.3068007933291375,13.112200073778576,-9.656841127198998e+16
97.5,8.017937600492365e+16,3.855731176310054e+17,3.855369442947482e+17,3.855365367345971e+17,-8.639793074118977e-05,-8.73713646942438e-05,0.03284955092015637,1.4117960367072894e-06,6.253991328384044e-07,8.868181705513124e-06,2.2738927450033652,14.18003518051656,-8.905004100980336e+16
100.0,7.290806497350728e+16,3.7955900350749914e+17,3.795248380993235e+17,3.795244415136563e+17,-8.160211013762192e-05,-8.25493321677967e-05,0.03233716834184391,1.3897750448496644e-06,5.686829067933568e-07,8.72985708067248e-06,2.2384248924801233,15.351010161176978,-8.175511970010506e+16
102.5,6.6136807744855e+16,3.731349234702155e+17,3.731028345774318e+17,3.731024346139853e+17,-7.664247269251262e-05,-7.759776235411527e-05,0.031789858027275075,1.3662529414627602e-06,5.15867100409869e-07,8.582103239814957e-06,2.2005392922602454,16.63626781587015,-7.472967299300432e+16
105.0,5.9850205043660856e+16,3.6632578861093094e+17,3.6629583186653786e+17,3.662954612056392e+17,-7.154995903353583e-05,-7.243526124690248e-05,0.03120974231885492,1.3413209398055722e-06,4.6683159934055466e-07,8.425493138051412e-06,2.1603828559106186,18.048249411464962,-6.8011526712044456e+16
107.5,5.403097610117712e+16,3.5915717786276794e+17,3.591293962148565e+17,3.5912901621448704e+17,-6.635486633204202e-05,-6.726247533359706e-05,0.030599000456856332,1.3150726984729406e-06,4.2144161358918153e-07,8.260615090843663e-06,2.118106433549657,19.600852940203612,-6.16305320600677e+16
110.0,4.866029540852793e+16,3.51655185819039e+17,3.516296098879598e+17,3.5162924740142694e+17,-6.10866386863199e-05,-6.195241689760684e-05,0.02995985561409029,1.287603764176328e-06,3.7955030418651784e-07,8.088069273837896e-06,2.0738639163686914,21.309610833201372,-5.560893037591417e+16
112.5,4.371811476682222e+16,3.438462748329853e+17,3.438229233466875e+17,3.438225774052639e+17,-5.5773680412504994e-05,-5.6599941583042565e-05,0.02929456229529406,1.2590110301993157e-06,3.4100129518121336e-07,7.908464321158661e-06,2.027811364399657,23.19188939430855,-4.996183271853613e+16
114.99999999999999,3.918346765261447e+16,3.357571323364696e+17,3.357360126341864e+17,3.3573570374270976e+17,-5.044319280290938e-05,-5.118096230840378e-05,0.02860539418115704,1.2293922139625715e-06,3.056310476903929e-07,7.722414043738802e-06,1.9801061650612313,25.267112428844857,-4.469778928579295e+16
117.5,3.5034753492204932e+16,3.274145341978456e+17,3.2739564279222874e+17,3.273953582902149e+17,-4.5121034523587755e-05,-4.580055120160042e-05,0.027894632486864343,1.198845356701577e-06,2.7327107723919845e-07,7.53053428655045e-06,1.930906227320628,27.55701175049292,-3.98194242197553e+16
120.0,3.125e+16,3.1884521482051315e+17,3.188285380083945e+17,3.188282729242296e+17,-3.983160547229314e-05,-4.046474373617052e-05,0.02716455489492454,1.1674683478257274e-06,2.4375e-07,7.333439940871803e-06,1.8803692156081546,30.085907449730474,-3.532411258728322e+16
122.50000000000001,2.7807102274486324e+16,3.1007574456587814e+17,3.100612590780524e+17,3.10060973362774e+17,-3.459775357801431e-05,-3.528016806860535e-05,0.026417425112012352,1.1353584760961208e-06,2.1689539774099334e-07,7.1317421250151975e-06,1.8286518269269738,32.88102098658452,-3.120467812181619e+16
125.0,2.4684037851701892e+16,3.0113241496920576e+17,3.011200886499604e+17,3.011198478849147e+17,-2.9440703751654377e-05,-3.0015757199726358e-05,0.025655483089739983,1.1026120093374286e-06,1.9253549524327476e-07,6.926045544291733e-06,1.775909113920957,35.97282431242329,-2.7450092533905508e+16
127.50000000000001,2.185905738341108e+16,2.9204113210560646e+17,2.9203092461316064e+17,2.92030700654166e+17,-2.4380007945801623e-05,-2.4914921108603e-05,0.024880935939792785,1.0693238039919056e-06,1.7050064759060642e-07,6.716946038428949e-06,1.7222938560074228,39.39542830686007,-2.404615971063903e+16
130.0,1.931085103014513e+16,2.828273183573756e+17,2.828191818769118e+17,2.828189750567895e+17,-1.9433515078392547e-05,-1.9927493031536764e-05,0.024095949564832377,1.0355869454353913e-06,1.5062463803513199e-07,6.5050283222196395e-06,1.6679559800563177,43.187013805154464,-2.097617080197448e+16
132.5,1.701869103405997e+16,2.7351582273413418e+17,2.735097026956979e+17,2.7350949600375603e+17,-1.4617359405086298e-05,-1.5111031206611266e-05,0.023302641018070024,1.0014924196098377e-06,1.3274579006566776e-07,6.290863922885086e-06,1.6130420315089966,47.39030834629912,-1.8221518920984948e+16
135.0,1.4962551260915218e+16,2.6413083980453306e+17,2.641266755987165e+17,2.6412650429048422e+17,-9.94596581228237e-06,-1.035512566094543e-05,0.02250307159651671,9.671288161875254e-07,1.167078998351387e-07,6.07500931550426e-06,1.5576946962831437,52.05311143535102,-1.5762264865636906e+16
137.5,1.3123204773500182e+16,2.5469583721329482e+17,2.5469356289830096e+17,2.5469341607867187e+17,-5.4320704047299466e-06,-5.782740634736287e-06,0.021699240665675478,9.325820631709402e-07,1.0236099723330142e-07,5.858004255905781e-06,1.5020523733091746,57.228870509674735,-1.3577647818949294e+16
140.0,1.1482300720903108e+16,2.4523349168052086e+17,2.4523303667490467e+17,2.4523292597551104e+17,-1.0867547144434685e-06,-1.351153841914556e-06,0.02089308020689463,8.979351925509045e-07,8.956194562304425e-08,5.6403703086519804e-06,1.4462487970902513,62.97730882702838,-1.1646537336556852e+16
142.5,1.0022422000615456e+16,2.3576563331174586e+17,2.357669230678353e+17,2.3576681805512704e+17,3.080508153749105e-06,2.8296913468516543e-06,0.020086450072769085,8.632681363949449e-07,7.817489160480055e-08,5.422609566170155e-06,1.3904127092743988,69.36510502097279,-9947825037451620.0
145.0,8727125276001923.0,2.2631319798725354e+17,2.2631615464095814e+17,2.2631606893779354e+17,7.0617971253867454e-06,6.8571000516232285e-06,0.019281133930867944,8.286575525182925e-07,6.8071577152815e-08,5.2052035537068314e-06,1.3346675778735466,76.46662192094631,-8460756243157588.0
147.5,7580965013335252.0,2.1689618754763856e+17,2.1690073054103853e+17,2.1690065881137152e+17,1.08506781441956e-05,1.0679355964837027e-05,0.01847883587167643,7.941766787012469e-07,5.9131527104014965e-08,4.988612313595687e-06,1.2791313624604326,84.36467918071011,-7165203346108013.0
150.0,6569503244169645.0,2.0753363744930624e+17,2.0753968412307818e+17,2.0753962297091686e+17,1.4442132128716912e-05,1.4296073712646327e-05,0.01768117765295172,7.598952142581042e-07,5.1242125304523234e-08,4.773273661334044e-06,1.2239163234189856,93.15135999858107,-6041883926190996.0
152.5,5679306764517368.0,1.9824359152825235e+17,1.9825105768161734e+17,1.9825101745894195e+17,1.7832477401200225e-05,1.7736407857101805e-05,0.016889696549680658,7.258792276334238e-07,4.429859276323547e-08,4.559602605149804e-06,1.1691288731153344,102.92883635197401,-5072527583235688.0
155.0,4897933456576808.0,1.890430834826665e+17,1.8905188389913488e+17,1.8905185034593894e+17,2.1019287995000372e-05,2.0939148118545075e-05,0.016105843776459006,6.921910885996169e-07,3.8203880961299105e-08,4.3479909201013295e-06,1.1148694666926486,113.8101891927128,-4239996129629442.0
157.5,4213909366238743.5,1.799481246641772e+17,1.7995817360191222e+17,1.799581504498565e+17,2.4001309148809636e-05,2.3946011796867815e-05,0.015330983447346002,6.588894235539555e-07,3.28684930566622e-08,4.1388068672760765e-06,1.0612325300707888,125.92018928708298,-3528362215150407.0
160.0,3616698094872225.5,1.709736977533921e+17,1.7098490939951066e+17,1.709848986166231e+17,2.6778371172621854e-05,2.6752616866596968e-05,0.014566392037041334,6.260290923612323e-07,2.8210245140003357e-08,3.932395048328018e-06,1.00830642264821,139.3959899608143,-2922951664088761.5
162.5,3096663971442148.0,1.6213375588719408e+17,1.621460447757772e+17,1.6214604490001613e+17,2.9351302770201665e-05,2.9351599507689135e-05,0.013813258306533712,5.936611851583117e-07,2.4153978977248754e-08,3.729076385405464e-06,0.9561734321552472,154.38766378483544,-2410354824236263.5
165.0,2645030365111119.0,1.5344122680247318e+17,1.534545081964519e+17,1.5345452574153114e+17,3.17218447577677e-05,3.1763750169244236e-05,0.013072683656133038,5.618330375266185e-07,2.063123684786673e-08,3.5291482164568834e-06,0.9049097990915086,171.05848972994548,-1978412090874948.0
167.5,2253834383111247.5,1.449080215629611e+17,1.449222118003954e+17,1.4492224679051264e+17,3.3892565019009986e-05,3.3976136899279146e-05,0.012345682868967795,5.305882624458978e-07,1.757990818826773e-08,3.3328844959481052e-06,0.8545857681918219,189.5848635985691,-1616178508666511.0
170.0,1915879077478348.0,1.3654504744202086e+17,1.3656006424759034e+17,1.3656010867395789e+17,3.5866775414961494e-05,3.597288523572987e-05,0.011633185208555993,4.999667974652188e-07,1.4943856804331113e-08,3.14053609116648e-06,0.8052656644016616,210.15566010082966,-1313872001000070.8
172.5,1624684160475329.5,1.2836222454402733e+17,1.2837798730680011e+17,1.2837804135625523e+17,3.7648451241860076e-05,3.777754525317438e-05,0.01093603583489166,4.700049655630252e-07,1.267253645170757e-08,2.9523311645126286e-06,0.757007990900674,232.97081651833125,-1062809358161295.4
175.0,1374436105038051.5,1.2036850575977186e+17,1.2038493577852954e+17,1.2038500413918413e+17,3.9242153740293325e-05,3.940542922748851e-05,0.010254997504579144,4.4073554821488745e-07,1.0720601619296801e-08,2.7684756324747526e-06,0.7098655467883981,258.23883125099707,-855333657884761.4
177.5,1159938385780205.2,1.1257189966662387e+17,1.1258892036418214e+17,1.1258898566191514e+17,4.0652956043433015e-05,4.080891591875372e-05,0.009590752521850942,4.1218786924363673e-07,9.047519409085601e-09,2.5891536923323493e-06,0.6638855621364999,286.172770155353,-684736316289413.2
180.0,976562500000000.0,1.0497949600144846e+17,1.0499703310954149e+17,1.0499710698022502e+17,4.1886372870079815e-05,4.206280874413293e-05,0.008943904908775788,3.843878880897779e-07,7.6171875e-09,2.4145284080333147e-06,0.6191098482136704,316.98424228539926,-545176492151762.7
182.5,820200298343760.6,9.759749335307022e+16,9.761547506945488e+16,9.761555284702003e+16,4.294829417350356e-05,4.3134061409333026e-05,0.008314982764564742,3.573583012088873e-07,6.397562327081333e-09,2.2447423471206152e-06,0.5755749608001578,350.8746351119492,-431600107664918.6
185.0,687218052519026.2,9.043122874094334e+16,9.044958586044002e+16,9.044966620161638e+16,4.384492289034117e-05,4.403681316394389e-05,0.007704440785575782,3.311186503754526e-07,5.360300809648405e-09,2.079918261041697e-06,0.5333123746260762,388.02267538752625,-339660315578121.5
187.5,574412593579237.6,8.348520876726862e+16,8.350387478848533e+16,8.350396534960947e+16,4.4582716861663964e-05,4.479901689205142e-05,0.007112662919370873,3.0568543674797053e-07,4.480418229918054e-09,1.9201598016471785e-06,0.49234866708902014,428.56708974740025,-265640844078480.7
190.0,478969769369586.5,7.676314205074723e+16,7.67820532602384e+16,7.678214396287386e+16,4.516833493695289e-05,4.538497295896065e-05,0.006539965127964211,2.8107223962682416e-07,3.735964201082775e-09,1.7655522671671864e-06,0.4527057095300478,472.58275832929166,-206383292313860.94
192.5,398425393992340.2,7.026797267117485e+16,7.0287068206773256e+16,7.028716556884378e+16,4.5608587230352175e-05,4.5841130929551133e-05,0.005986598237190739,2.572898389134051e-07,3.1077180731402535e-09,1.6161633714370217e-06,0.4144008644710312,520.0482583685393,-159219133972581.03
195.0,330628795638889.75,6.4001914374923464e+16,6.402113626994826e+16,6.402123778070938e+16,4.591038944432581e-05,4.615284205213572e-05,0.005452750850899756,2.3434634035526506e-07,2.57890460598334e-09,1.4720440306232397e-06,0.3774471873392922,570.802047973367,-121906914695587.3
197.5,273709011657851.47,5.796648531179722e+16,5.798577852179495e+16,5.798588101689344e+16,4.608072115079116e-05,4.632552479172508e-05,0.004938552310419831,2.122473027369214e-07,2.1349302909312416e-09,1.333229162171336e-06,0.3418536313259836,624.483697587049,-92574900511681.17
200.0,226043630929514.2,5.216254309362394e+16,5.218185550724055e+16,5.218196286078976e+16,4.612658788871602e-05,4.638299565943857e-05,0.00444407568143454,1.9099586624871475e-07,1.7631403212502107e-09,1.1997384911533506e-06,0.30762525414188474,680.4554786102549,-69669246892056.38
202.5,186230243010807.9,4.659031998410963e+16,4.660960241962117e+16,4.660971094566502e+16,4.605498691091177e-05,4.631419511758726e-05,0.003969340752041364,1.7059288133629237e-07,1.4525958954843016e-09,1.0715773596345217e-06,0.27476342554731326,737.698187751834,-51907608422236.43
205.0,153060420518025.16,4.1249458047823544e+16,4.126866423678032e+16,4.126877308420096e+16,4.587287640524597e-05,4.6132852201864745e-05,0.003514317027328647,1.510370374004464e-07,1.1938712800405962e-09,9.487375350999415e-07,0.24326603464101065,794.6732206068989,-38237993870631.06
207.5,125496135175901.97,3.613904410362932e+16,3.615813066298728e+16,3.615824303829811e+16,4.558714799690605e-05,4.585554995610778e-05,0.003078926707292015,1.3232499078092113e-07,9.788698543720353e-10,8.311980143834744e-07,0.21312769599576267,849.1404763064286,-27802586619559.543
210.0,102648488190150.72,3.1257644344364796e+16,3.1276570738395924e+16,3.127668199391232e+16,4.520460233630126e-05,4.547032973097187e-05,0.0026630476363162835,1.1445149151817224e-07,8.006582078831756e-10,7.189258199203903e-07,0.18433995382574112,897.9185036035865,-19906191906881.336
212.5,83758621388551.86,2.6603338500074896e+16,2.662206699326488e+16,2.662218298556416e+16,4.4731927572623585e-05,4.5008968500462344e-05,0.0022665162137695993,9.740950844382197e-08,6.533172468307045e-10,6.118767855017226e-07,0.15689148346198015,936.5691606489604,-13988936036090.844
215.0,68180666218764.93,2.217375343660054e+16,2.219224903865809e+16,2.2192364453888e+16,4.417568051298267e-05,4.445134314386439e-05,0.0018891302564917939,8.119035220364114e-08,5.318091965063665e-10,5.099963290418124e-07,0.13076828949790062,958.9836587861772,-9602824759250.314
217.5,55366582504284.51,1.7966096094822814e+16,1.7984326498843862e+16,1.7984442186334208e+16,4.354227027325958e-05,4.3818583182510787e-05,0.0015306518051087443,6.578379586630577e-08,4.3185934353341914e-10,4.1322021018092477e-07,0.10595390004639096,956.8398052940308,-6391764806231.84
220.0,44852737191027.79,1.3977185688375726e+16,1.3995121203124042e+16,1.3995235759620096e+16,4.28379442254574e-05,4.311155581996633e-05,0.0011908098671707236,5.117819281699814e-08,3.4985135009001674e-10,3.2147527083264174e-07,0.0824295566237543,nan,-4074660753177.4995
222.5,36248074555631.3,1.0203485089188352e+16,1.022109856637861e+16,1.0221213636886528e+16,4.2068776061388605e-05,4.23436153436372e-05,0.0008693030910965043,3.736059167720271e-08,2.827349815339241e-10,2.346801570513321e-07,0.06017439924393131,nan,-2431216200098.847
225.0,29223732931475.04,6641131340845099.0,6658398098239026.0,6658511958179840.0,4.124065579244099e-05,4.151260370486776e-05,0.0005658023658104595,2.431684803096274e-08,2.279451168655053e-10,1.527460208394373e-07,0.03916564636908648,nan,-1290091063185.954
227.5,23503968431840.844,3285965249487516.5,3302862990544756.0,3302976147947520.0,4.035928152071645e-05,4.062955146146387e-05,0.00027995334178926285,1.2031732773507305e-08,1.8333095376835859e-10,7.557720073821288e-08,0.019378769420054585,nan,-519093572539.14874
229.99999999999997,18858252959126.137,133560010879060.31,150068741637509.2,150180879925248.0,3.943015282178764e-05,3.969798866497941e-05,1.137886999286883e-05,4.89036930738755e-10,1.4709437308118386e-10,3.0718802502183873e-09,0.0007876616026200993,nan,-17114563525.079296
232.50000000000003,15094421588042.805,-2820751159645344.5,-2804649215846764.5,-2804538213924864.0,3.845856559147732e-05,3.872368729029774e-05,-0.00024031864415541586,-1.032832717226901e-08,1.1773648838673388e-10,-6.487727667184292e-08,-0.01663519914662639,nan,292458533072.81213
235.0,12052752857276.297,-5581848420265862.0,-5566168909667608.0,-5566059646025728.0,3.744960821676658e-05,3.771057813385052e-05,-0.00047555497394814505,-2.0438228488672244e-08,9.401147228675511e-11,-1.2838251366611484e-07,-0.032918593247721756,nan,467081043076.71686
237.5,9600874308318.928,-8154799738062648.0,-8139556264466156.0,-8139448894095360.0,3.6408158945651015e-05,3.66646068937679e-05,-0.0006947618933733087,-2.985922364368872e-08,7.488681960488764e-11,-1.875603939754409e-07,-0.04809240871165152,nan,549348303127.7941
240.0,7629394531250.003,-1.054483637994363e+16,-1.0530040593343786e+16,-1.0529935886123008e+16,3.53388843325725e-05,3.5588971500219124e-05,-0.0008983850890226608,-3.861046719335426e-08,5.950927734375002e-11,-2.425312367387035e-07,-0.06218749659966756,nan,570428544669.9517
242.49999999999997,6048171819222.974,-1.2757329466946598e+16,-1.2742991152409466e+16,-1.274288879435776e+16,3.4246238652637295e-05,3.449071496522374e-05,-0.001086882162596012,-4.671162577687966e-08,4.717574018993919e-11,-2.9341857773977175e-07,-0.07523553275378762,nan,552784330616.0952
245.00000000000003,4783138141188.276,-1.4797767594880922e+16,-1.478389476130381e+16,-1.4783796050132992e+16,3.313446418264494e-05,3.337023013022267e-05,-0.0012607207242541216,-5.418279617346561e-08,3.7308477501268554e-11,-3.403486546822612e-07,-0.08726888581596441,nan,512312909435.0737
247.5,3773605397010.714,-1.6671735519917426e+16,-1.6658334488347404e+16,-1.6658236815966208e+16,3.200759225570022e-05,3.2240877114080697e-05,-0.0014203765767016425,-6.104442725848079e-08,2.943412209668357e-11,-3.834499169581008e-07,-0.09832049152771816,nan,460015630741.56586
250.0,2969988733430.6533,-1.8384893903844652e+16,-1.837196939506639e+16,-1.837187507997901e+16,3.0869445006395515e-05,3.109471116182349e-05,-0.0015663319895501259,-6.731724583966352e-08,2.3165912120759097e-11,-4.22852559788427e-07,-0.10842373327908386,nan,403288675952.26953
252.49999999999997,2331889013383.221,-1.9942960110242656e+16,-1.9930515331379892e+16,-1.993042207493325e+16,2.9723637726722623e-05,2.9946375379701055e-05,-0.0016990740632157157,-7.302218634131268e-08,1.8188734304389124e-11,-4.586880825355811e-07,-0.11761232885527721,nan,346911716902.0669
255.00000000000003,1826483308217.1794,-2.1351690039751684e+16,-2.1339726769655396e+16,-2.1339637351972864e+16,2.8573581763912613e-05,2.87871507498507e-05,-0.0018190931813442817,-7.818032429317868e-08,1.4246569804094e-11,-4.910888709142888e-07,-0.1259202233113561,nan,293797592946.34705
257.5,1427178504712.4624,-2.2616860989891256e+16,-2.260537966311524e+16,-2.260529334714368e+16,2.7422487894383046e-05,2.7628648622265172e-05,-0.0019268815505248474,-8.281281357079893e-08,1.1131992336757206e-11,-5.201878027674989e-07,-0.13338148788910228,nan,245554528147.17374
260.0,1112488784385.7888,-2.374425552249034e+16,-2.3733255311678844e+16,-2.373317108642611e+16,2.627337011642688e-05,2.6474537282774712e-05,-0.002022931825848143,-8.694082732525384e-08,8.677412518209153e-12,-5.461178770172779e-07,-0.1400302248762251,nan,202902610952.7027
262.5,865102851629.448,-2.473964631968695e+16,-2.472912521622216e+16,-2.472904515334963e+16,2.5129049806465334e-05,2.5320275367371322e-05,-0.0021077358206879945,-9.058550253262127e-08,6.747802242709694e-12,-5.690118653527999e-07,-0.14590047829558972,nan,165978038160.7535
265.0,671111379413.1111,-2.5608782007624956e+16,-2.559873690040193e+16,-2.559866006667264e+16,2.3992160191511403e-05,2.4175673129727032e-05,-0.002181783298927304,-9.376788808670449e-08,5.234668759422266e-12,-5.89001986175374e-07,-0.15102615030137795,nan,134551792878.19592
267.5,519369233217.16003,-2.635737392538803e+16,-2.6347800677603508e+16,-2.6347728132898816e+16,2.2865151092941322e-05,2.303841994287717e-05,-0.002245560847715104,-9.650889635279536e-08,4.0510800190938486e-12,-6.062196002839248e-07,-0.1554409231497243,nan,108183800020.63557
270.0,400970656992.7767,-2.6991083815346812e+16,-2.6981977339205468e+16,-2.698191011892429e+16,2.1750293900540562e-05,2.191084567150542e-05,-0.0022995508287249567,-9.882925809523982e-08,3.127571124543658e-12,-6.207949277529767e-07,-0.15917818660332736,nan,86329011707.27106
272.5,308818793727.6778,-2.7515512409935416e+16,-2.750686673919186e+16,-2.7506802367135744e+16,2.064968674171422e-05,2.0803435691118316e-05,-0.002344230405786164,-1.0074948068732602e-07,2.4087865910758868e-12,-6.328567854285146e-07,-0.16227097062269605,nan,68408162141.97593
275.0,237273703657.23502,-2.7936188888896532e+16,-2.792799724916644e+16,-2.792793679541043e+16,1.9565259809767653e-05,1.970965012498474e-05,-0.002380070646676013,-1.0228980950843863e-07,1.850734888526433e-12,-6.425323444446203e-07,-0.1647518831909283,nan,53852956478.90151
277.5,181865471690.2421,-2.8258561180229468e+16,-2.825081605701509e+16,-2.825075942227968e+16,1.849878082300692e-05,1.8634049627425218e-05,-0.0024075356967927153,-1.0347019243047533e-07,1.4185506791838883e-12,-6.499469071452778e-07,-0.1666530531141738,nan,42133096230.986694
280.0,139061098048.22357,-2.8487987077421624e+16,-2.8480680281809292e+16,-2.84806260719616e+16,1.7451860585004063e-05,1.758133768474097e-05,-0.0024270820223729873,-1.0431024729312753e-07,1.0846765647761438e-12,-6.552237027806973e-07,-0.16800607763607625,nan,32770686425.96739
282.5,106075677011.43742,-2.862972614503283e+16,-2.862284887703053e+16,-2.862280022687744e+16,1.6425958621225683e-05,1.6542156710535575e-05,-0.0024391577208746807,-1.0482923226575624e-07,8.273902806892119e-13,-6.584837013357552e-07,-0.1688419747014757,nan,25346123536.97955
285.0,80719920810.27588,-2.8688932384318548e+16,-2.8682475293811296e+16,-2.8682429405331456e+16,1.542238886867537e-05,1.5531990860453248e-05,-0.0024442018961121988,-1.0504601899218955e-07,6.296153823201518e-13,-6.598454448393267e-07,-0.16919113970239144,nan,19498448832.142056
287.5,61277409753.85833,-2.8670647630311604e+16,-2.866460087562164e+16,-2.86645580464128e+16,1.4442325396767421e-05,1.454462049591871e-05,-0.0024426440957097642,-1.0497906841379402e-07,4.77963796080095e-13,-6.594248954971669e-07,-0.16908330653773512,nan,14922302521.969015
290.0,46406073959.85418,-2.857979565162394e+16,-2.857414895567056e+16,-2.857410818264269e+16,1.348680814035294e-05,1.3584192169659808e-05,-0.002434903808424089,-1.0464640916559142e-07,3.619673768868626e-13,-6.573352999873506e-07,-0.1685475128172694,nan,11362974550.626469
292.5,35059362401.07644,-2.8421176924168864e+16,-2.841591962823042e+16,-2.841588158745805e+16,1.255674862685128e-05,1.2647606821223318e-05,-0.002421390018882847,-1.0406561843997102e-07,2.734630267283962e-13,-6.536870692558839e-07,-0.16761206903997022,nan,8610572568.0763
295.0,26423354804.580067,-2.8199464050033304e+16,-2.8194585165120524e+16,-2.819454903779328e+16,1.165293568146511e-05,1.1739223722327646e-05,-0.0024025008172877805,-1.0325380521265179e-07,2.0610216747572452e-13,-6.48587673150766e-07,-0.1663045315771195,nan,6493979535.84229
297.5,19866742193.840244,-2.7919197792840204e+16,-2.7914686048696424e+16,-2.7914652461563904e+16,1.0776041095164474e-05,1.0856262027196541e-05,-0.002378623061640726,-1.0222759572595551e-07,1.549605891119539e-13,-6.421415492353247e-07,-0.1646516792911089,nan,4875022793.851031
300.0,14901161193.84765,-2.7584783701126664e+16,-2.7580627592876052e+16,-2.7580598495215616e+16,9.926625242322451e-06,9.996123328791683e-06,-0.0023501320900666265,-1.0100312112513007e-07,1.1622905731201167e-13,-6.344500251259133e-07,-0.16267949362202905,nan,3643099555.1382256
302.5,11149832068.066065,-2.7200489291516776e+16,-2.719667712398682e+16,-2.7196649893789696e+16,9.105142635601686e-06,9.170180393481239e-06,-0.002317391480829204,-9.959600714439029e-08,8.696869013091531e-14,-6.256112537048858e-07,-0.16041314197561177,nan,2710382039.0768304
305.0,8322835231.782819,-2.6770441763783308e+16,-2.6766961693532548e+16,-2.676693626834125e+16,8.311947406846953e-06,8.372674012250527e-06,-0.002280752857661789,-9.802136574049733e-08,6.491811480790599e-14,-6.157201605670161e-07,-0.15787696424795283,nan,2007644268.3030977
307.5,6197678224.469495,-2.6298626220263816e+16,-2.629546629535014e+16,-2.629544549600461e+16,7.54729870361794e-06,7.596976742767025e-06,-0.0022405557380674778,-9.629378857305801e-08,4.834189015086206e-14,-6.048684030660678e-07,-0.15509446232463278,nan,1480700749.2884464
310.0,4604065663.84915,-2.57888843625195e+16,-2.5786032560047876e+16,-2.5786012982575104e+16,6.811365992878505e-06,6.8581256592973954e-06,-0.002197127422278793,-9.442734223227359e-08,3.5911712178023367e-14,-5.931443403379486e-07,-0.1520882923943458,nan,1087416320.001583
312.5,3411997862.5420604,-2.5244913638592852e+16,-2.5242357900085132e+16,-2.524234098986189e+16,6.10423426285229e-06,6.144623357357343e-06,-0.0021507829206068594,-9.243556511657903e-08,2.661358332782807e-14,-5.806330136876356e-07,-0.14888025991990658,nan,795229990.9360206
315.0,2522497525.321107,-2.467026681473025e+16,-2.466799507936252e+16,-2.466798145581875e+16,5.425909116261537e-06,5.458448166089558e-06,-0.0021018249169535916,-9.033146586448321e-08,1.9675480697504635e-14,-5.674161367387957e-07,-0.14549131711251173,nan,579128900.4147452
317.5,1860405026.4697144,-2.4068351945981852e+16,-2.4066352181737652e+16,-2.4066340289511424e+16,4.776321748175469e-06,4.804725645750776e-06,-0.002050543766306901,-8.812752324691872e-08,1.451115920646377e-14,-5.535720947575826e-07,-0.14194156275835454,nan,420008110.0016543
320.0,1368796911.3472793,-2.3442432720670656e+16,-2.3440692953460776e+16,-2.344068381356851e+16,4.155333802678658e-06,4.177163909064018e-06,-0.0019972175240883187,-8.583568742853339e-08,1.0676615908508779e-14,-5.391759525754251e-07,-0.138250244250109,nan,303355422.34805405
322.5,1004674283.5614086,-2.2795629154330904e+16,-2.279413749513259e+16,-2.279413017424691e+16,3.56274210343919e-06,3.580227617339494e-06,-0.0019421120052742448,-8.346738250858174e-08,7.836459411778987e-15,-5.242994705496109e-07,-0.1344357616793874,nan,218205994.37424242
325.0,735641653.8864932,-2.2130918609349696e+16,-2.212966327941989e+16,-2.21296579313664e+16,2.9982832537723275e-06,3.011056771580352e-06,-0.001885480871266034,-8.103351025439596e-08,5.738004900314647e-15,-5.09011128015043e-07,-0.13051567385001103,nan,156318076.75392872
327.5,537355991.1516274,-2.145113711720136e+16,-2.1450106471420224e+16,-2.1450101763342336e+16,2.4616381022826424e-06,2.472883075220717e-06,-0.0018275657425399774,-7.854445494281577e-08,4.191376730982694e-15,-4.933761536956313e-07,-0.12650670607580292,nan,111527972.63078827
330.0,391572907.2195082,-2.0758980980838612e+16,-2.07581635292408e+16,-2.0758161057120256e+16,1.952436071419104e-06,1.958340588990445e-06,-0.001768596335165716,-7.601008922742707e-08,3.0542686763121637e-15,-4.774565625592881e-07,-0.12242475963058669,nan,79248800.1171099
332.5,284654420.57900614,-2.005700863549429e+16,-2.005639306304665e+16,-2.005639131824128e+16,1.4702593457043955e-06,1.4744267128576399e-06,-0.001708790619340377,-7.343978095198431e-08,2.2203044805162477e-15,-4.6131119861636867e-07,-0.11828492272214582,nan,56083593.49469497
335.0,206432459.41078272,-1.9347642746850908e+16,-1.934721793153591e+16,-1.9347217055744e+16,1.01464691843469e-06,1.016738696987234e-06,-0.001648354998145662,-7.084240083296758e-08,1.6101731834041053e-15,-4.449957831775709e-07,-0.11410148286604382,nan,39528555.33990609
337.5,149345725.78393635,-1.863317252624773e+16,-1.8632927555512816e+16,-1.863292963468083e+16,5.850984945951926e-07,5.801325215102481e-07,-0.0015874845047958107,-6.822633093683372e-08,1.1648966611147035e-15,-4.285629681036978e-07,-0.10988794053940969,nan,27746836.12110652
340.0,107786002.60234527,-1.791575624331617e+16,-1.791568042894947e+16,-1.791568298115072e+16,1.8107824937045148e-07,1.7498246364398338e-07,-0.001526363016705806,-6.559947388016169e-08,8.407308202982932e-16,-4.120623935962719e-07,-0.10565702399904409,nan,19397087.137983467
342.5,77604461.6946884,-1.719742391716014e+16,-1.7197506808653238e+16,-1.7197509688426496e+16,-1.979815582616837e-07,-2.0485973086722602e-07,-0.0014651634847710118,-6.296926268354931e-08,6.053148012185695e-16,-3.955407500946832e-07,-0.10142070515248287,nan,13504258.802281225
345.0,55739847.05252665,-1.6480080167926522e+16,-1.6480311564385254e+16,-1.6480316721987584e+16,-5.52677117564216e-07,-5.6499575374779e-07,-0.001404048176311523,-6.034267121278715e-08,4.3477080700970788e-16,-3.7904184386231003e-07,-0.09719021637495129,nan,9362768.316278977
347.5,39939222.99792855,-1.5765507211341342e+16,-1.5765877172005234e+16,-1.5765883272036352e+16,-8.836297428768651e-07,-8.981993159542686e-07,-0.0013431689301967157,-5.772622514350849e-08,3.115259393838427e-16,-3.626066658608509e-07,-0.09297606816944895,nan,6464314.196604407
350.0,28548822.961424943,-1.5055367979515444e+16,-1.5055866832946324e+16,-1.5055874712141824e+16,-1.1914826950100201e-06,-1.2103016997671692e-06,-0.0012826674227275402,-5.512601338818164e-08,2.2268081909911454e-16,-3.4627346352885524e-07,-0.08878806757150134,nan,4444344.501347799
352.5,20357833.60098586,-1.4351209352049664e+16,-1.4351827704049542e+16,-1.435183723053056e+16,-1.476898146174528e-06,-1.4996515975385197e-06,-0.001222675442915967,-5.2547699926969804e-08,1.587911020876897e-16,-3.300778150971423e-07,-0.08463533720439546,nan,3042560.83438612
355.0,14482037.576735491,-1.3654465482190534e+16,-1.3655194222508422e+16,-1.36552042725376e+16,-1.7405542874346183e-06,-1.7645582034321676e-06,-0.0011633151758624223,-4.999653598662326e-08,1.1295989309853683e-16,-3.140527060903823e-07,-0.08052633489496981,nan,2073923.8978701532
357.5,10277382.890392726,-1.2966461203503032e+16,-1.29672915113896e+16,-1.2967301909315584e+16,-1.9831425768305315e-06,-2.007977424316849e-06,-0.0011046994929930075,-4.747737251418888e-08,8.016358654506327e-17,-2.9822860768056976e-07,-0.07646887376424866,nan,1407473.2089090862
360.0,7275957.614183429,-1.2288415503234152e+16,-1.228933885190247e+16,-1.2289349911576576e+16,-2.2053651266279204e-06,-2.2317805213992942e-06,-0.0010469322479785576,-4.499467289491167e-08,5.675246939063075e-17,-2.826335565743855e-07,-0.0724701427113809,nan,950930.1949331516
362.5,5138691.44519639,-1.1621445049239742e+16,-1.1622453209289478e+16,-1.1622464970817536e+16,-2.4079322275921903e-06,-2.436023960114228e-06,-0.0009901085772171098,-4.255252586626091e-08,4.008179327253184e-17,-2.6729323613251406e-07,-0.06853672721346514,nan,639559.2345374709
365.0,3620509.3941838723,-1.0966567758035528e+16,-1.0967652799896976e+16,-1.0967664994287616e+16,-2.5915600079088945e-06,-2.6206856077832333e-06,-0.0009343152038200196,-4.0154658582534675e-08,2.82399732746342e-17,-2.5223105843481717e-07,-0.06467463036790184,nan,428147.44676788826
367.5,2544729.2001232454,-1.0324706392210082e+16,-1.032586068766352e+16,-1.0325873399955456e+16,-2.7569682246626817e-06,-2.7873308019610684e-06,-0.0008796307440996135,-3.7804449786974645e-08,1.9848887760961315e-17,-2.374682470208319e-07,-0.06088929410790561,nan,285257.26635209983
370.0,1784301.4350890645,-9696692176102436.0,-9697908398927046.0,-9697922337734656.0,-2.904878184846256e-06,-2.938170224207581e-06,-0.0008261260156129321,-3.5504943050757845e-08,1.3917551193694702e-17,-2.2302392005035603e-07,-0.05718562052573232,nan,189127.04931557845
372.5,1248100.7186852735,-9083268419298396.0,-9084539545103800.0,-9084553763225600.0,-3.036010793085758e-06,-3.069969958306614e-06,-0.0007738643458715986,-3.325886004061699e-08,9.735185605745133e-18,-2.0891517364386313e-07,-0.053567993242016186,nan,124760.79904375119
375.0,870935.1101957192,-8485094138136657.0,-8486413443429036.0,-8486428027650048.0,-3.1510847234863332e-06,-3.1859182955945695e-06,-0.0007229018808821298,-3.106861377917362e-08,6.793293859526609e-18,-1.9515716517714312e-07,-0.05004029876337003,nan,81871.70229726683
377.5,606284.8569897538,-7902747666038589.0,-7904108726571865.0,-7904123340980224.0,-3.250814712046275e-06,-3.285720384894593e-06,-0.0006732878927340602,-2.893632186434846e-08,4.72902188452008e-18,-1.8176319631888756e-07,-0.04660594777407373,nan,53435.746550367476
380.0,421039.0726654094,-7336730244082009.0,-7338126932543453.0,-7338141140647936.0,-3.3359099669718518e-06,-3.3698452064078635e-06,-0.0006250650855049207,-2.6863819616434173e-08,3.2841047667901934e-18,-1.6874479561388622e-07,-0.04326789631125288,nan,34679.16542852854
382.5,291690.87067175,-6787469583830481.0,-6788896066908394.0,-6788910386511872.0,-3.407072692794246e-06,-3.441274241159554e-06,-0.0005782698988014783,-2.485267312358029e-08,2.27518879123965e-18,-1.5611180042810107e-07,-0.04002866677643617,nan,22372.898984144405
385.0,201594.19864334163,-6255323395003112.0,-6256774129883198.0,-6256788634599424.0,-3.4649967258332942e-06,-3.4996404053381612e-06,-0.0005329328083055041,-2.2904192158539702e-08,1.5724347494180647e-18,-1.4387243808507158e-07,-0.036890368739761946,nan,14343.28460368492
387.5,138991.41629834246,-5740582871127486.0,-5742052601462759.0,-5742066868944896.0,-3.5103662767637624e-06,-3.5444433363073086e-06,-0.0004890786227398436,-2.1019442941568345e-08,1.0841330471270712e-18,-1.320334060359322e-07,-0.03385471949639287,nan,9134.310429345034
390.0,95598.85430163764,-5243476126857589.0,-5244959878255311.0,-5244974333427712.0,-3.5438547770716952e-06,-3.5783801240033494e-06,-0.00044672677671650453,-1.9199260726343625e-08,7.456710635527736e-19,-1.2059995091772456e-07,-0.03092306433787809,nan,5775.594293501957
392.5,65595.21376362666,-4764171581160467.0,-4765664656228201.0,-4765678531772416.0,-3.5661238260259843e-06,-3.5992647644111427e-06,-0.0004058916189729401,-1.744426218767846e-08,5.116426673562879e-19,-1.0957594636669074e-07,-0.02809639650427968,nan,3623.7589081309247
395.0,44900.003288970795,-4302781281079578.5,-4304279254070757.5,-4304293280612352.0,-3.577822234145393e-06,-3.6113238210768563e-06,-0.0003665826955456638,-1.5754857591653783e-08,3.502200256539722e-19,-9.896396946483031e-08,-0.025375376785853925,nan,2254.513437007622
397.5,30660.225938763382,-3859364161268362.5,-3860862872366375.0,-3860876562006016.0,-3.5795851598160303e-06,-3.6122820758308233e-06,-0.00032880502747169977,-1.4131262730570303e-08,2.3914976232235436e-19,-8.876537570917234e-08,-0.022760352745941625,nan,1389.5952871336317
400.0,20886.183339649695,-3433929234955316.0,-3435424784233533.5,-3435438576500736.0,-3.57203333529748e-06,-3.6049753713334836e-06,-0.0002925593826482247,-1.2573510606833247e-08,1.6291223004926761e-19,-7.898037240397227e-08,-0.02025137753948007,nan,847.5601076239113
402.5,14193.763934858003,-3026438712451114.5,-3027927453544838.0,-3027940937826304.0,-3.5557723786579175e-06,-3.587978808496521e-06,-0.0002578425415190327,-1.108146285152845e-08,1.1071135869189242e-19,-6.960809038637563e-08,-0.017848228304198882,nan,510.80534761127973
405.0,9622.564412388308,-2636811043739564.5,-2638289577264238.0,-2638302846910464.0,-3.5313921877474527e-06,-3.5630859736742997e-06,-0.00022464755629319374,-9.654820865027487e-09,7.505600241662881e-20,-6.064665400600999e-08,-0.015550424104105126,nan,303.5882425809688
407.5,6507.869458278748,-2264923882106831.5,-2266389048855417.5,-2266402165620736.0,-3.4994664127392796e-06,-3.53079505142165e-06,-0.00019296400343643585,-8.293136668470324e-09,5.076138177457424e-20,-5.209324928845713e-08,-0.0133572434072967,nan,177.4516925600303
410.0,4390.779174660817,-1910616966158113.0,-1912065840109062.2,-1912078503772160.0,-3.4605520037449524e-06,-3.4907984338632924e-06,-0.00016277822920940745,-6.995823456419362e-09,3.424807756235438e-20,-4.39441902216366e-08,-0.011267741082470924,nan,101.6153158424434
412.5,2955.283272013402,-1573694917947732.2,-1575124799113366.0,-1575137111441408.0,-3.415188829648827e-06,-3.44459611621685e-06,-0.00013407358805908186,-5.762165842358386e-09,2.3051209521704535e-20,-3.619498311279784e-08,-0.009280764900717395,nan,56.67658832194749
415.0,1984.3185500580864,-1253929955307139.5,-1255338362450981.0,-1255350355361792.0,-3.3638993651008954e-06,-3.392543742005146e-06,-0.00010683067370010797,-4.591329790022717e-09,1.5477684690453074e-20,-2.884038897206421e-08,-0.007394971531298515,nan,30.50653311640178
417.5,1329.1635594446689,-951064516796843.5,-952449180046776.4,-952460873039872.0,-3.3071884417052703e-06,-3.33511648241601e-06,-8.102754275200936e-05,-3.482372224797304e-09,1.0367475763668417e-20,-2.18744838863274e-08,-0.005608842022135231,nan,15.592113010238252
420.0,888.1784197001263,-664813798031658.4,-666172651414513.8,-666183988674560.0,-3.2455430603572815e-06,-3.2726214531631733e-06,-5.6639930825684134e-05,-2.4342503206036294e-09,6.927791673660984e-21,-1.5290717354728144e-08,-0.003920696757622601,nan,7.3267204391287954
422.5,592.075055654056,-394868198435459.1,-396199372357160.1,-396210397511680.0,-3.1794322612104013e-06,-3.205765207937999e-06,-3.364146097879558e-05,-1.4458304588195704e-09,4.6181854341016365e-21,-9.08196856401556e-09,-0.0023287098882091182,nan,2.918204515244223
425.0,393.7386692252756,-140895677771276.72,-142197491465273.2,-142208112001024.0,-3.1093070479392552e-06,-3.134673586035437e-06,-1.2003844484321266e-05,-5.158968568369929e-10,3.0711616199571496e-21,-3.240600588739365e-09,-0.0008309232278818884,nan,0.6965539490201765
427.5,261.2126052459826,97455977934382.3,96185023968916.45,96174778351616.0,-3.0356003632882453e-06,-3.0600714302540485e-06,8.302926120209609e-06,3.568401351384306e-10,2.0374583209186642e-21,2.241487492490793e-09,0.0005747403826899469,nan,-0.3215132108603506
430.0,172.8760971123498,320556981196947.94,319318212747127.8,319308370542592.0,-2.9587271124534263e-06,-2.9822346512599316e-06,2.7310391713351078e-05,1.1737360694990321e-09,1.3484335574763285e-21,7.372810567529803e-09,0.0018904642480845647,nan,-0.7039936363307897
432.5,114.13807003546208,528793458492020.9,527588035154636.2,527578582482944.0,-2.8790842314574966e-06,-2.9016613934968243e-06,4.505144899028717e-05,1.936204768430523e-09,8.902769462766041e-22,1.2162249545316481e-08,0.0031185255244401233,nan,-0.7711925040955475
435.0,75.17628447178294,722565455943743.8,721394378602490.8,721385324281856.0,-2.7970507973852937e-06,-2.8186765208615182e-06,6.156018055409503e-05,2.6457110216361764e-09,5.863750188799069e-22,1.6619005486706107e-08,0.004261283458129771,nan,-0.6980835407345309
437.5,49.39533630918596,902285034730155.1,901149152970395.6,901140510146560.0,-2.7129881775966613e-06,-2.733631064662711e-06,7.687169265059742e-05,3.3037636125644083e-09,3.8528362321165044e-22,2.0752555798793568e-08,0.005321168153536813,nan,-0.5760601687591277
440.0,32.37768496578185,1068374455456512.1,1067274474902407.2,1067266288386048.0,-2.6272402151299635e-06,-2.6467932380634856e-06,9.102196048299104e-05,3.911908670397207e-09,2.5254594273309847e-22,2.457261247549978e-08,0.006300669865512764,nan,-0.4496577201583383
442.5,21.17192741602689,1221264450565885.2,1220200940125945.0,1220193229471744.0,-2.540133447445643e-06,-2.5585499010149635e-06,0.00010404768102695861,4.471723344391618e-09,1.6514103384500974e-22,2.8089082363015363e-08,0.00720232881102958,nan,-0.338020839500555
445.0,13.811147286162674,1361392583688623.2,1360365982696789.8,1360358547652608.0,-2.4519773559379917e-06,-2.469735530846327e-06,0.0001159861332526842,4.984809796552422e-09,1.0772694883206885e-22,3.131202942483834e-08,0.008028725493548291,nan,-0.24719133167619728
447.5,8.98780981450331,1489201694677789.5,1488212319918292.0,1488205362757632.0,-2.3630646435396363e-06,-2.379681421173443e-06,0.0001268750456470293,5.452789508048463e-09,7.010491655312582e-23,3.425163897758916e-08,0.008782471532715169,nan,-0.17695405714663476
450.0,5.834891009621451,1605138428936314.5,1604186481541511.5,1604179814514688.0,-2.273671538084473e-06,-2.289595347756093e-06,0.00013675247091708345,5.877297894267476e-09,4.551214987504732e-23,3.691818386553523e-08,0.00946620099116288,nan,-0.12451390207028683
452.5,3.7789085269990106,1709651849512481.5,1708737421723981.0,1708731129659392.0,-2.184058118859997e-06,-2.1990863528253403e-06,0.00014565666774530247,6.259979222931478e-09,2.9475486510592285e-23,3.9321992538787074e-08,0.010082562189432584,nan,-0.08636797405874097
455.0,2.441488975502993,1803192130323556.0,1802315212107809.2,1802309206016000.0,-2.0944686641889653e-06,-2.10881386863657e-06,0.0001536259894564954,6.602481829267077e-09,1.9043614008923346e-23,4.147341899744179e-08,0.010634209999344049,nan,-0.059179086439608626
457.5,1.5736129200912499,1886209328761887.5,1885369814272427.8,1885364209844224.0,-2.005132017708985e-06,-2.01851787176318e-06,0.0001606987794479349,6.9064536218388385e-09,1.227418077671175e-23,4.338281456152341e-08,0.011123798605518823,nan,-0.04011797362962684
459.99999999999994,1.0118026551806878,1959152235843640.2,1958349929722989.0,1958344696791040.0,-1.9162619713174573e-06,-1.9287605279584327e-06,0.00016691327322584237,7.173537872309015e-09,7.892060710409364e-24,4.5060501424403726e-08,0.011553974724206084,nan,-0.026939027871285857
462.5,0.6490056442600927,2022467301976698.8,2021701925491808.2,2021697075019776.0,-1.8280576627606592e-06,-1.83964273591303e-06,0.00017230750688437615,7.4053692820808354e-09,5.062244025228723e-24,4.651674794546407e-08,0.011927371268067711,nan,-0.017935017667097455
465.00000000000006,0.4152942229250522,2076597636350834.8,2075868833356812.8,2075864263032832.0,-1.7407039857717017e-06,-1.751619941434364e-06,0.00017691923185699204,7.603570318513517e-09,3.239294938815407e-24,4.7761745636069203e-08,0.01224660144514595,nan,-0.011847351862150888
467.5,0.2651050878493166,2121982077889744.2,2121289420617294.2,2121285152800768.0,-1.6543720111159071e-06,-1.6645654451422791e-06,0.00018078583576463798,7.769747813164805e-09,2.0678196852246692e-24,4.880558779146412e-08,0.012514253279862596,nan,-0.007769650410931529
470.0,0.16882431358627836,2159054335650103.8,2158397330312900.0,2158393401802752.0,-1.5692194166662902e-06,-1.5786024369459265e-06,0.00018394426918060433,7.90548981431737e-09,1.3168296459729711e-24,4.9658249719952386e-08,0.012732884543577535,nan,-0.005061235105299601
472.49999999999994,0.10725231609884302,2188242196507348.0,2187620288726283.5,2187616761937920.0,-1.485390924791853e-06,-1.4938144557208882e-06,0.0001864309781279798,8.012362685879066e-09,8.365680655709754e-25,5.0329570519669003e-08,0.012905018081966412,nan,-0.003276151447291006
475.0,0.06797248120716816,2209966797930897.8,2209379377972750.8,2209376140001280.0,-1.4030187456083129e-06,-1.410752454019477e-06,0.00018828184212251264,8.091908444611564e-09,5.301853534159117e-25,5.082923635241065e-08,0.013033137526259142,nan,-0.002108009534994385
477.50000000000006,0.04297484550777785,2224641963622367.0,2224088371451121.2,2224085597683712.0,-1.3222230244438301e-06,-1.3288480081835914e-06,0.00018953211757118902,8.14564232753508e-09,3.3520379496066725e-25,5.116676516331444e-08,0.013119683375208831,nan,-0.0013486768848780337
